,Month,DayOfWeek,Time,CarrierDelay
6790063,12,2,9,6.0
4876735,9,5,21,10.0
866551,2,5,7,15.0
2668086,5,1,20,8.0
4221159,7,4,7,18.0
3724136,7,5,7,127.0
6443660,11,5,13,80.0
4146465,7,4,6,21.0
3867060,7,2,17,62.0
4226324,7,2,17,192.0
3803702,7,3,17,40.0
2737400,5,5,23,10.0
327361,1,2,7,7.0
3235830,6,7,8,73.0
168794,1,4,20,30.0
711181,2,5,17,48.0
235695,1,2,7,48.0
1050385,2,2,8,9.0
4972386,9,6,8,20.0
3591225,6,1,19,36.0
638301,2,2,10,29.0
1570662,3,6,21,57.0
2965949,5,5,16,13.0
2901866,5,4,22,56.0
3128186,6,4,19,91.0
6530870,12,2,19,15.0
1410623,3,4,21,6.0
2663809,5,4,15,51.0
5436767,10,7,20,1.0
2263507,4,4,15,66.0
4803704,8,2,12,14.0
6963198,12,4,12,13.0
6261588,11,4,22,1.0
78578,1,7,16,9.0
3771141,7,1,7,18.0
2879072,5,5,18,24.0
1318171,3,6,18,21.0
3432835,6,5,12,73.0
2263138,4,7,17,44.0
130317,1,3,14,131.0
1766050,3,7,14,30.0
3138424,6,3,14,53.0
5415824,10,7,18,21.0
3900490,7,3,22,16.0
3868915,7,5,17,27.0
3151763,6,7,16,58.0
1297479,3,3,18,8.0
6958013,12,7,14,38.0
2517145,5,4,16,15.0
6534017,12,3,16,10.0
6422028,11,6,18,2.0
6709549,12,7,13,16.0
6516336,12,5,8,16.0
6044394,11,3,8,30.0
3497153,6,1,19,95.0
5631206,10,6,6,6.0
2562758,5,1,14,20.0
4427614,8,5,21,15.0
1896957,4,3,21,4.0
1926896,4,6,19,152.0
4823655,8,6,17,12.0
1384729,3,1,8,16.0
1288658,3,6,10,7.0
2239970,4,2,15,30.0
3769241,7,7,15,28.0
3771253,7,1,9,112.0
5111179,9,1,18,44.0
5691678,10,2,15,34.0
1356414,3,5,17,143.0
6600558,12,3,18,43.0
6471864,12,5,8,27.0
3302714,6,7,8,77.0
932661,2,2,10,2.0
4040078,7,4,20,15.0
6294676,11,6,7,13.0
4040193,7,2,9,7.0
6297292,11,3,14,5.0
584391,1,3,14,3.0
986129,2,4,13,10.0
3272740,6,7,13,11.0
6707905,12,5,9,2.0
3145274,6,5,7,18.0
3909087,7,3,22,14.0
408726,1,4,16,52.0
993432,2,1,20,24.0
2896266,5,1,18,4.0
4783164,8,4,15,6.0
6944194,12,3,10,14.0
4104051,7,5,16,10.0
37970,1,1,14,1.0
3205005,6,3,6,15.0
3237623,6,7,20,33.0
6954897,12,1,22,31.0
4799134,8,1,21,200.0
3273576,6,7,10,26.0
2041337,4,5,18,7.0
268281,1,4,23,22.0
6520078,12,6,11,83.0
6928408,12,7,19,119.0
801848,2,7,6,255.0
552157,1,5,17,9.0
513828,1,6,6,59.0
3057041,6,6,14,6.0
3252103,6,5,16,11.0
1207075,3,3,9,50.0
5194369,9,1,21,32.0
4351451,8,6,13,130.0
1778987,3,6,18,68.0
3110267,6,7,16,38.0
1661869,3,7,14,14.0
4116201,7,2,9,55.0
1238752,3,6,16,32.0
2774453,5,2,15,9.0
4724931,8,4,6,35.0
6876551,12,2,14,40.0
5242313,9,5,8,87.0
3710354,7,4,18,28.0
3481528,6,3,18,142.0
330104,1,3,14,26.0
4245632,8,3,8,25.0
1073168,2,7,16,25.0
951705,2,3,16,7.0
1512021,3,7,16,53.0
3978184,7,6,9,4.0
5086779,9,5,7,20.0
6120737,11,1,17,16.0
5250120,9,6,16,13.0
3909845,7,3,19,26.0
1293841,3,7,6,13.0
6934798,12,4,9,41.0
210791,1,7,15,27.0
1649950,3,4,14,25.0
4007059,7,5,21,24.0
5923505,10,3,9,284.0
640605,2,3,19,6.0
4094544,7,7,19,122.0
6444528,11,4,13,4.0
630365,2,7,10,20.0
6783,1,6,15,8.0
1293823,3,1,19,14.0
2449421,5,3,11,1.0
1684333,3,1,14,8.0
46951,1,4,15,101.0
1145185,2,2,17,2.0
5884696,10,1,10,66.0
3780081,7,1,7,35.0
4367289,8,3,17,119.0
4392786,8,1,7,140.0
1643320,3,2,14,20.0
2178093,4,3,14,45.0
2908976,5,1,19,18.0
2626190,5,3,17,112.0
4139628,7,4,15,2.0
4584626,8,1,14,3.0
337363,1,6,9,69.0
4340596,8,5,7,48.0
3494056,6,2,14,35.0
6710344,12,1,14,24.0
4951358,9,4,16,3.0
3779240,7,6,12,68.0
5805427,10,4,19,21.0
6682249,12,1,6,74.0
6319055,11,3,15,34.0
2105278,4,3,8,16.0
344651,1,5,6,15.0
692958,2,5,18,1.0
4356696,8,3,17,31.0
2297085,4,7,20,44.0
4230454,7,5,11,13.0
1530215,3,4,20,5.0
1843829,4,6,16,138.0
5495360,10,6,8,26.0
3002857,6,4,20,5.0
621801,2,4,12,61.0
3124306,6,2,9,6.0
821712,2,2,20,21.0
2827447,5,2,17,5.0
347831,1,1,20,50.0
1678505,3,6,9,4.0
180750,1,2,8,45.0
5035428,9,1,13,23.0
2109646,4,4,21,157.0
1046988,2,5,14,108.0
4139432,7,1,11,35.0
6204067,11,5,9,28.0
3996454,7,6,19,2.0
6980311,12,5,10,6.0
2420900,5,1,15,47.0
4560922,8,3,6,42.0
2501008,5,7,19,73.0
886790,2,5,19,4.0
47733,1,4,15,5.0
1301929,3,6,9,44.0
1467839,3,1,8,112.0
5150711,9,6,14,91.0
1804844,4,1,9,23.0
2081657,4,2,18,3.0
2056334,4,5,17,24.0
2293008,4,5,13,103.0
5870548,10,6,10,145.0
5137155,9,7,14,58.0
2132075,4,4,10,4.0
1262997,3,6,13,32.0
1397120,3,1,18,43.0
3438737,6,1,16,4.0
2270079,4,4,18,2.0
3556602,6,1,18,52.0
33495,1,7,13,2.0
3571399,6,7,11,17.0
1888575,4,3,9,11.0
1249223,3,2,20,18.0
4827660,8,7,20,110.0
1049760,2,5,15,38.0
2343974,4,4,15,9.0
2760835,5,4,13,62.0
4221760,7,5,19,1.0
2532551,5,2,10,22.0
3156966,6,2,9,32.0
298841,1,3,20,4.0
678372,2,1,13,8.0
2784812,5,7,16,19.0
6721697,12,3,8,78.0
2144191,4,4,16,12.0
8823,1,7,20,10.0
1773932,3,2,20,62.0
2312584,4,4,18,14.0
6586753,12,4,7,41.0
2501491,5,5,14,21.0
993934,2,4,15,63.0
1000501,2,6,18,8.0
6054228,11,1,9,16.0
3046318,6,3,15,3.0
1895990,4,2,15,12.0
1512980,3,2,13,30.0
2048772,4,6,16,3.0
10324,1,7,18,20.0
3063249,6,1,19,9.0
2358823,4,5,20,32.0
3906040,7,7,7,36.0
3917545,7,3,21,9.0
1540363,3,1,17,5.0
5658439,10,3,13,15.0
3527284,6,7,18,41.0
524699,1,5,10,1.0
3849158,7,7,22,696.0
4778663,8,5,7,23.0
2076221,4,6,8,19.0
4303948,8,7,16,5.0
6505826,12,1,21,1.0
987959,2,5,11,13.0
1453885,3,4,8,6.0
6016719,11,3,13,21.0
1227192,3,2,19,14.0
983174,2,4,11,19.0
3967816,7,6,8,10.0
1160831,2,7,8,25.0
2878393,5,6,15,22.0
3860320,7,3,11,16.0
5764929,10,6,9,51.0
472577,1,3,17,99.0
5527262,10,2,13,18.0
2967282,5,5,21,54.0
1675615,3,1,15,10.0
3014865,6,7,21,57.0
6593955,12,7,19,233.0
1076757,2,5,14,100.0
1924977,4,4,6,70.0
6333083,11,3,19,29.0
1527496,3,7,15,59.0
5131024,9,2,15,8.0
2111554,4,7,12,10.0
5106109,9,1,8,43.0
893134,2,7,18,120.0
4410471,8,1,13,48.0
5061192,9,5,18,22.0
6593061,12,6,20,36.0
5520995,10,1,13,33.0
4986084,9,1,8,86.0
2184412,4,3,17,15.0
3805419,7,4,19,23.0
6363662,11,1,22,101.0
4462542,8,5,16,9.0
707608,2,5,13,10.0
2107751,4,1,12,84.0
4729394,8,1,17,2.0
6532591,12,3,19,2.0
6424471,11,3,7,108.0
3437905,6,5,12,40.0
988156,2,3,13,27.0
3269497,6,4,17,13.0
2372721,4,5,10,1.0
5879859,10,2,13,15.0
3355,1,5,18,18.0
4292673,8,3,11,1.0
4700578,8,2,7,176.0
670966,2,5,13,4.0
5636597,10,4,17,19.0
3451502,6,5,10,30.0
989308,2,5,18,4.0
1888737,4,3,8,12.0
4762940,8,4,9,7.0
3392189,6,1,14,7.0
1699254,3,6,11,35.0
5103288,9,5,13,19.0
1663899,3,2,12,3.0
3353087,6,7,10,27.0
4731305,8,3,21,5.0
2326375,4,3,16,11.0
6788097,12,6,6,53.0
6527963,12,1,17,2.0
2900544,5,6,15,78.0
5818700,10,5,6,18.0
3592649,6,2,18,7.0
3314595,6,7,16,26.0
3139616,6,5,21,66.0
3317727,6,1,7,36.0
346906,1,4,15,44.0
6544787,12,7,13,23.0
328099,1,4,13,155.0
6517683,12,5,21,23.0
2690261,5,5,7,42.0
2193883,4,4,9,15.0
4360556,8,5,12,8.0
3335785,6,5,16,9.0
1318025,3,6,19,20.0
1152071,2,6,18,24.0
6272348,11,6,10,1.0
6827428,12,4,11,3.0
1511931,3,4,13,26.0
2643558,5,5,21,48.0
2951774,5,4,15,11.0
1412586,3,6,19,191.0
6523787,12,7,11,37.0
50771,1,5,16,10.0
6747343,12,1,10,36.0
1205689,3,3,7,8.0
1760655,3,5,11,12.0
4485374,8,4,14,6.0
1375702,3,3,13,29.0
4990652,9,3,7,2.0
4048695,7,4,22,18.0
3736842,7,4,15,14.0
3832091,7,1,12,44.0
663428,2,3,18,6.0
2251576,4,2,7,42.0
1018399,2,6,7,77.0
3308061,6,4,18,81.0
6785105,12,7,18,11.0
4564445,8,5,19,45.0
1702666,3,1,13,54.0
4586996,8,2,16,8.0
6994068,12,1,16,3.0
6715912,12,5,8,2.0
2626678,5,5,10,52.0
1630404,3,1,19,66.0
952005,2,3,12,93.0
4477310,8,1,20,19.0
3144804,6,5,13,16.0
3770111,7,1,6,35.0
444615,1,1,11,1.0
3787200,7,6,10,28.0
4685935,8,2,14,32.0
6947963,12,6,15,6.0
2628441,5,4,10,21.0
6233841,11,4,18,45.0
2141473,4,7,17,48.0
3377154,6,4,21,18.0
3597235,6,6,18,47.0
3285050,6,2,18,11.0
2014350,4,6,20,7.0
6840822,12,2,15,27.0
3833788,7,4,11,129.0
697690,2,5,16,149.0
1311820,3,4,18,21.0
5936371,10,5,16,57.0
612891,2,2,8,23.0
5845831,10,2,19,13.0
2401523,5,3,14,10.0
6032752,11,4,18,25.0
3204537,6,3,21,12.0
3399667,6,7,15,7.0
2375424,4,7,14,10.0
4748280,8,4,22,23.0
4337949,8,5,9,44.0
2372648,4,5,23,7.0
4345417,8,2,6,89.0
6492015,12,4,8,8.0
448028,1,3,8,31.0
853605,2,2,15,1.0
5307216,9,1,13,17.0
1246075,3,1,10,9.0
281986,1,1,21,2.0
6541863,12,6,19,6.0
4049985,7,2,22,80.0
2580446,5,5,13,12.0
4826796,8,7,20,77.0
3876271,7,5,6,4.0
4563424,8,6,9,38.0
2165830,4,6,9,37.0
3850159,7,7,10,11.0
69478,1,4,18,4.0
2613297,5,4,16,4.0
2530271,5,6,13,29.0
2260095,4,3,6,20.0
3146650,6,7,19,31.0
85326,1,2,12,5.0
5723789,10,5,10,58.0
712635,2,2,15,13.0
931692,2,5,17,1.0
6120619,11,6,14,32.0
3026302,6,4,14,6.0
2384264,4,7,14,32.0
831941,2,1,13,149.0
1409892,3,6,18,17.0
2520735,5,7,10,41.0
4002493,7,2,15,1.0
1282817,3,7,17,55.0
3640798,7,1,7,25.0
1365005,3,3,16,34.0
5856911,10,1,16,20.0
6574677,12,1,20,90.0
2449522,5,3,16,12.0
3967111,7,4,22,93.0
401725,1,3,9,3.0
4818339,8,1,19,4.0
955063,2,7,13,26.0
972206,2,1,19,27.0
6839633,12,4,16,10.0
1110373,2,1,19,18.0
4148979,7,3,17,52.0
4508638,8,2,14,19.0
1189090,3,5,15,3.0
2636657,5,2,10,33.0
946105,2,2,16,33.0
938016,2,3,21,2.0
4786201,8,2,12,129.0
6685318,12,5,10,16.0
2696836,5,4,21,98.0
1032065,2,4,9,29.0
2481102,5,6,15,12.0
670080,2,5,18,4.0
1461476,3,3,15,16.0
3312874,6,1,19,19.0
6521880,12,6,18,5.0
4486024,8,4,17,6.0
6631698,12,3,9,79.0
4777139,8,1,7,52.0
2102,1,4,18,13.0
4411696,8,2,17,2.0
336540,1,4,14,44.0
4010763,7,5,15,72.0
2030292,4,5,8,37.0
1022014,2,7,18,32.0
6641898,12,1,11,9.0
6858502,12,2,14,1011.0
6799939,12,3,14,17.0
4393696,8,3,6,26.0
6273894,11,7,16,17.0
924695,2,5,11,71.0
252530,1,5,12,44.0
2434022,5,5,21,15.0
5933666,10,3,16,5.0
6075569,11,5,10,29.0
2530902,5,7,10,36.0
4055719,7,2,7,52.0
5893583,10,3,14,3.0
3301577,6,6,8,17.0
5939275,10,1,20,3.0
4532031,8,7,15,42.0
3527400,6,7,18,34.0
1913403,4,3,19,1.0
7694,1,6,14,9.0
6426477,11,7,10,8.0
717866,2,5,17,2.0
1818827,4,5,21,17.0
5495184,10,6,12,1.0
346230,1,4,20,132.0
4478955,8,5,13,25.0
3227545,6,3,16,36.0
3439766,6,7,19,1.0
6804292,12,2,12,42.0
715913,2,2,18,1.0
130105,1,3,8,46.0
2632976,5,4,12,19.0
677070,2,7,13,3.0
3323783,6,1,13,15.0
980153,2,7,14,18.0
6974931,12,6,18,3.0
760236,2,5,19,15.0
6458359,11,7,16,3.0
6342510,11,7,10,62.0
4793987,8,2,18,83.0
232431,1,1,6,88.0
6403930,11,1,11,2.0
6308307,11,4,13,37.0
2378590,4,2,8,98.0
841292,2,4,21,38.0
6536575,12,4,6,29.0
4102830,7,2,10,51.0
1239982,3,6,14,18.0
3104378,6,5,15,5.0
568019,1,3,14,35.0
3523475,6,1,12,18.0
4166330,7,6,21,17.0
3886538,7,6,5,36.0
4976238,9,5,16,15.0
883380,2,5,11,37.0
6652716,12,2,15,9.0
108675,1,4,17,1.0
4028442,7,3,16,19.0
1415182,3,7,18,61.0
684493,2,2,13,29.0
6740241,12,2,18,29.0
4557001,8,3,12,60.0
3518075,6,4,20,30.0
6980757,12,5,8,18.0
102381,1,4,20,41.0
3421906,6,4,18,8.0
3744877,7,4,16,132.0
6221191,11,6,5,45.0
6656888,12,3,9,16.0
3284121,6,1,8,40.0
6700415,12,6,15,109.0
60191,1,1,15,8.0
6392143,11,5,19,36.0
786672,2,4,10,72.0
6966976,12,3,13,19.0
1618146,3,6,19,13.0
333298,1,7,8,9.0
443076,1,6,19,17.0
2799286,5,3,19,43.0
4270517,8,4,18,5.0
2785468,5,6,13,213.0
4034237,7,2,7,25.0
1225638,3,2,19,10.0
5893860,10,4,20,6.0
6586967,12,4,13,29.0
6961805,12,1,16,20.0
2847013,5,1,15,72.0
4549071,8,1,17,34.0
4430233,8,6,14,14.0
996814,2,7,17,18.0
6942350,12,2,18,2.0
5852656,10,1,13,14.0
3260660,6,4,9,45.0
1695645,3,6,13,11.0
6189230,11,1,13,8.0
5867646,10,5,10,29.0
305725,1,4,16,7.0
6684512,12,3,13,24.0
894846,2,1,7,136.0
3203537,6,2,14,62.0
2224383,4,3,19,7.0
1696624,3,3,13,24.0
5139774,9,4,12,167.0
2777938,5,5,18,41.0
835303,2,6,19,20.0
6151859,11,5,10,116.0
6931037,12,7,13,59.0
529432,1,3,22,15.0
3549051,6,6,18,9.0
4191591,7,1,10,10.0
10013,1,7,13,27.0
4053695,7,4,14,16.0
6426651,11,7,16,5.0
146812,1,5,6,73.0
1027579,2,5,19,27.0
6954211,12,2,18,110.0
4881156,9,7,16,78.0
6760380,12,4,16,2.0
3199500,6,7,16,9.0
6271929,11,5,19,3.0
910938,2,1,14,158.0
6526379,12,1,12,4.0
6510598,12,3,18,34.0
453676,1,2,15,45.0
5865468,10,2,18,100.0
6144827,11,7,15,7.0
4080477,7,1,10,77.0
5260143,9,3,19,28.0
1125608,2,5,20,2.0
2170442,4,4,10,15.0
1359716,3,7,20,16.0
4368636,8,5,11,18.0
3550039,6,1,18,8.0
5691355,10,2,15,24.0
2618371,5,1,12,29.0
396246,1,2,7,16.0
1949670,4,7,20,50.0
910001,2,3,12,155.0
4370964,8,1,12,122.0
650616,2,6,16,3.0
6251155,11,4,21,10.0
2795911,5,5,11,38.0
5794342,10,6,6,71.0
5127137,9,5,14,5.0
3023376,6,3,18,1.0
4131068,7,6,20,519.0
5084705,9,4,20,29.0
6724849,12,6,15,2.0
1252154,3,3,9,48.0
1639221,3,6,10,31.0
2391943,5,7,13,1.0
4484131,8,7,22,18.0
2358315,4,5,7,161.0
1710644,3,7,10,12.0
6764922,12,4,15,3.0
3814401,7,2,7,417.0
845049,2,5,10,12.0
1140006,2,1,15,86.0
498185,1,3,20,56.0
1778713,3,6,11,11.0
4077223,7,2,7,20.0
3380196,6,4,11,19.0
1142160,2,5,13,10.0
1949669,4,7,17,39.0
1962245,4,7,6,18.0
4872778,9,4,19,14.0
1191270,3,5,16,11.0
2714008,5,4,20,47.0
503173,1,4,17,22.0
6610215,12,3,11,62.0
2634644,5,2,12,4.0
4984283,9,5,18,103.0
1514259,3,2,19,15.0
385129,1,1,16,34.0
4144739,7,7,16,18.0
504631,1,6,18,679.0
636900,2,2,20,7.0
3278649,6,4,19,7.0
6588402,12,6,18,108.0
6031010,11,7,8,4.0
6718141,12,7,19,30.0
3477596,6,1,14,110.0
4052700,7,4,11,1.0
1503018,3,6,12,17.0
2271728,4,6,11,11.0
2429711,5,4,16,11.0
1466510,3,7,13,106.0
652893,2,7,16,4.0
1666135,3,1,22,11.0
5690234,10,4,10,60.0
4773205,8,6,18,118.0
1957832,4,5,8,83.0
1531361,3,1,15,10.0
2052396,4,2,16,26.0
623740,2,5,20,13.0
5951626,11,4,9,18.0
620263,2,4,17,7.0
82247,1,1,20,10.0
6558070,12,1,19,33.0
1411763,3,1,10,28.0
4805879,8,6,17,7.0
4154772,7,6,18,14.0
5554627,10,2,7,13.0
3919197,7,7,19,35.0
696937,2,7,7,12.0
3571626,6,7,11,59.0
4760295,8,6,18,34.0
2056949,4,5,21,3.0
777446,2,5,11,15.0
1228356,3,3,21,4.0
3738536,7,2,23,25.0
2814987,5,5,12,7.0
758549,2,2,18,90.0
4574289,8,4,16,90.0
3697004,7,3,17,1.0
1798603,4,6,9,97.0
4459728,8,3,18,36.0
3279398,6,5,19,20.0
6032351,11,5,17,11.0
2472943,5,3,9,22.0
3064265,6,1,12,12.0
1638099,3,6,19,14.0
1321186,3,4,22,42.0
1911705,4,2,15,16.0
1981426,4,2,8,48.0
985208,2,5,11,52.0
6180500,11,1,9,12.0
663507,2,3,11,38.0
1163602,2,2,9,75.0
6730867,12,1,13,22.0
1934892,4,3,7,47.0
1841849,4,5,19,100.0
482765,1,1,22,6.0
32513,1,7,14,1.0
3934451,7,1,9,127.0
3064775,6,1,19,1.0
3945042,7,3,17,16.0
2372786,4,5,14,54.0
1857936,4,3,19,7.0
6920571,12,2,18,27.0
2310730,4,6,17,15.0
242676,1,6,14,20.0
537043,1,3,22,6.0
1662845,3,2,10,1.0
3053596,6,5,20,100.0
1922828,4,1,7,22.0
894215,2,1,16,21.0
3621557,7,2,12,4.0
3494783,6,1,11,6.0
6296649,11,2,20,18.0
6178842,11,7,17,17.0
1073939,2,2,11,49.0
4323210,8,5,12,41.0
374563,1,6,10,18.0
3671122,7,3,13,21.0
2290639,4,2,14,67.0
3935781,7,3,18,158.0
2008679,4,7,16,9.0
2331982,4,6,20,5.0
198391,1,6,7,49.0
1824418,4,7,20,3.0
2519389,5,5,12,15.0
46109,1,4,16,3.0
1195234,3,7,14,3.0
327055,1,1,17,24.0
4947235,9,2,9,17.0
6837722,12,4,9,2.0
4250459,8,5,16,1.0
6391462,11,7,11,16.0
1263459,3,6,11,4.0
4803843,8,7,7,34.0
1580385,3,1,7,8.0
2587680,5,2,16,65.0
6973611,12,7,18,17.0
1098632,2,5,21,108.0
1752251,3,6,16,11.0
757452,2,7,12,15.0
4969387,9,2,21,19.0
4883608,9,1,9,15.0
1400727,3,1,16,4.0
6783572,12,1,16,8.0
3836676,7,2,15,6.0
3205182,6,3,13,132.0
1215256,3,6,15,13.0
2763201,5,6,8,133.0
3386284,6,4,11,7.0
3421636,6,5,0,2.0
4220579,7,4,12,4.0
5042931,9,1,6,7.0
5971242,11,3,14,23.0
3186285,6,6,13,49.0
4065891,7,2,13,31.0
6584287,12,7,13,38.0
500336,1,1,21,38.0
3418743,6,2,18,9.0
2173433,4,1,16,20.0
140730,1,4,20,80.0
4496296,8,6,6,30.0
263051,1,7,17,18.0
6813111,12,6,19,25.0
4260956,8,1,18,32.0
3855531,7,1,6,428.0
1264691,3,7,12,6.0
1918153,4,3,14,27.0
3852392,7,6,10,127.0
2899784,5,2,16,19.0
217923,1,4,17,128.0
1231386,3,3,16,13.0
4431494,8,7,21,44.0
4472146,8,5,9,55.0
4633918,8,7,8,18.0
3592376,6,2,17,16.0
1224345,3,1,8,1.0
2232346,4,1,16,18.0
5008195,9,3,21,19.0
5439045,10,7,20,18.0
997779,2,3,7,67.0
6709726,12,7,20,12.0
1130971,2,1,17,43.0
4706465,8,5,7,69.0
640976,2,3,15,1.0
3068041,6,2,17,1.0
6165088,11,2,13,11.0
5047006,9,2,7,41.0
1046488,2,4,14,42.0
3122541,6,7,19,23.0
295028,1,4,7,50.0
3343173,6,1,10,35.0
2967862,5,7,19,25.0
3685694,7,7,20,107.0
4224272,7,7,20,16.0
760944,2,6,8,55.0
5380330,9,5,16,18.0
1240339,3,6,11,2.0
5909083,10,2,15,50.0
6028167,11,7,19,25.0
1435084,3,6,17,21.0
6562689,12,2,8,41.0
3315730,6,6,14,50.0
1699772,3,2,15,75.0
1923988,4,2,8,16.0
19654,1,3,12,15.0
251468,1,3,13,47.0
6553273,12,3,16,36.0
4955737,9,4,18,19.0
5004684,9,1,19,10.0
6770051,12,6,10,4.0
3124029,6,7,20,78.0
4289871,8,2,6,28.0
718137,2,4,20,17.0
609085,2,7,17,5.0
6713598,12,3,21,24.0
1586823,3,7,20,100.0
2353928,4,7,17,19.0
1634057,3,6,7,14.0
3028753,6,4,18,6.0
1697411,3,4,21,102.0
6530149,12,2,18,9.0
330348,1,2,15,33.0
6059509,11,2,12,41.0
3489178,6,5,8,13.0
3005958,6,4,14,7.0
3415693,6,2,11,17.0
866361,2,5,15,12.0
1660635,3,1,13,139.0
6796014,12,4,19,32.0
2349010,4,7,20,2.0
1630154,3,4,19,22.0
1670288,3,7,13,18.0
5240318,9,5,8,17.0
833886,2,2,11,44.0
1746480,3,2,21,273.0
329989,1,4,17,63.0
3835777,7,3,19,15.0
6655588,12,2,15,38.0
4108723,7,2,18,28.0
3810651,7,7,8,25.0
1690535,3,5,12,168.0
2305,1,4,21,29.0
3141358,6,7,13,39.0
3167027,6,1,7,12.0
3577292,6,7,8,124.0
5989921,11,2,12,19.0
375018,1,4,14,38.0
1220561,3,7,20,18.0
3016134,6,1,20,27.0
6318546,11,3,14,16.0
1249418,3,2,13,3.0
1777606,3,5,14,21.0
3840006,7,1,13,43.0
3381064,6,3,10,68.0
3709923,7,7,9,112.0
401346,1,2,10,2.0
6813285,12,5,12,7.0
3071554,6,3,21,41.0
557602,1,1,20,2.0
6292696,11,4,18,36.0
778099,2,6,7,20.0
6317555,11,4,8,162.0
1744764,3,5,10,11.0
6437150,11,7,18,49.0
2343707,4,5,17,12.0
6984845,12,6,11,63.0
1411009,3,7,6,7.0
6240503,11,7,12,169.0
4230963,7,5,13,11.0
202590,1,2,5,96.0
850811,2,7,11,98.0
895301,2,1,13,17.0
2042598,4,5,10,122.0
6170414,11,7,18,56.0
585206,1,2,20,104.0
5086782,9,5,15,3.0
803022,2,1,21,20.0
3661639,7,7,18,3.0
4478309,8,1,11,22.0
3662107,7,7,11,11.0
4729585,8,6,18,35.0
6041250,11,7,15,51.0
5207149,9,6,8,17.0
2343944,4,4,17,15.0
5477035,10,5,18,1.0
782106,2,2,7,48.0
6315944,11,2,8,17.0
5293773,9,3,9,7.0
4982318,9,1,18,25.0
10853,1,7,19,2.0
2460269,5,6,12,9.0
1500691,3,1,15,16.0
1827183,4,1,13,42.0
2593551,5,6,8,16.0
2972634,5,2,10,4.0
1793372,4,5,19,9.0
2274127,4,2,9,80.0
921405,2,5,11,64.0
5758672,10,5,9,616.0
6530586,12,2,19,20.0
5912756,10,4,8,51.0
2731042,5,2,15,15.0
6054001,11,1,17,19.0
5136197,9,6,15,75.0
5710439,10,1,12,1.0
6752200,12,5,11,4.0
3928648,7,7,18,144.0
4579566,8,1,9,35.0
6795584,12,3,18,47.0
347358,1,6,15,5.0
4653568,8,5,18,17.0
1844802,4,6,21,5.0
3339940,6,3,8,1.0
5872949,10,3,0,18.0
1921179,4,5,10,43.0
5437480,10,7,17,9.0
4468252,8,2,13,13.0
6666768,12,3,18,23.0
3795361,7,5,21,7.0
5645451,10,4,18,72.0
641082,2,3,17,9.0
2133991,4,5,10,71.0
3151948,6,1,7,15.0
6390145,11,4,16,13.0
6169878,11,6,16,24.0
1461340,3,3,19,4.0
5255387,9,3,19,46.0
1205623,3,3,17,5.0
6615327,12,7,16,15.0
1228146,3,3,16,3.0
3269075,6,4,9,19.0
599142,1,4,16,49.0
597805,1,3,8,13.0
5928825,10,7,19,18.0
5368857,9,2,10,64.0
4212754,7,5,6,19.0
5983767,11,7,11,1.0
1033397,2,6,13,68.0
747242,2,5,22,58.0
1943782,4,4,17,29.0
704360,2,4,6,25.0
1230769,3,3,20,4.0
579526,1,3,18,25.0
1126963,2,1,21,86.0
1935224,4,4,20,16.0
998513,2,1,22,28.0
3771644,7,7,12,10.0
6877891,12,3,18,54.0
1022045,2,7,11,11.0
681377,2,2,17,1.0
2682615,5,5,10,102.0
5157313,9,3,21,10.0
422181,1,1,13,6.0
252831,1,2,10,7.0
2009533,4,2,18,27.0
1013387,2,2,21,3.0
2883920,5,7,11,58.0
1801079,4,7,19,12.0
3421846,6,4,8,6.0
1207228,3,3,21,12.0
6359436,11,7,21,6.0
2453243,5,4,18,3.0
4136799,7,2,15,25.0
1088438,2,6,10,10.0
1447780,3,7,17,26.0
3868298,7,2,10,30.0
1299071,3,1,17,51.0
2295954,4,7,15,73.0
3499154,6,1,13,23.0
4525467,8,1,15,49.0
2587841,5,2,14,4.0
2215016,4,6,6,6.0
6828643,12,5,16,15.0
3515643,6,7,17,23.0
6027153,11,7,19,6.0
2230585,4,4,8,29.0
6544500,12,7,21,16.0
4757146,8,7,22,19.0
3621553,7,2,15,7.0
3558733,6,7,10,20.0
2301419,4,4,16,75.0
1593999,3,7,18,4.0
6469357,12,4,14,4.0
597234,1,2,9,8.0
2451642,5,4,19,4.0
2557878,5,4,9,13.0
1739897,3,4,7,23.0
1187483,3,4,21,27.0
5378690,9,3,14,27.0
4006464,7,7,10,32.0
6978040,12,1,10,15.0
681550,2,2,20,7.0
4783251,8,4,15,339.0
2453361,5,4,16,9.0
1098441,2,7,15,7.0
1032402,2,2,10,3.0
3439377,6,5,16,17.0
3357831,6,6,7,50.0
5965048,11,1,16,4.0
11747,1,7,19,5.0
609917,2,1,20,12.0
6515870,12,4,18,3.0
2046347,4,4,20,14.0
5975775,11,4,18,16.0
194504,1,3,16,17.0
7005754,12,3,17,5.0
3302561,6,7,20,19.0
1016866,2,5,16,11.0
6763768,12,1,9,19.0
6514635,12,4,15,23.0
5188933,9,4,17,61.0
3748865,7,2,11,44.0
343986,1,5,17,8.0
417461,1,2,15,75.0
3551593,6,4,13,9.0
6479999,12,7,8,29.0
6866680,12,5,18,21.0
4727270,8,3,18,81.0
3570761,6,7,20,17.0
6952318,12,4,16,4.0
6538213,12,5,17,3.0
1767166,3,2,9,126.0
3428800,6,3,6,137.0
5861717,10,5,19,27.0
2612292,5,4,13,20.0
3261885,6,5,6,32.0
879695,2,2,11,38.0
2273415,4,4,16,6.0
848776,2,5,12,1.0
2055283,4,4,12,207.0
6862667,12,4,14,52.0
4224196,7,7,12,5.0
2505514,5,3,6,25.0
4974838,9,3,11,144.0
6403560,11,7,15,31.0
2540372,5,6,10,22.0
2970474,5,4,9,4.0
290926,1,1,17,208.0
4765178,8,5,13,14.0
819060,2,5,12,36.0
821563,2,7,12,208.0
3770074,7,3,17,29.0
5398790,10,2,19,12.0
39696,1,2,20,41.0
6760240,12,1,9,7.0
3471344,6,5,18,62.0
5429247,10,4,15,6.0
6198643,11,7,11,8.0
1015511,2,1,17,2.0
6527337,12,1,13,9.0
6287332,11,5,15,2.0
5746854,10,1,6,20.0
6787418,12,3,17,6.0
1445377,3,5,15,6.0
4144243,7,1,7,31.0
6071652,11,7,15,272.0
3869870,7,3,9,140.0
5019752,9,4,12,59.0
366665,1,6,11,6.0
1665640,3,7,17,22.0
5097005,9,7,15,10.0
6498280,12,6,11,30.0
3597678,6,6,21,22.0
742396,2,5,18,132.0
3733134,7,4,10,30.0
3730552,7,1,22,12.0
1430826,3,3,16,36.0
6352098,11,2,17,8.0
1065768,2,3,15,111.0
4017369,7,3,16,65.0
3291497,6,7,18,40.0
6521154,12,6,10,11.0
6971062,12,3,19,30.0
2661625,5,3,17,18.0
4976217,9,5,22,63.0
525940,1,6,12,7.0
5593958,10,7,10,27.0
3039001,6,7,11,3.0
688894,2,4,9,13.0
4566809,8,4,19,88.0
3731223,7,7,20,151.0
2849575,5,6,14,113.0
1680496,3,6,16,25.0
4363380,8,4,12,5.0
4160055,7,3,19,16.0
2539872,5,6,9,122.0
833463,2,2,7,27.0
5508953,10,4,14,66.0
4720553,8,5,12,110.0
1569960,3,3,11,2.0
991480,2,4,6,125.0
6547800,12,1,14,11.0
499810,1,3,17,6.0
3901375,7,4,11,2.0
6204279,11,6,13,53.0
326570,1,1,20,38.0
4200990,7,6,13,54.0
3579401,6,2,20,3.0
6809807,12,4,13,30.0
78452,1,7,11,32.0
5614057,10,3,7,16.0
231938,1,2,20,71.0
4284457,8,1,12,8.0
487637,1,4,18,34.0
4597455,8,7,21,9.0
4168582,7,3,17,9.0
4628637,8,7,18,5.0
753848,2,1,10,50.0
2169438,4,7,13,46.0
1693833,3,3,17,20.0
3515840,6,3,6,93.0
925484,2,3,6,77.0
5403642,10,3,10,4.0
4772527,8,5,18,5.0
850759,2,7,23,10.0
909649,2,2,10,41.0
1840569,4,5,16,4.0
1457463,3,7,7,1.0
1208237,3,4,21,3.0
3752006,7,7,20,37.0
1267814,3,7,11,27.0
4489174,8,4,11,13.0
5703625,10,6,10,16.0
4624862,8,7,14,187.0
3492634,6,4,17,20.0
1063134,2,7,16,13.0
3739951,7,4,21,27.0
2440697,5,7,13,2.0
6720289,12,2,15,6.0
4006525,7,6,17,20.0
1886058,4,6,10,3.0
2353140,4,1,21,16.0
5864115,10,6,10,22.0
1625572,3,1,22,15.0
2773000,5,5,6,539.0
1538869,3,6,11,23.0
6851025,12,6,6,19.0
4800239,8,5,18,24.0
1764544,3,5,14,10.0
170984,1,3,11,21.0
1816348,4,4,18,1.0
5503354,10,3,16,54.0
5489122,10,7,18,14.0
3148518,6,1,9,15.0
2012288,4,3,16,26.0
1511773,3,5,21,1.0
5199359,9,3,8,20.0
5011240,9,5,16,34.0
1101378,2,1,21,10.0
2299392,4,5,9,6.0
5337501,9,7,18,17.0
1814577,4,4,14,8.0
4176338,7,3,13,245.0
6725681,12,7,19,35.0
6179429,11,7,11,299.0
2868244,5,6,8,192.0
1017867,2,5,11,3.0
4428055,8,5,12,4.0
576245,1,2,20,7.0
3593305,6,3,17,74.0
6230254,11,3,21,5.0
5774910,10,3,8,38.0
6530058,12,2,18,38.0
3213043,6,1,11,8.0
1339112,3,4,12,138.0
341348,1,1,7,101.0
298609,1,3,18,7.0
375294,1,2,8,15.0
3599230,6,7,23,1.0
6507558,12,2,16,33.0
1480787,3,7,15,3.0
2763462,5,5,12,22.0
389794,1,7,10,66.0
3374199,6,5,14,21.0
1049393,2,6,17,23.0
789538,2,6,15,16.0
1245698,3,1,17,7.0
3923132,7,3,15,5.0
1400859,3,3,23,15.0
4325166,8,6,16,132.0
1133499,2,5,14,15.0
3238367,6,1,13,7.0
3283793,6,1,16,21.0
2708272,5,5,10,33.0
4125698,7,7,13,7.0
1843729,4,6,9,4.0
3445647,6,1,13,8.0
603749,1,7,12,50.0
1532733,3,7,9,29.0
4414896,8,4,16,30.0
3083463,6,7,20,5.0
3032051,6,5,12,2.0
749586,2,1,11,21.0
4464910,8,6,16,15.0
2924163,5,1,8,70.0
831909,2,3,21,30.0
1816690,4,5,12,7.0
6714767,12,4,15,10.0
2360194,4,7,18,25.0
3533637,6,7,18,80.0
1298883,3,7,18,30.0
6343165,11,6,10,41.0
34029,1,7,17,10.0
915906,2,1,16,15.0
6426751,11,7,4,24.0
4050582,7,5,12,10.0
1773304,3,2,8,90.0
330876,1,5,14,87.0
4033185,7,5,11,93.0
322875,1,4,21,32.0
6540370,12,5,16,11.0
3368431,6,5,7,13.0
443182,1,7,17,32.0
3565808,6,5,8,36.0
2720106,5,5,9,27.0
1572437,3,5,15,5.0
6463873,11,4,20,32.0
845643,2,3,18,22.0
4835725,8,7,22,7.0
1285971,3,7,8,29.0
4050857,7,7,15,36.0
4355071,8,1,15,45.0
6778337,12,6,6,28.0
6545025,12,7,15,15.0
6204647,11,6,15,13.0
3852824,7,7,16,7.0
198180,1,6,11,24.0
6853244,12,3,19,13.0
308121,1,6,13,62.0
5940311,10,2,13,31.0
2255039,4,1,9,186.0
1463542,3,5,20,226.0
2573108,5,7,11,53.0
3506671,6,1,17,11.0
899441,2,5,17,41.0
3766017,7,4,11,19.0
641159,2,3,17,20.0
1823539,4,7,21,8.0
6917029,12,3,8,12.0
233953,1,2,13,49.0
3720490,7,3,14,4.0
6748017,12,1,7,400.0
712416,2,6,17,82.0
6527951,12,1,16,5.0
6090090,11,2,22,14.0
2402868,5,3,15,53.0
85349,1,2,12,3.0
4774965,8,3,11,54.0
831076,2,5,18,119.0
1207094,3,3,19,1.0
655258,2,1,17,7.0
354863,1,3,17,29.0
3094471,6,6,17,17.0
6063415,11,1,12,54.0
771547,2,2,13,60.0
5181456,9,5,8,10.0
3506543,6,7,15,18.0
199394,1,7,13,26.0
1332325,3,7,11,70.0
5136415,9,6,21,20.0
1271262,3,1,21,7.0
1418758,3,3,9,68.0
4186569,7,7,15,19.0
232922,1,1,20,16.0
1657245,3,3,15,113.0
6645916,12,6,17,2.0
3175396,6,6,21,121.0
4211460,7,4,14,3.0
3376800,6,3,9,19.0
4484118,8,6,22,46.0
163621,1,2,13,20.0
5477957,10,5,15,10.0
735605,2,3,6,382.0
3748108,7,1,18,29.0
918049,2,5,10,17.0
2192312,4,7,19,33.0
6625927,12,3,13,2.0
621184,2,4,19,14.0
4175016,7,7,14,67.0
1095086,2,5,16,17.0
1720415,3,6,10,7.0
908626,2,5,16,34.0
4174815,7,7,20,115.0
392903,1,2,6,11.0
174068,1,4,16,24.0
476521,1,2,9,13.0
2238969,4,4,19,30.0
1491577,3,1,7,79.0
6766375,12,1,8,3.0
2842393,5,2,21,20.0
5955882,11,5,21,4.0
5309047,9,1,10,22.0
6680940,12,6,6,17.0
6893079,12,5,8,35.0
2952860,5,1,19,13.0
6485541,12,2,15,3.0
497563,1,7,9,53.0
3706289,7,7,14,34.0
4922675,9,5,8,18.0
732235,2,5,19,41.0
6679080,12,3,17,8.0
1794946,4,5,8,10.0
6556370,12,2,9,186.0
864029,2,3,17,36.0
6521718,12,6,16,78.0
4514408,8,6,18,37.0
3660681,7,6,17,8.0
3469463,6,5,21,51.0
2117879,4,3,15,62.0
300062,1,3,21,47.0
2530745,5,7,13,25.0
4168714,7,3,16,6.0
4799422,8,6,14,6.0
6081367,11,4,10,75.0
1764776,3,5,17,22.0
2115470,4,5,17,32.0
2209777,4,6,11,92.0
3276064,6,2,18,6.0
2780731,5,5,11,18.0
3201716,6,1,12,94.0
929958,2,4,9,7.0
980936,2,2,6,62.0
338897,1,1,11,33.0
2486695,5,5,15,15.0
1232678,3,4,6,85.0
6423506,11,2,16,8.0
4177216,7,4,9,12.0
5315428,9,7,7,14.0
6861277,12,4,18,7.0
325327,1,1,17,36.0
513591,1,1,10,20.0
180390,1,1,16,102.0
1663824,3,5,14,8.0
4541272,8,2,8,42.0
1135689,2,5,8,12.0
428472,1,3,19,29.0
4726252,8,3,8,115.0
342301,1,5,20,20.0
2863951,5,2,16,11.0
176460,1,6,7,41.0
4710872,8,6,7,29.0
1480146,3,7,20,28.0
2657807,5,7,11,8.0
5938579,10,7,20,33.0
5433357,10,5,20,5.0
4765014,8,6,12,4.0
612815,2,1,9,44.0
982348,2,5,9,167.0
413957,1,6,16,14.0
1300462,3,1,12,43.0
407031,1,1,15,49.0
6755375,12,1,20,13.0
3431586,6,3,18,9.0
1420458,3,3,8,73.0
508578,1,6,14,128.0
985826,2,4,5,276.0
3544756,6,5,17,85.0
6601343,12,6,10,22.0
1298890,3,3,10,6.0
4012257,7,4,16,3.0
1133758,2,5,20,5.0
1676750,3,3,18,132.0
1350045,3,1,7,25.0
4355106,8,4,10,2.0
2279104,4,2,10,15.0
2190678,4,7,6,25.0
4025243,7,5,6,15.0
2208432,4,7,7,18.0
3993982,7,5,12,43.0
6399829,11,2,19,12.0
6203986,11,5,21,68.0
6917285,12,5,7,153.0
771641,2,2,17,24.0
825234,2,2,13,35.0
2750226,5,4,22,3.0
5198693,9,7,17,14.0
3536936,6,7,12,33.0
2996701,6,2,10,23.0
4665804,8,4,19,57.0
441276,1,7,11,24.0
4221096,7,4,14,112.0
5849634,10,6,5,55.0
3934980,7,4,10,37.0
6455574,11,4,14,6.0
4323093,8,5,20,2.0
233340,1,2,20,27.0
5321033,9,5,7,49.0
5374929,9,7,13,63.0
2400274,5,2,20,70.0
2302488,4,2,7,73.0
6525666,12,1,8,4.0
1503198,3,4,13,20.0
5872397,10,3,21,11.0
3030917,6,5,16,43.0
506114,1,2,20,91.0
5050775,9,2,14,171.0
1845775,4,6,7,26.0
3433755,6,1,19,15.0
6653139,12,1,8,57.0
6030323,11,7,12,2.0
3317466,6,1,10,4.0
3407904,6,3,19,8.0
3226590,6,5,9,9.0
6781644,12,6,9,16.0
5239430,9,1,16,5.0
4980752,9,5,16,24.0
2181072,4,2,9,22.0
585815,1,7,11,14.0
2219066,4,5,11,3.0
1375746,3,3,17,16.0
1227962,3,2,9,26.0
4558182,8,6,9,20.0
5080653,9,7,16,14.0
1818996,4,5,13,26.0
6157738,11,7,16,42.0
6299656,11,7,18,19.0
772514,2,2,10,27.0
824802,2,2,10,125.0
6056269,11,4,12,160.0
6530654,12,2,8,18.0
1573983,3,7,14,58.0
2384182,4,7,17,16.0
111672,1,6,14,15.0
547321,1,3,23,14.0
1709771,3,7,21,18.0
1525386,3,6,7,18.0
5974655,11,4,14,20.0
3633952,7,5,9,2.0
2360949,4,6,16,49.0
4275175,8,5,20,9.0
6860427,12,1,20,4.0
4221784,7,5,18,22.0
3754093,7,2,12,45.0
1405805,3,7,15,20.0
3067323,6,2,16,2.0
1338792,3,4,11,19.0
6274134,11,7,8,20.0
3587616,6,5,21,45.0
2073712,4,4,18,3.0
5836626,10,7,9,56.0
2148786,4,3,18,6.0
990261,2,5,18,53.0
6028026,11,7,17,21.0
5829514,10,3,12,27.0
6732868,12,1,16,6.0
1709867,3,1,16,53.0
3900145,7,3,11,12.0
2852998,5,6,13,34.0
4361694,8,2,10,27.0
3702136,7,6,8,125.0
3278011,6,4,22,14.0
5349547,9,1,8,262.0
3383881,6,5,15,18.0
4989115,9,7,18,71.0
4547,1,5,16,3.0
3416664,6,2,15,16.0
6859532,12,2,15,6.0
415717,1,1,7,149.0
3596202,6,5,13,32.0
5299192,9,4,13,8.0
3929767,7,1,23,28.0
1567052,3,5,15,6.0
9809,1,7,20,13.0
4662842,8,5,18,108.0
6751423,12,5,17,20.0
128867,1,2,18,13.0
77306,1,7,13,3.0
3463244,6,2,14,79.0
3573899,6,5,15,26.0
1306568,3,1,10,47.0
2308644,4,1,18,60.0
5370611,9,4,20,7.0
3212015,6,7,8,22.0
650212,2,6,12,18.0
3046577,6,3,16,40.0
6714690,12,4,19,8.0
4512607,8,5,17,9.0
6991693,12,4,11,5.0
1198873,3,1,19,12.0
5595889,10,3,12,33.0
2279766,4,4,16,5.0
2897792,5,7,21,5.0
1288238,3,2,16,48.0
1633072,3,4,19,130.0
1497652,3,6,13,66.0
1513405,3,5,16,7.0
5691698,10,5,9,2.0
3395282,6,6,12,17.0
5052100,9,6,16,35.0
802502,2,7,6,33.0
2426763,5,3,12,1.0
1767794,3,5,19,136.0
2191570,4,5,14,50.0
6778264,12,5,13,19.0
517101,1,4,10,7.0
3393260,6,7,5,15.0
4731418,8,3,21,10.0
1089260,2,6,21,13.0
6694084,12,1,7,27.0
6666013,12,5,8,11.0
6847902,12,2,17,40.0
1758805,3,7,15,12.0
3264379,6,7,20,7.0
1934610,4,3,20,41.0
1267195,3,7,12,6.0
3289764,6,6,14,25.0
1002297,2,3,12,130.0
3547067,6,3,17,5.0
4583779,8,5,21,73.0
1652216,3,6,19,89.0
2827434,5,4,19,56.0
1498452,3,6,7,15.0
4764139,8,6,6,43.0
3508540,6,5,20,12.0
2236249,4,6,6,69.0
3243795,6,1,13,87.0
5218710,9,4,19,113.0
1797717,4,6,14,39.0
684516,2,2,11,40.0
6227106,11,1,7,406.0
3147025,6,1,9,28.0
6660010,12,3,7,16.0
3719233,7,7,14,44.0
194166,1,3,10,63.0
1029775,2,5,15,23.0
6905079,12,7,18,10.0
1197275,3,7,16,1.0
1235047,3,5,16,1.0
355508,1,4,8,23.0
1377000,3,3,14,57.0
6951487,12,2,21,26.0
3963373,7,5,14,15.0
4364204,8,5,12,58.0
1063313,2,3,15,14.0
1349133,3,1,8,20.0
3885833,7,5,9,297.0
6933294,12,5,19,7.0
1699566,3,5,18,65.0
4045731,7,5,6,40.0
4582999,8,3,20,150.0
5770058,10,3,13,18.0
1516219,3,6,14,19.0
3163818,6,7,22,69.0
607338,2,7,11,40.0
6835909,12,4,11,125.0
4829126,8,1,15,3.0
1766183,3,5,9,4.0
839591,2,7,16,13.0
1091040,2,1,19,17.0
2487558,5,3,16,21.0
782895,2,2,11,85.0
4767660,8,1,14,45.0
6553407,12,3,10,26.0
6083060,11,1,6,89.0
1707539,3,1,12,62.0
34336,1,7,17,3.0
1735900,3,5,11,4.0
245487,1,6,13,14.0
5025871,9,1,11,64.0
3244922,6,1,14,5.0
712051,2,1,12,16.0
2894007,5,2,16,4.0
2242245,4,2,14,70.0
1901071,4,7,13,92.0
1188611,3,5,20,10.0
4363035,8,3,14,2.0
675623,2,7,9,80.0
3802453,7,2,13,84.0
403339,1,7,8,34.0
3768733,7,3,11,25.0
1196577,3,7,15,20.0
1513732,3,2,19,19.0
5437547,10,7,15,13.0
6563293,12,1,11,13.0
2310455,4,4,18,13.0
5926765,10,5,14,11.0
3032314,6,5,21,2.0
1345186,3,7,16,23.0
4708521,8,3,17,16.0
479119,1,5,18,12.0
4065158,7,4,18,119.0
3868989,7,6,16,6.0
6896334,12,1,19,8.0
2878434,5,2,20,69.0
164640,1,4,10,115.0
1093819,2,2,13,11.0
4529306,8,4,9,31.0
2403275,5,3,19,2.0
6995181,12,1,12,1.0
1419548,3,1,16,8.0
2784865,5,7,19,20.0
569816,1,6,16,14.0
4301489,8,6,19,49.0
1911653,4,1,17,39.0
3228349,6,7,13,6.0
59458,1,1,19,128.0
6541485,12,6,16,12.0
6363282,11,5,8,99.0
4355113,8,6,17,97.0
2876298,5,5,10,26.0
4157863,7,5,12,7.0
3093276,6,6,10,17.0
6583383,12,5,11,26.0
2887901,5,5,15,44.0
3778242,7,5,8,10.0
629943,2,7,20,5.0
5416942,10,1,18,3.0
1579451,3,5,7,126.0
4766070,8,5,16,28.0
2381013,4,4,15,19.0
381837,1,7,15,2.0
2480414,5,5,11,257.0
2463287,5,7,19,3.0
3663641,7,7,14,8.0
878601,2,1,9,9.0
1626726,3,2,6,50.0
4453567,8,7,12,119.0
3210980,6,6,6,10.0
6580548,12,1,12,15.0
3803651,7,3,16,3.0
6529812,12,2,15,15.0
6397347,11,2,20,99.0
3598125,6,7,10,17.0
680539,2,1,16,11.0
4582819,8,3,19,35.0
2377562,4,2,15,2.0
4664952,8,6,9,104.0
511584,1,3,21,16.0
6766592,12,5,16,67.0
1294375,3,1,19,20.0
546719,1,2,11,1.0
5133411,9,2,12,24.0
2160195,4,3,8,42.0
5694489,10,7,10,8.0
191901,1,2,6,16.0
557306,1,1,21,28.0
4754866,8,7,7,48.0
5354270,9,6,9,59.0
6934069,12,5,8,68.0
3952274,7,2,21,53.0
1045330,2,4,19,21.0
3451658,6,7,20,40.0
1749362,3,1,18,7.0
2967959,5,5,13,6.0
3059628,6,7,16,5.0
1511065,3,7,15,75.0
491747,1,4,11,5.0
2360379,4,2,16,1.0
4865317,9,2,17,7.0
3939443,7,1,16,18.0
4200015,7,2,20,5.0
3441680,6,6,15,2.0
2233706,4,6,6,31.0
5788147,10,6,6,32.0
6547761,12,1,11,10.0
4763261,8,3,15,13.0
1680753,3,3,7,41.0
1266222,3,7,13,7.0
1658839,3,1,14,106.0
5491778,10,3,18,6.0
4127875,7,2,12,28.0
3588056,6,5,16,8.0
1076146,2,5,18,21.0
6612828,12,1,15,68.0
134527,1,2,16,34.0
4843871,8,6,11,17.0
1614476,3,1,19,1.0
628300,2,6,10,41.0
4516382,8,1,7,26.0
4168227,7,2,18,118.0
2019873,4,1,21,7.0
3957945,7,1,21,22.0
1129059,2,4,21,9.0
5932851,10,3,14,192.0
3207982,6,5,21,17.0
6217761,11,2,18,7.0
3346006,6,3,16,1.0
5414484,10,7,21,18.0
5691585,10,5,15,20.0
4802798,8,3,18,17.0
4587739,8,5,21,15.0
1788510,3,6,15,15.0
838092,2,6,17,41.0
4813538,8,5,19,11.0
6227012,11,4,16,7.0
413464,1,4,19,77.0
1789829,3,7,6,247.0
4182770,7,4,18,144.0
2258990,4,3,11,9.0
2111984,4,6,21,160.0
5878610,10,6,7,20.0
5129443,9,7,18,19.0
4176778,7,3,23,30.0
3083990,6,7,19,6.0
893209,2,7,15,2.0
703725,2,6,10,66.0
1931927,4,6,21,52.0
4236966,8,1,17,2.0
6765198,12,2,15,11.0
4148689,7,4,13,19.0
4218275,7,2,9,2.0
6638001,12,6,12,8.0
4516967,8,1,10,42.0
3627521,7,4,8,26.0
6591194,12,3,19,44.0
1270207,3,1,9,6.0
6991763,12,3,19,6.0
646922,2,5,13,11.0
3640320,7,7,21,2.0
190087,1,1,21,62.0
4978230,9,1,15,70.0
3183061,6,4,8,75.0
2527265,5,2,8,70.0
6418787,11,7,17,3.0
3217275,6,2,16,28.0
6912758,12,2,12,97.0
1496149,3,4,7,19.0
894414,2,1,7,120.0
1315477,3,2,9,121.0
6921564,12,6,19,30.0
332574,1,4,20,5.0
453713,1,2,19,98.0
2615827,5,3,18,13.0
1215089,3,5,11,16.0
3772072,7,5,11,115.0
4233866,8,7,13,9.0
4372724,8,3,18,99.0
4238112,8,1,12,105.0
4386639,8,5,10,20.0
2018392,4,7,6,270.0
1529971,3,3,7,3.0
5937620,10,7,8,12.0
328865,1,1,10,16.0
1764060,3,6,16,116.0
6806482,12,6,10,18.0
6618831,12,2,21,14.0
3311882,6,7,19,46.0
1870066,4,7,19,35.0
716610,2,7,16,57.0
6962750,12,3,8,10.0
3168648,6,2,18,48.0
5665903,10,5,13,7.0
3921479,7,2,12,2.0
2574697,5,1,11,15.0
2042541,4,4,12,144.0
934403,2,2,9,53.0
1748713,3,1,6,32.0
1330454,3,4,13,24.0
1498815,3,7,22,16.0
4760439,8,5,15,41.0
1606532,3,6,19,11.0
1032031,2,1,19,9.0
3581518,6,7,11,13.0
6833807,12,5,12,52.0
4782712,8,3,14,5.0
6572974,12,3,6,78.0
1437251,3,6,10,12.0
543406,1,4,8,51.0
430096,1,3,9,109.0
456541,1,5,6,11.0
3499779,6,5,11,115.0
2141195,4,7,9,12.0
6044018,11,3,8,7.0
594112,1,7,9,87.0
173524,1,4,8,16.0
6344254,11,7,21,6.0
611411,2,1,16,2.0
6639405,12,1,13,5.0
3737034,7,1,14,26.0
2239188,4,4,13,30.0
1659899,3,6,11,12.0
1440439,3,1,7,78.0
6911156,12,4,17,14.0
4968317,9,7,17,292.0
6952220,12,4,19,49.0
3309367,6,5,15,12.0
3319394,6,4,12,17.0
3950983,7,7,9,28.0
4330953,8,6,17,4.0
3211355,6,7,12,39.0
6779364,12,7,18,126.0
6027465,11,7,14,12.0
923675,2,1,16,86.0
2309886,4,3,10,36.0
5630988,10,6,17,12.0
1330047,3,3,8,60.0
4739768,8,1,12,61.0
1544659,3,7,21,15.0
4796452,8,6,13,17.0
1697069,3,1,6,64.0
258493,1,3,19,50.0
6004807,11,6,10,96.0
6688690,12,4,12,17.0
3857305,7,2,13,8.0
2928909,5,5,16,2.0
2416803,5,7,20,5.0
5960698,11,7,13,43.0
4732235,8,5,7,9.0
1605321,3,1,12,2.0
1821589,4,6,11,6.0
6775853,12,3,13,4.0
3593970,6,3,18,35.0
6740704,12,2,13,3.0
1774004,3,2,21,63.0
6175487,11,4,12,14.0
3719664,7,4,21,4.0
4544884,8,5,14,63.0
1674411,3,7,10,7.0
6943826,12,2,6,18.0
4449026,8,4,11,4.0
3214403,6,3,16,18.0
6888271,12,6,12,7.0
5195807,9,4,7,16.0
4943172,9,7,21,4.0
1195,1,4,13,1.0
1111122,2,3,11,47.0
2742759,5,1,20,102.0
2456128,5,5,14,21.0
1546167,3,2,8,27.0
5904407,10,1,12,21.0
6948148,12,7,13,15.0
869992,2,1,13,2.0
834133,2,5,20,8.0
717059,2,5,8,10.0
2459467,5,6,8,20.0
652000,2,7,10,191.0
6402866,11,5,0,67.0
4019613,7,1,9,2.0
3161529,6,3,11,23.0
6834799,12,4,18,51.0
6520730,12,6,7,15.0
4499592,8,2,11,5.0
2769579,5,5,7,8.0
3661489,7,7,19,19.0
4248978,8,4,14,1.0
4489474,8,5,21,81.0
3029442,6,4,16,4.0
1412749,3,5,18,22.0
2024868,4,7,13,48.0
3420768,6,6,10,9.0
3283676,6,1,11,9.0
4408134,8,7,22,6.0
3050690,6,4,16,187.0
3143810,6,4,16,34.0
2263268,4,4,16,4.0
3548047,6,5,11,1.0
5676278,10,6,6,115.0
1686584,3,5,11,35.0
4223247,7,6,8,39.0
1662522,3,2,10,25.0
457552,1,7,9,109.0
3357566,6,6,23,28.0
932651,2,2,10,28.0
5068443,9,4,18,7.0
2248100,4,5,10,69.0
1680282,3,4,19,22.0
3437107,6,7,15,8.0
3603799,6,4,21,11.0
323951,1,1,12,2.0
1263598,3,6,14,8.0
3316924,6,1,17,33.0
2957402,5,3,19,12.0
3251331,6,3,6,28.0
5490605,10,5,19,26.0
6232141,11,5,11,9.0
4951393,9,5,14,4.0
1887229,4,6,13,113.0
1265663,3,7,19,3.0
2323919,4,7,19,7.0
2305157,4,3,16,13.0
4748125,8,2,19,6.0
439751,1,2,9,20.0
6514243,12,4,7,18.0
344324,1,7,7,26.0
6657367,12,6,16,48.0
765447,2,5,11,85.0
2477246,5,4,13,16.0
3440802,6,1,21,30.0
2444415,5,1,12,16.0
588723,1,2,20,17.0
3617563,7,1,18,60.0
767160,2,6,22,27.0
2710641,5,6,15,105.0
3551488,6,4,15,1.0
6526485,12,1,21,21.0
4046151,7,5,18,79.0
1084242,2,4,19,7.0
4465804,8,1,10,11.0
2427966,5,3,15,17.0
1069700,2,3,14,10.0
351420,1,1,18,32.0
5208152,9,6,20,43.0
6620953,12,7,16,2.0
4741020,8,4,7,67.0
1910906,4,5,19,15.0
3147469,6,1,5,61.0
2053846,4,3,21,20.0
4788066,8,5,6,8.0
675868,2,7,12,2.0
60688,1,1,17,9.0
3231657,6,2,7,27.0
4103447,7,3,15,18.0
1970676,4,2,20,32.0
1634821,3,7,10,34.0
3758389,7,1,7,17.0
3013133,6,7,19,2.0
6929138,12,6,14,9.0
3484922,6,5,18,26.0
6856071,12,2,17,35.0
4751239,8,4,20,17.0
332525,1,7,15,58.0
1505315,3,2,13,91.0
6414368,11,5,23,4.0
1054299,2,6,11,8.0
298529,1,3,19,12.0
3396669,6,6,11,17.0
814958,2,2,17,32.0
413010,1,7,6,17.0
2004773,4,4,11,7.0
505730,1,6,9,18.0
848919,2,5,14,19.0
5028239,9,3,15,48.0
1086586,2,4,9,110.0
98276,1,5,8,102.0
2907780,5,3,18,127.0
95203,1,3,14,23.0
5271793,9,5,8,16.0
6603267,12,1,11,49.0
2282050,4,6,6,22.0
4047860,7,1,13,11.0
3071403,6,3,12,42.0
179916,1,1,10,194.0
430679,1,4,8,9.0
2489185,5,3,19,94.0
1950380,4,1,16,13.0
4325902,8,6,12,19.0
6168706,11,5,20,28.0
2110523,4,5,16,17.0
3268237,6,3,15,1.0
3083311,6,7,17,4.0
444550,1,3,15,116.0
6018269,11,3,10,9.0
2842764,5,7,22,19.0
6586148,12,3,16,172.0
6539388,12,5,14,14.0
6862030,12,3,21,31.0
4277840,8,6,19,16.0
60176,1,1,15,8.0
5011273,9,5,10,20.0
6576353,12,5,6,52.0
6776319,12,3,10,3.0
3433594,6,5,17,57.0
2422995,5,2,18,19.0
2892855,5,3,11,7.0
5082313,9,2,7,33.0
2852170,5,1,9,18.0
1206143,3,3,13,101.0
4042573,7,5,6,23.0
4215557,7,7,18,8.0
6065905,11,5,11,18.0
6772693,12,7,12,17.0
5587521,10,3,13,23.0
4914475,9,3,19,29.0
246498,1,3,10,10.0
1742452,3,7,16,7.0
1615155,3,4,9,58.0
4789193,8,7,18,19.0
912015,2,7,13,72.0
569076,1,1,6,14.0
462557,1,2,10,104.0
2171603,4,5,10,21.0
1425868,3,7,12,9.0
1500577,3,1,21,20.0
2804925,5,4,13,11.0
3310151,6,5,22,4.0
3811147,7,7,10,143.0
4383425,8,5,20,43.0
667076,2,4,17,8.0
5548304,10,7,13,2.0
5275188,9,6,19,41.0
6486660,12,2,21,10.0
6937882,12,3,13,86.0
1057340,2,4,13,42.0
5083284,9,3,16,14.0
757626,2,7,9,12.0
3726353,7,6,17,20.0
3944076,7,3,11,9.0
4105055,7,1,9,10.0
2908120,5,7,20,15.0
4839810,8,3,11,2.0
4548540,8,1,21,57.0
515989,1,4,21,12.0
6745556,12,6,19,60.0
4071617,7,5,13,107.0
653516,2,7,21,12.0
6856762,12,4,9,33.0
2899824,5,4,11,32.0
6761885,12,4,18,176.0
5693374,10,3,8,23.0
345652,1,4,9,38.0
6767513,12,4,6,69.0
6283783,11,4,7,19.0
3051415,6,4,17,58.0
864676,2,4,19,56.0
64281,1,2,15,19.0
4278751,8,6,14,2.0
2798302,5,5,17,15.0
4818128,8,5,7,16.0
5365840,9,5,14,21.0
6525466,12,1,8,82.0
2429800,5,4,12,29.0
4673633,8,1,21,7.0
4396991,8,1,8,19.0
4175036,7,7,20,2.0
3565981,6,4,18,10.0
79448,1,7,14,26.0
2995049,5,7,10,59.0
435523,1,7,7,78.0
4487459,8,7,8,16.0
6802957,12,7,7,2.0
1147081,2,4,18,63.0
3757829,7,1,9,234.0
3381829,6,5,14,23.0
1039787,2,7,9,201.0
6542145,12,6,11,73.0
6787598,12,4,18,12.0
5873726,10,1,15,9.0
3993847,7,1,13,20.0
3005879,6,4,21,18.0
1524764,3,6,21,50.0
3157518,6,3,16,37.0
3633700,7,5,16,5.0
6029551,11,7,20,18.0
3503233,6,7,14,164.0
3573523,6,6,20,51.0
1716734,3,4,20,138.0
1383044,3,7,19,19.0
3227191,6,7,11,11.0
2913865,5,3,18,91.0
1868363,4,6,20,1.0
4646935,8,5,16,25.0
6763154,12,5,17,35.0
3513651,6,2,7,22.0
2813669,5,3,13,14.0
1234280,3,4,15,15.0
6211589,11,4,9,3.0
4547029,8,7,21,20.0
6546610,12,1,15,28.0
5528987,10,5,16,21.0
6726399,12,7,11,13.0
2910839,5,5,18,6.0
5925570,10,4,17,6.0
79446,1,7,11,49.0
1789616,3,7,7,48.0
4408651,8,7,18,30.0
6009982,11,1,21,19.0
4690294,8,7,13,19.0
5129436,9,7,18,61.0
4491693,8,4,9,25.0
694015,2,5,13,2.0
142940,1,7,6,56.0
6878003,12,1,9,20.0
3671921,7,3,16,2.0
5322545,9,2,9,4.0
1736363,3,5,11,2.0
984312,2,1,13,88.0
1217022,3,6,17,7.0
2493868,5,7,18,6.0
3757491,7,7,12,17.0
5684045,10,5,15,13.0
1688472,3,3,9,75.0
2109573,4,2,17,19.0
3071057,6,3,16,45.0
2363815,4,3,22,18.0
6980996,12,4,15,18.0
1812575,4,3,14,3.0
6715515,12,5,8,98.0
3711855,7,1,16,108.0
6838155,12,4,12,44.0
931948,2,6,9,7.0
3220013,6,7,17,7.0
4148239,7,5,16,102.0
5668313,10,7,11,5.0
734665,2,1,13,50.0
4989345,9,1,7,15.0
1462534,3,4,13,2.0
4768446,8,3,21,27.0
4407018,8,6,21,34.0
49044,1,5,13,4.0
4376551,8,2,13,26.0
3711820,7,1,20,81.0
4493108,8,4,17,6.0
4578287,8,5,7,35.0
2535431,5,6,16,47.0
3337158,6,3,14,9.0
6775767,12,7,17,7.0
1457483,3,7,11,106.0
132662,1,6,14,183.0
6704637,12,3,14,15.0
1131937,2,2,19,7.0
3518138,6,7,13,27.0
1407464,3,5,6,11.0
2485958,5,1,7,11.0
402944,1,6,10,22.0
2805348,5,1,16,25.0
1270495,3,1,8,12.0
6309147,11,4,19,7.0
4344306,8,2,15,111.0
457641,1,6,10,20.0
7731,1,6,15,3.0
1668496,3,7,19,14.0
1796253,4,5,17,2.0
791600,2,1,19,89.0
4998094,9,3,11,26.0
3426740,6,5,16,4.0
3082900,6,6,13,20.0
2425619,5,3,13,1.0
2475902,5,4,11,25.0
776578,2,5,8,58.0
3444912,6,7,18,43.0
2172385,4,3,7,20.0
6267655,11,6,20,23.0
1234335,3,4,17,1.0
91246,1,4,20,30.0
1386485,3,2,16,23.0
3050764,6,4,14,6.0
226497,1,3,12,6.0
5769491,10,3,13,6.0
2910624,5,7,12,2.0
328736,1,4,15,66.0
2645935,5,4,7,36.0
1807874,4,2,19,44.0
11692,1,7,15,15.0
6767209,12,5,12,13.0
4461950,8,1,7,21.0
4117132,7,2,19,12.0
1379697,3,5,8,22.0
5498555,10,2,14,213.0
4430917,8,7,11,36.0
2030574,4,3,17,17.0
156114,1,4,15,38.0
6351633,11,1,21,16.0
945704,2,1,11,12.0
4369324,8,6,9,94.0
6979943,12,6,7,150.0
2211298,4,2,9,19.0
612861,2,2,12,1.0
229188,1,3,21,15.0
1486795,3,4,20,45.0
5702776,10,6,9,24.0
2460570,5,6,10,6.0
3463439,6,3,9,22.0
2108968,4,1,16,52.0
959829,2,5,8,19.0
4736703,8,6,18,152.0
2280938,4,2,11,3.0
104839,1,7,20,24.0
3239770,6,7,17,12.0
4822518,8,4,19,28.0
207614,1,5,12,74.0
2459190,5,6,18,3.0
250713,1,4,6,62.0
1228302,3,3,20,2.0
2799800,5,5,10,22.0
3560127,6,7,13,25.0
3566515,6,4,11,25.0
4333092,8,4,9,139.0
2221157,4,6,6,6.0
1294964,3,7,12,17.0
6005812,11,7,8,3.0
3367433,6,4,15,3.0
4659490,8,5,14,10.0
5754796,10,2,8,18.0
1831027,4,2,17,6.0
5469425,10,3,20,5.0
1435479,3,1,18,52.0
2600686,5,4,12,12.0
6249815,11,5,8,6.0
556792,1,7,13,5.0
2372792,4,5,8,30.0
1458275,3,1,7,12.0
6802921,12,7,6,20.0
6307686,11,2,7,20.0
1201252,3,1,10,16.0
2867101,5,4,18,10.0
4069326,7,1,17,14.0
1515816,3,7,5,31.0
5582323,10,1,8,23.0
5522675,10,4,11,55.0
1232384,3,4,19,8.0
785808,2,4,12,65.0
4538514,8,7,11,4.0
4818117,8,4,9,21.0
651966,2,7,16,3.0
5336961,9,6,9,47.0
4477213,8,2,22,76.0
1513081,3,3,12,165.0
810938,2,5,19,138.0
3427915,6,6,8,8.0
4651568,8,5,10,582.0
3050462,6,4,21,4.0
2109764,4,2,16,26.0
996037,2,3,16,16.0
6246753,11,7,14,3.0
4178668,7,7,18,4.0
1356175,3,5,15,19.0
3348135,6,7,12,5.0
6701459,12,7,12,11.0
5675409,10,5,7,12.0
3839106,7,2,6,106.0
767976,2,7,17,22.0
3443154,6,5,13,41.0
1115475,2,7,7,21.0
3228201,6,1,21,61.0
1994497,4,6,7,77.0
993779,2,1,10,175.0
2533507,5,4,17,26.0
4149104,7,5,17,18.0
5077618,9,5,13,44.0
3013807,6,7,16,8.0
744622,2,1,14,35.0
6912155,12,4,6,162.0
713219,2,3,16,20.0
5047660,9,7,11,153.0
4010009,7,4,18,7.0
3766897,7,2,18,36.0
4173689,7,5,8,27.0
3371147,6,7,15,76.0
2645931,5,4,7,1.0
2660308,5,2,11,1.0
3546146,6,1,14,11.0
1307805,3,6,6,67.0
3427278,6,7,17,20.0
6229508,11,7,9,12.0
3628200,7,4,18,66.0
1213204,3,5,18,112.0
3053795,6,5,17,2.0
1590159,3,1,17,71.0
3006682,6,5,6,20.0
4517157,8,1,16,15.0
4950515,9,3,15,10.0
59130,1,1,15,54.0
1282424,3,4,18,13.0
857587,2,5,20,2.0
673095,2,6,13,10.0
2375446,4,7,11,34.0
4361084,8,1,14,90.0
2625485,5,5,10,91.0
4946328,9,6,7,19.0
2987443,5,7,17,183.0
7006919,12,4,14,1.0
1616916,3,3,10,19.0
4240095,8,2,20,42.0
2202960,4,3,13,11.0
1922401,4,7,12,52.0
5938475,10,7,15,1.0
2731443,5,5,16,25.0
4489270,8,5,16,11.0
6522561,12,7,20,15.0
769421,2,7,18,23.0
3093191,6,4,16,14.0
6655772,12,5,16,13.0
759780,2,4,15,24.0
5712616,10,3,21,12.0
696135,2,1,8,44.0
4785728,8,1,19,67.0
1630860,3,1,6,25.0
5334952,9,1,12,12.0
1215642,3,6,13,15.0
1509934,3,1,12,15.0
6883199,12,5,15,139.0
3524670,6,7,9,18.0
2083293,4,2,18,17.0
1669541,3,1,11,43.0
3921216,7,2,20,5.0
3767803,7,6,14,22.0
6765136,12,1,10,17.0
4222797,7,6,15,11.0
929327,2,5,11,57.0
6215664,11,1,21,19.0
2630555,5,6,10,16.0
4174385,7,6,23,22.0
3094652,6,2,16,9.0
3242222,6,5,18,5.0
6580078,12,1,11,12.0
6994389,12,1,17,21.0
3094767,6,3,12,22.0
2038469,4,2,11,8.0
266072,1,2,13,103.0
3621406,7,2,18,8.0
225286,1,7,10,35.0
4140250,7,2,21,24.0
4795745,8,5,14,7.0
6759652,12,1,11,7.0
2323209,4,5,19,6.0
3620793,7,2,16,25.0
3950801,7,2,20,119.0
1906593,4,6,12,10.0
2369388,4,2,7,24.0
6725850,12,7,19,2.0
2795543,5,3,8,551.0
4579241,8,5,12,7.0
4713064,8,6,11,2.0
116546,1,3,14,87.0
295823,1,2,16,16.0
3380437,6,2,13,6.0
1671848,3,7,21,185.0
6029811,11,7,6,48.0
6308236,11,7,17,42.0
3051260,6,4,18,6.0
3426035,6,6,19,9.0
910820,2,5,17,8.0
3504776,6,1,10,16.0
1056189,2,7,15,14.0
5056522,9,4,6,43.0
1000399,2,2,8,1.0
1229516,3,3,12,9.0
3210554,6,6,19,155.0
3320405,6,7,9,154.0
4177232,7,4,7,276.0
1368743,3,5,15,23.0
4568732,8,3,15,27.0
3129176,6,5,15,32.0
4744583,8,1,13,5.0
6185653,11,5,9,3.0
4712346,8,4,17,47.0
1062880,2,3,19,6.0
2379541,4,3,19,51.0
3248582,6,2,17,109.0
1010509,2,5,14,5.0
6747762,12,1,15,3.0
6898101,12,3,23,15.0
3422023,6,1,21,27.0
4339794,8,6,7,25.0
4441887,8,6,13,23.0
953406,2,5,16,263.0
4014593,7,4,7,32.0
1084156,2,5,11,195.0
2664872,5,5,17,13.0
498253,1,4,16,42.0
5746341,10,1,11,46.0
2913074,5,5,21,13.0
3328214,6,4,13,15.0
1216799,3,6,17,6.0
3073159,6,3,17,9.0
1072728,2,2,16,18.0
2883815,5,2,15,19.0
41657,1,2,11,16.0
3807714,7,5,18,14.0
1156678,2,4,20,14.0
6371455,11,1,16,46.0
4176194,7,2,8,91.0
1265598,3,7,10,7.0
4771318,8,2,13,1.0
5851048,10,2,12,202.0
4786785,8,3,8,16.0
4142617,7,2,12,28.0
6746055,12,7,12,7.0
1720699,3,7,19,115.0
2438921,5,7,19,11.0
5408728,10,5,11,19.0
938376,2,4,10,15.0
2365187,4,6,15,9.0
4396885,8,1,20,35.0
5305329,9,7,19,12.0
2011537,4,6,10,13.0
510637,1,4,12,8.0
3094095,6,7,9,9.0
125393,1,3,19,52.0
5618451,10,3,8,49.0
3402500,6,5,8,17.0
4955300,9,3,18,3.0
6831254,12,3,12,47.0
606896,2,7,16,7.0
6520382,12,6,17,12.0
3060784,6,7,21,9.0
268645,1,4,7,16.0
1348860,3,7,15,27.0
308815,1,7,6,94.0
1347558,3,7,12,59.0
125348,1,4,18,1.0
2077292,4,7,18,6.0
391130,1,5,14,26.0
1312002,3,4,17,92.0
4224159,7,7,22,280.0
2170691,4,3,7,65.0
4190942,7,4,12,50.0
3432985,6,5,10,7.0
6640846,12,6,14,6.0
4593320,8,1,7,6.0
1258726,3,5,14,1.0
6553542,12,3,9,15.0
1945300,4,7,14,39.0
2954719,5,6,15,4.0
5147739,9,2,9,32.0
2390775,5,6,17,33.0
201281,1,1,7,67.0
4679294,8,5,14,12.0
3370671,6,1,12,1.0
5897918,10,6,16,12.0
3423625,6,1,8,10.0
6352403,11,7,6,97.0
5135331,9,5,17,97.0
3116904,6,7,21,207.0
6764917,12,4,15,7.0
578716,1,1,19,7.0
2638251,5,3,8,12.0
1971585,4,3,18,40.0
866263,2,5,18,39.0
4669766,8,3,6,23.0
6368681,11,7,6,70.0
496879,1,6,16,23.0
6678122,12,5,19,13.0
4689181,8,4,13,4.0
2005608,4,4,11,12.0
2372974,4,5,18,26.0
961839,2,4,17,11.0
1124325,2,3,7,176.0
6823879,12,2,17,16.0
5733971,10,3,13,30.0
4680220,8,7,17,32.0
3302955,6,7,7,18.0
3430462,6,6,8,264.0
3440389,6,1,16,9.0
1273843,3,4,16,3.0
6775558,12,1,13,12.0
6885278,12,4,19,53.0
2393635,5,7,14,4.0
2326423,4,3,11,7.0
5409992,10,5,7,50.0
6875447,12,2,19,26.0
1723812,3,7,15,4.0
371844,1,7,13,13.0
5936687,10,6,9,27.0
362573,1,7,10,5.0
750009,2,1,10,20.0
6381239,11,4,8,63.0
2262534,4,2,8,48.0
1874697,4,1,14,23.0
4029855,7,7,17,5.0
4047729,7,2,7,210.0
3061900,6,7,21,33.0
6732515,12,1,8,68.0
1470624,3,3,13,14.0
6964393,12,6,14,40.0
1513743,3,1,19,65.0
3624866,7,3,20,40.0
6764907,12,7,15,9.0
1343974,3,5,13,10.0
4683818,8,7,6,34.0
3911169,7,4,19,19.0
2312004,4,5,21,3.0
2951611,5,1,18,33.0
887523,2,5,15,3.0
4385574,8,1,21,17.0
2602836,5,5,15,27.0
6092352,11,4,12,5.0
3090350,6,2,8,32.0
2876346,5,6,18,89.0
6815772,12,4,14,8.0
1127493,2,2,8,8.0
2272607,4,1,17,39.0
3906244,7,7,20,42.0
2054835,4,4,8,3.0
6950146,12,5,14,79.0
2498423,5,5,21,48.0
6956987,12,5,12,15.0
3227144,6,4,10,246.0
4460216,8,5,5,14.0
3836082,7,7,21,43.0
2704429,5,4,16,28.0
1956493,4,4,15,33.0
2718157,5,5,21,152.0
4457385,8,4,22,6.0
1008562,2,5,17,17.0
640688,2,3,18,11.0
255207,1,2,8,63.0
6498948,12,6,14,1.0
3732432,7,6,12,17.0
3240151,6,1,11,74.0
2597317,5,2,13,22.0
4983795,9,4,15,21.0
2114953,4,5,14,61.0
4205207,7,2,20,41.0
2522920,5,3,16,20.0
560581,1,7,12,6.0
789550,2,6,8,47.0
254478,1,2,20,25.0
1673251,3,6,11,1.0
1563574,3,7,12,1.0
6199192,11,7,13,86.0
6832338,12,1,17,24.0
2790944,5,7,21,24.0
2216304,4,6,13,9.0
3590700,6,1,15,6.0
4510510,8,3,21,10.0
3207148,6,4,13,31.0
1185428,3,4,8,17.0
3030437,6,5,8,4.0
6601985,12,3,6,54.0
6751454,12,5,15,47.0
569696,1,4,18,18.0
953931,2,6,22,61.0
4299907,8,5,8,19.0
6760413,12,1,18,27.0
3961382,7,6,8,16.0
3693225,7,2,13,47.0
347618,1,7,13,28.0
2698227,5,5,14,51.0
3922614,7,3,19,16.0
6546973,12,1,12,43.0
346854,1,4,15,10.0
4130610,7,5,20,23.0
7004932,12,2,9,6.0
1687230,3,1,7,138.0
6520917,12,6,17,5.0
4388016,8,7,9,77.0
238118,1,3,10,8.0
2277192,4,7,13,11.0
2744224,5,3,8,20.0
4331073,8,7,19,2.0
2881745,5,4,10,36.0
6520799,12,6,15,4.0
544938,1,1,19,3.0
3732597,7,2,11,44.0
1249484,3,2,7,8.0
2760963,5,4,9,3.0
4178188,7,6,19,9.0
751349,2,3,17,30.0
782085,2,2,13,97.0
3900334,7,3,10,15.0
4814082,8,3,17,1.0
3852861,7,2,13,9.0
5385115,9,2,15,5.0
4216032,7,1,8,96.0
1785079,3,4,12,6.0
249852,1,4,8,15.0
5569883,10,5,14,296.0
3226069,6,2,7,19.0
3395335,6,6,13,3.0
6401862,11,3,7,75.0
3664085,7,7,20,37.0
725060,2,3,8,3.0
3038299,6,7,18,4.0
5910042,10,1,17,5.0
2630713,5,4,12,7.0
6706446,12,4,18,2.0
4110359,7,7,15,63.0
679028,2,1,6,11.0
242508,1,2,10,11.0
5376012,9,1,17,131.0
5903580,10,2,20,76.0
6695051,12,2,13,71.0
2019239,4,6,6,55.0
3521606,6,7,17,5.0
443133,1,5,21,4.0
1788717,3,7,13,3.0
1180023,3,2,18,4.0
5328782,9,4,9,17.0
337198,1,4,18,15.0
1532664,3,6,18,34.0
2520983,5,7,6,36.0
671395,2,5,19,1.0
2287426,4,7,22,14.0
4512379,8,5,19,10.0
3956888,7,5,6,437.0
6531225,12,2,11,8.0
1908788,4,2,13,2.0
6670883,12,3,7,20.0
2805096,5,1,14,57.0
1711866,3,6,19,20.0
3151429,6,7,18,87.0
3822617,7,7,10,52.0
904752,2,2,15,2.0
3395463,6,1,7,21.0
437081,1,3,15,21.0
3533974,6,7,21,12.0
151594,1,3,9,25.0
240856,1,1,13,9.0
1192165,3,6,15,21.0
2235874,4,2,19,17.0
2736990,5,4,14,21.0
4823679,8,4,14,17.0
5678055,10,1,7,10.0
2615346,5,4,11,6.0
3391860,6,2,11,31.0
5048479,9,2,14,213.0
621568,2,4,17,8.0
3703034,7,3,18,2.0
2444105,5,1,8,3.0
4972874,9,7,16,101.0
4454318,8,5,11,92.0
929827,2,7,12,97.0
3334857,6,6,8,64.0
5457296,10,6,18,57.0
2080179,4,3,16,41.0
6594764,12,2,14,55.0
93792,1,4,20,3.0
1245223,3,1,8,5.0
1055976,2,4,20,17.0
4496388,8,6,19,7.0
1369287,3,6,21,46.0
236757,1,1,17,14.0
1356860,3,5,21,39.0
6832279,12,2,9,10.0
1881768,4,3,9,18.0
4002692,7,1,9,9.0
6885240,12,6,6,28.0
4218293,7,2,6,204.0
418890,1,4,22,26.0
1040929,2,4,21,74.0
1018935,2,5,8,17.0
1995494,4,7,14,43.0
433392,1,3,18,26.0
3144087,6,4,16,76.0
4337409,8,3,20,30.0
4753309,8,6,17,18.0
1850671,4,1,15,51.0
3440496,6,4,18,27.0
4745110,8,5,8,34.0
2282940,4,5,14,10.0
1000656,2,4,18,15.0
4391377,8,6,17,25.0
6472682,12,5,17,55.0
648435,2,5,14,19.0
5382550,9,7,19,6.0
5207761,9,4,18,36.0
1062315,2,1,19,14.0
192061,1,2,16,17.0
4470996,8,3,16,15.0
4784886,8,7,19,15.0
1507159,3,1,21,60.0
759167,2,3,11,30.0
5749748,10,3,11,24.0
2900812,5,7,20,176.0
6997134,12,3,21,15.0
6426570,11,7,7,45.0
593520,1,6,18,9.0
1484636,3,3,15,33.0
3941040,7,1,17,120.0
3836078,7,2,21,16.0
255970,1,6,6,6.0
3079106,6,5,18,1.0
5939117,10,1,16,22.0
6950367,12,6,7,28.0
1465713,3,7,9,18.0
3929456,7,1,11,23.0
2107752,4,2,15,24.0
3242421,6,3,14,151.0
3500526,6,7,20,15.0
3179307,6,1,6,25.0
6733470,12,1,20,5.0
3497169,6,3,19,33.0
1272406,3,7,9,3.0
6980612,12,5,11,2.0
6518718,12,5,12,46.0
2763785,5,1,10,26.0
87312,1,3,9,37.0
590069,1,3,15,37.0
3250804,6,4,8,15.0
2633672,5,7,17,13.0
3620930,7,2,21,3.0
2516305,5,7,16,3.0
1193333,3,6,18,36.0
1739969,3,5,18,1.0
3109927,6,1,18,9.0
4832339,8,4,16,4.0
5075762,9,3,20,14.0
210368,1,7,15,36.0
3194613,6,4,19,28.0
4754558,8,7,19,4.0
4164294,7,2,18,10.0
6542096,12,6,9,43.0
1291708,3,6,18,31.0
6925708,12,6,15,27.0
1712813,3,1,16,1.0
4780832,8,7,18,67.0
492999,1,3,19,4.0
3775199,7,5,16,140.0
479697,1,2,13,49.0
1486286,3,4,11,20.0
535821,1,7,13,20.0
1723253,3,6,6,9.0
5251228,9,7,14,11.0
3142894,6,2,8,16.0
6657147,12,4,6,26.0
3450179,6,1,12,62.0
1314494,3,1,8,26.0
5615854,10,5,17,7.0
6775497,12,3,12,46.0
1093950,2,3,11,28.0
645459,2,4,18,7.0
2188112,4,1,15,36.0
927603,2,5,9,15.0
4126850,7,3,10,22.0
4352896,8,2,20,161.0
86490,1,2,17,9.0
3325276,6,4,14,21.0
181022,1,2,9,41.0
1002399,2,5,16,112.0
828257,2,5,10,38.0
341380,1,7,18,15.0
6230515,11,6,7,69.0
262187,1,6,18,6.0
1938536,4,1,12,46.0
738924,2,7,12,23.0
6945444,12,6,9,21.0
6030060,11,7,18,12.0
4626652,8,5,12,35.0
4280237,8,7,18,4.0
6612443,12,1,13,48.0
3310191,6,5,23,2.0
4211324,7,3,8,34.0
335673,1,6,19,22.0
6634089,12,3,12,7.0
2343159,4,4,17,267.0
5054167,9,3,9,22.0
3841572,7,1,11,201.0
4046411,7,5,18,18.0
5779549,10,7,9,8.0
4221901,7,5,8,5.0
6060265,11,3,12,35.0
6417664,11,5,16,19.0
2817868,5,5,11,1.0
825867,2,5,18,15.0
2253717,4,5,13,47.0
2279668,4,7,16,11.0
6532725,12,3,14,16.0
3247126,6,5,13,84.0
5389996,10,6,6,21.0
6821279,12,7,14,4.0
4500079,8,2,20,15.0
1411741,3,3,18,26.0
6471007,12,4,10,29.0
7006708,12,4,5,107.0
3033249,6,6,19,3.0
182678,1,3,9,33.0
115886,1,1,20,32.0
6590588,12,3,18,31.0
3760907,7,2,9,56.0
6527157,12,1,18,7.0
1298146,3,2,10,24.0
5462552,10,1,9,87.0
964385,2,4,11,31.0
6802642,12,7,10,9.0
869860,2,1,18,56.0
1795261,4,5,18,1.0
1049690,2,3,21,30.0
6402722,11,5,17,2.0
2900828,5,2,20,146.0
837435,2,7,8,77.0
2233615,4,5,15,16.0
5643951,10,3,9,19.0
5071531,9,1,17,7.0
324720,1,4,10,18.0
3662970,7,7,21,3.0
1031357,2,6,12,17.0
3163986,6,7,10,53.0
1492879,3,2,21,25.0
498770,1,7,9,9.0
4269572,8,3,16,50.0
278255,1,5,8,6.0
6136974,11,1,20,119.0
2439757,5,7,14,1.0
5188937,9,1,17,33.0
3554615,6,7,21,8.0
3309488,6,5,7,70.0
1495638,3,4,17,1.0
1313147,3,6,19,22.0
242516,1,3,13,7.0
8246,1,6,14,49.0
166691,1,1,12,90.0
3871048,7,4,17,16.0
6911716,12,3,12,13.0
2460158,5,6,19,5.0
5779206,10,6,8,65.0
6551751,12,2,16,5.0
3505598,6,2,11,212.0
4155803,7,1,19,17.0
1092791,2,4,8,10.0
7843,1,6,12,7.0
3059920,6,7,15,10.0
3436363,6,7,17,36.0
324062,1,5,9,34.0
4403188,8,5,10,18.0
2126583,4,7,20,256.0
648441,2,5,11,24.0
4675651,8,6,10,20.0
329580,1,5,13,25.0
6858473,12,3,17,23.0
1709944,3,5,16,14.0
331046,1,4,8,29.0
1367905,3,5,17,88.0
5525609,10,5,17,151.0
6289299,11,3,15,2.0
354067,1,2,14,12.0
6718178,12,7,18,21.0
2918170,5,2,13,7.0
509130,1,3,7,81.0
2984557,5,5,16,27.0
2727572,5,4,19,12.0
1688853,3,3,14,5.0
5376265,9,1,18,53.0
1008776,2,7,17,51.0
3754627,7,3,10,257.0
4756952,8,6,18,2.0
6473749,12,5,17,4.0
116733,1,2,19,16.0
4481720,8,5,8,9.0
2366825,4,4,18,20.0
2920869,5,7,17,10.0
202325,1,1,20,124.0
3882599,7,3,22,51.0
1778931,3,6,18,19.0
4580332,8,4,7,46.0
3079020,6,5,18,2.0
3192003,6,2,21,14.0
1091118,2,6,15,28.0
5198776,9,7,16,120.0
3536341,6,5,20,2.0
3470743,6,7,13,45.0
1365786,3,4,15,42.0
6962698,12,3,14,5.0
6740878,12,2,16,14.0
1924495,4,3,18,167.0
5588028,10,6,12,32.0
648857,2,5,18,4.0
1628824,3,5,10,111.0
4314558,8,3,13,4.0
6081546,11,5,21,25.0
3137958,6,3,10,99.0
1724656,3,6,23,12.0
2665692,5,6,20,168.0
1618882,3,1,22,17.0
4376776,8,2,10,157.0
6982551,12,2,15,13.0
2834691,5,3,17,26.0
5952400,11,4,16,12.0
6895356,12,1,15,92.0
3655633,7,5,11,1.0
2342197,4,3,13,19.0
1392895,3,6,11,22.0
2377039,4,1,21,15.0
5307649,9,7,17,2.0
2194003,4,1,14,24.0
5212697,9,1,8,88.0
3066447,6,2,11,1.0
6364154,11,2,22,33.0
6596927,12,5,8,32.0
942645,2,4,11,27.0
4764860,8,7,13,17.0
4346629,8,1,11,26.0
636779,2,2,17,11.0
2888105,5,7,6,22.0
6688931,12,7,21,60.0
4428917,8,5,12,1.0
5048356,9,1,8,6.0
4478729,8,3,18,118.0
4379652,8,6,16,57.0
517583,1,3,18,20.0
5375293,9,1,18,63.0
6444327,11,4,15,42.0
4164218,7,2,13,1.0
4203532,7,4,19,101.0
4974653,9,3,17,59.0
5597082,10,1,19,57.0
6712300,12,2,13,28.0
469523,1,1,9,66.0
4113730,7,2,7,102.0
2738566,5,3,10,17.0
1743572,3,1,14,2.0
4478630,8,3,9,41.0
2702183,5,2,0,12.0
4045007,7,1,10,49.0
6810078,12,6,14,17.0
1007251,2,6,7,56.0
337212,1,4,10,17.0
3933195,7,4,23,122.0
1236343,3,5,9,4.0
1042480,2,3,19,15.0
1813943,4,4,7,1.0
3433418,6,4,13,6.0
1778595,3,6,18,136.0
6674209,12,3,20,21.0
2951339,5,4,12,12.0
2471984,5,3,15,18.0
1136073,2,5,7,11.0
2884925,5,1,14,370.0
3923301,7,3,7,67.0
3960560,7,3,23,6.0
3643028,7,1,18,8.0
6943454,12,1,20,15.0
4724523,8,3,10,57.0
1511668,3,6,14,19.0
3651595,7,4,18,8.0
5466051,10,2,14,16.0
1201976,3,2,12,11.0
1037312,2,5,19,35.0
6759370,12,7,6,13.0
2482449,5,6,10,2.0
271569,1,7,18,3.0
4148974,7,4,17,11.0
4114834,7,4,7,7.0
6250037,11,7,14,23.0
6603395,12,1,15,132.0
1748250,3,5,16,18.0
6669816,12,1,8,13.0
6718290,12,7,8,22.0
4247748,8,4,18,2.0
5792550,10,1,19,15.0
1972642,4,4,9,3.0
5454724,10,5,20,25.0
3521429,6,1,12,9.0
6517084,12,5,20,6.0
1269217,3,1,21,9.0
4202297,7,4,21,59.0
10740,1,7,13,6.0
3226566,6,2,9,8.0
9849,1,7,20,3.0
366070,1,5,14,12.0
55317,1,7,10,111.0
457318,1,4,15,55.0
737869,2,6,14,92.0
4460821,8,3,16,25.0
2675876,5,7,7,82.0
4384937,8,7,10,46.0
4075459,7,5,17,7.0
2405400,5,4,10,1.0
4108638,7,6,11,15.0
6752622,12,6,10,18.0
4016285,7,2,20,26.0
1793975,4,5,15,12.0
4253718,8,6,18,1.0
6804404,12,2,17,12.0
1192670,3,6,13,8.0
2713758,5,7,17,28.0
2618975,5,4,15,29.0
3809783,7,6,6,1.0
6499445,12,6,9,91.0
3092551,6,7,18,1.0
6345563,11,5,13,8.0
6664801,12,4,20,19.0
5649215,10,1,20,4.0
46112,1,4,17,5.0
6630498,12,2,15,2.0
3592225,6,2,19,1.0
5087427,9,6,14,25.0
6602027,12,5,15,7.0
3570596,6,5,13,22.0
1060239,2,7,18,9.0
3143095,6,3,16,61.0
4485655,8,2,16,28.0
6783969,12,3,12,1.0
2385367,4,1,0,6.0
2664,1,5,15,10.0
4231782,7,6,20,18.0
4398165,8,3,5,65.0
3770852,7,1,7,120.0
5727775,10,4,16,65.0
6513380,12,4,14,16.0
2754580,5,2,11,21.0
2503097,5,6,8,11.0
1194194,3,6,10,23.0
5515286,10,7,15,31.0
3548004,6,4,8,66.0
5289283,9,1,16,58.0
5093002,9,4,18,30.0
6257487,11,5,14,25.0
2822247,5,6,6,28.0
4724184,8,5,17,10.0
1323657,3,1,8,49.0
885704,2,5,17,10.0
121151,1,3,6,192.0
100639,1,7,16,63.0
4766797,8,7,8,16.0
1232754,3,4,16,18.0
3106111,6,7,20,31.0
133771,1,1,16,31.0
4876177,9,5,12,16.0
3919471,7,7,12,38.0
3243724,6,6,17,9.0
1991122,4,4,16,196.0
2067492,4,7,10,4.0
5844,1,6,15,4.0
4839463,8,3,19,10.0
5937350,10,6,9,10.0
3058144,6,6,13,1.0
5284009,9,1,11,10.0
6931314,12,3,21,6.0
1157973,2,5,18,28.0
722885,2,3,20,25.0
5706017,10,4,8,53.0
2920439,5,6,10,12.0
5341375,9,1,15,275.0
6965220,12,7,17,119.0
3278070,6,4,18,1.0
726401,2,2,18,60.0
6980078,12,6,5,16.0
1787661,3,6,11,7.0
6838062,12,2,19,55.0
936059,2,2,10,15.0
6362449,11,7,17,6.0
4865433,9,2,16,16.0
4493103,8,6,18,5.0
5666362,10,5,20,30.0
630639,2,7,21,10.0
1472728,3,5,19,16.0
6840480,12,4,11,21.0
2635589,5,4,22,37.0
6965563,12,1,14,26.0
6529187,12,2,14,13.0
2513142,5,4,17,8.0
6405033,11,4,6,372.0
641708,2,3,20,5.0
3737647,7,6,12,89.0
6841357,12,4,19,39.0
2367910,4,7,18,135.0
1619015,3,5,17,40.0
2250506,4,5,16,74.0
4335790,8,3,7,10.0
5935622,10,5,21,19.0
3907648,7,2,19,1.0
1682875,3,3,18,11.0
3324300,6,1,15,20.0
6706982,12,5,11,2.0
4834950,8,6,22,2.0
427180,1,3,12,101.0
170948,1,3,8,17.0
1996223,4,7,17,24.0
3517978,6,4,14,6.0
993163,2,4,9,59.0
3621204,7,2,18,6.0
914055,2,1,17,108.0
1519279,3,7,16,30.0
2917503,5,3,7,92.0
5066899,9,1,11,19.0
2112645,4,4,14,108.0
1681387,3,1,14,44.0
3495736,6,1,15,85.0
6824309,12,1,15,16.0
773248,2,3,17,28.0
2869270,5,4,8,15.0
166584,1,7,18,60.0
4336028,8,2,21,49.0
4387274,8,6,19,15.0
2901573,5,5,21,17.0
59045,1,1,16,10.0
5927475,10,5,11,1.0
6767712,12,3,16,41.0
2928770,5,5,22,11.0
6530971,12,2,20,6.0
4569061,8,6,13,27.0
6840694,12,4,17,28.0
6031081,11,7,21,102.0
2582545,5,6,14,28.0
46752,1,4,19,6.0
1834664,4,3,21,16.0
6912135,12,7,9,54.0
4775524,8,5,13,7.0
1269792,3,1,15,9.0
3246303,6,6,17,48.0
1066920,2,4,12,17.0
689044,2,4,13,9.0
4581226,8,4,16,47.0
5733833,10,3,22,17.0
2614490,5,2,12,7.0
608391,2,7,17,8.0
4553813,8,5,6,22.0
2368913,4,2,16,30.0
3108479,6,7,9,70.0
3092762,6,4,16,9.0
1736747,3,6,14,7.0
4589507,8,4,8,21.0
4119157,7,3,8,6.0
1221387,3,1,12,7.0
414524,1,7,15,28.0
5557532,10,3,11,47.0
5612835,10,3,13,25.0
1014358,2,3,19,16.0
4017911,7,1,14,16.0
3092653,6,7,15,18.0
2645368,5,4,11,17.0
1045667,2,3,18,59.0
6913560,12,6,11,11.0
2603034,5,5,16,33.0
3103973,6,6,6,104.0
327935,1,7,21,48.0
675313,2,7,20,4.0
6832993,12,4,20,6.0
1455124,3,5,16,98.0
1932305,4,7,15,111.0
952284,2,3,18,9.0
6079075,11,6,18,52.0
2383699,4,7,21,2.0
1486553,3,4,13,20.0
5646466,10,5,9,3.0
2080663,4,3,19,16.0
129975,1,3,17,23.0
4749620,8,5,9,47.0
3040887,6,1,9,3.0
1216053,3,6,9,1.0
3203423,6,2,12,42.0
1393372,3,6,13,28.0
2865539,5,4,9,16.0
4733402,8,4,13,65.0
6648082,12,7,8,10.0
2340923,4,1,11,2.0
6242777,11,7,11,10.0
4234030,8,7,19,5.0
5935106,10,4,18,14.0
6525557,12,1,17,28.0
6858767,12,3,11,15.0
3326565,6,1,20,113.0
6580107,12,1,14,2.0
1485387,3,3,11,5.0
1034377,2,1,11,41.0
574936,1,4,6,78.0
3361675,6,4,23,19.0
3873811,7,3,16,23.0
4351930,8,3,21,70.0
2549804,5,1,13,5.0
6507185,12,2,11,10.0
3237015,6,1,19,16.0
2978792,5,7,21,10.0
5355911,9,1,17,3.0
5968360,11,2,13,21.0
1793615,4,5,12,1.0
5152352,9,1,17,92.0
5217451,9,6,19,79.0
6830505,12,2,14,12.0
168642,1,4,8,154.0
4876929,9,5,21,11.0
4753163,8,7,17,9.0
1950406,4,1,6,47.0
2722496,5,6,12,42.0
6542971,12,6,16,5.0
2115317,4,2,13,124.0
479771,1,7,16,12.0
5483766,10,7,10,1.0
22816,1,4,15,3.0
4728214,8,5,17,320.0
6611953,12,7,6,131.0
6965953,12,1,8,103.0
740481,2,2,19,34.0
6912822,12,6,14,41.0
6719865,12,2,16,53.0
2241347,4,5,14,29.0
6656513,12,2,7,4.0
1170519,2,1,16,12.0
3799126,7,7,15,107.0
419125,1,3,10,68.0
1906061,4,3,15,7.0
1128659,2,4,11,126.0
2874853,5,3,10,6.0
4285,1,5,14,14.0
5842085,10,2,12,74.0
3736467,7,4,14,6.0
4617214,8,7,7,19.0
1728473,3,6,21,19.0
1908055,4,4,15,23.0
1685118,3,1,7,256.0
3227027,6,7,10,6.0
5143268,9,2,15,70.0
4531326,8,6,17,14.0
6643133,12,7,8,17.0
3384941,6,2,14,51.0
2829924,5,5,16,95.0
3921861,7,2,17,293.0
5590916,10,2,12,14.0
4730961,8,5,12,16.0
6971378,12,3,13,54.0
1958925,4,5,13,90.0
1816253,4,4,8,12.0
2543471,5,4,10,10.0
5410017,10,5,19,11.0
1586532,3,7,14,5.0
5005069,9,1,16,15.0
3216469,6,1,6,68.0
6525888,12,1,16,4.0
6357001,11,7,18,30.0
3383697,6,1,12,16.0
5893598,10,3,7,129.0
3840142,7,6,10,25.0
925355,2,5,16,47.0
146227,1,4,21,28.0
5287065,9,5,13,14.0
5556942,10,1,10,5.0
3059787,6,7,19,9.0
6234745,11,2,18,29.0
3201888,6,1,17,312.0
6378213,11,2,8,87.0
654791,2,7,19,4.0
3314774,6,5,12,26.0
4329727,8,3,9,8.0
79752,1,7,8,37.0
6784997,12,7,8,19.0
6284273,11,6,6,8.0
1193150,3,6,12,7.0
1706743,3,5,15,46.0
2422249,5,2,15,8.0
1612928,3,7,18,6.0
4480251,8,1,22,15.0
792204,2,1,16,128.0
669762,2,5,12,3.0
6476677,12,6,9,10.0
3729695,7,7,18,4.0
957038,2,3,21,26.0
6810200,12,4,13,44.0
745695,2,3,5,66.0
6522191,12,6,13,9.0
6082496,11,7,10,10.0
3036632,6,7,14,4.0
3495855,6,7,18,18.0
1261526,3,5,11,11.0
5504109,10,4,13,16.0
3979541,7,1,23,31.0
3389359,6,6,18,4.0
2964609,5,2,18,16.0
129344,1,2,17,75.0
1948582,4,5,12,15.0
841762,2,1,21,11.0
7006233,12,3,18,24.0
4333920,8,3,13,215.0
3223911,6,6,12,26.0
3254415,6,6,13,43.0
5586515,10,6,12,21.0
671883,2,5,14,7.0
913071,2,5,12,160.0
921175,2,2,6,10.0
6592680,12,6,10,32.0
4669161,8,7,17,17.0
1208689,3,4,21,31.0
3921381,7,2,18,47.0
4754476,8,6,13,14.0
234263,1,4,16,56.0
3314749,6,3,10,25.0
4455894,8,1,9,229.0
5591555,10,2,8,12.0
6531046,12,2,15,14.0
1266548,3,7,21,6.0
415399,1,2,20,84.0
4631893,8,5,11,3.0
4653447,8,4,17,24.0
5211157,9,7,10,15.0
2395395,5,1,9,9.0
6974889,12,6,13,7.0
2901192,5,1,10,98.0
1936795,4,6,15,243.0
2903688,5,5,8,12.0
4260298,8,1,20,48.0
199651,1,7,9,22.0
1187517,3,4,8,12.0
6510573,12,3,17,109.0
4812863,8,7,11,50.0
723399,2,3,15,4.0
6597921,12,6,11,54.0
4111899,7,3,14,3.0
204549,1,3,11,16.0
6467142,12,3,12,14.0
6817601,12,3,19,11.0
231645,1,4,18,18.0
4819966,8,3,21,18.0
5857747,10,5,13,23.0
6534785,12,4,17,86.0
925400,2,2,7,573.0
149892,1,3,7,43.0
6731506,12,1,7,17.0
6571935,12,4,18,16.0
2843498,5,5,21,60.0
1309929,3,1,16,19.0
2480578,5,5,10,13.0
1185450,3,4,19,11.0
3146188,6,7,16,16.0
1435807,3,6,10,35.0
4051252,7,6,19,41.0
996227,2,5,15,15.0
6964934,12,7,13,10.0
444252,1,6,13,13.0
327246,1,5,12,30.0
1618451,3,1,10,64.0
6685797,12,2,22,18.0
6694826,12,1,17,3.0
318729,1,1,19,10.0
3369293,6,7,15,22.0
6068928,11,2,11,21.0
2560784,5,6,15,42.0
1843754,4,6,19,9.0
4350605,8,7,9,1.0
3062310,6,7,19,10.0
239742,1,7,10,27.0
6447317,11,7,12,222.0
6768097,12,3,11,10.0
3596184,6,5,7,42.0
2231598,4,7,19,717.0
3023264,6,3,14,15.0
1967147,4,7,17,16.0
6730574,12,1,9,18.0
5505938,10,7,16,15.0
4537335,8,6,13,81.0
484531,1,4,17,28.0
4755360,8,7,19,19.0
3424885,6,4,15,7.0
1786985,3,5,17,12.0
1614195,3,6,10,17.0
1653429,3,6,14,85.0
3322616,6,6,20,71.0
2015271,4,6,15,17.0
3985078,7,1,15,58.0
3412867,6,3,14,58.0
637403,2,2,20,57.0
3719743,7,2,16,4.0
4398763,8,4,19,53.0
1644826,3,5,21,26.0
609390,2,7,18,1.0
4358282,8,1,8,4.0
6580282,12,1,12,60.0
3221231,6,6,7,17.0
3654849,7,5,14,20.0
6657774,12,5,13,8.0
3207738,6,4,17,23.0
2277049,4,2,12,4.0
3616532,7,7,14,10.0
3976106,7,3,8,67.0
555721,1,5,9,15.0
1520542,3,1,11,48.0
824755,2,5,12,11.0
2819046,5,1,16,17.0
6266980,11,5,9,10.0
173226,1,4,12,25.0
6322859,11,5,13,20.0
4832654,8,4,18,16.0
2659789,5,1,9,14.0
2041957,4,3,8,121.0
356603,1,5,18,16.0
1196378,3,7,21,2.0
5223429,9,1,13,32.0
1623778,3,4,10,23.0
1987871,4,3,10,12.0
1773612,3,2,23,6.0
3153504,6,3,11,95.0
1067143,2,5,17,7.0
801866,2,7,13,53.0
1845977,4,6,13,3.0
2398924,5,2,19,5.0
6655102,12,2,10,3.0
3135760,6,7,18,160.0
747646,2,5,14,16.0
6996152,12,2,7,18.0
1710730,3,5,13,6.0
930798,2,1,6,45.0
1043202,2,6,11,8.0
5832019,10,1,7,93.0
6810135,12,1,16,24.0
3014474,6,7,12,62.0
617499,2,3,18,15.0
5074708,9,2,9,7.0
5573824,10,3,6,17.0
1921550,4,6,21,25.0
4835658,8,7,17,76.0
5360745,9,3,7,15.0
2189905,4,7,14,10.0
1105114,2,6,19,31.0
6970479,12,2,21,10.0
2899978,5,4,20,5.0
1059473,2,5,16,10.0
3095220,6,2,17,63.0
1724628,3,6,18,17.0
4144202,7,5,16,80.0
337691,1,3,11,64.0
5654989,10,5,10,1.0
3966837,7,3,18,5.0
2174951,4,5,10,8.0
4112222,7,3,14,2.0
412395,1,4,6,56.0
1081124,2,3,21,17.0
3371134,6,1,15,22.0
2956651,5,1,10,17.0
3144684,6,5,14,71.0
3119050,6,7,8,1.0
2538629,5,4,16,64.0
11468,1,7,16,50.0
1936144,4,5,8,33.0
162156,1,7,13,14.0
5964898,11,1,19,2.0
5175529,9,3,8,8.0
3435835,6,5,0,30.0
2777710,5,6,8,9.0
2371280,4,4,16,15.0
1688271,3,2,18,16.0
533720,1,2,16,20.0
2907137,5,5,9,27.0
3188373,6,7,14,22.0
223289,1,4,22,8.0
4791029,8,4,17,9.0
2878136,5,4,10,20.0
6527261,12,1,16,38.0
6529314,12,2,21,26.0
6932108,12,1,19,35.0
4065829,7,7,21,66.0
4976528,9,5,11,26.0
1537721,3,5,16,31.0
5917865,10,4,17,6.0
34066,1,7,21,5.0
5054550,9,7,10,92.0
6643505,12,4,15,11.0
6914753,12,2,12,207.0
6234653,11,5,21,5.0
3046398,6,3,20,4.0
156361,1,4,16,47.0
4195806,7,2,14,22.0
3102760,6,3,17,97.0
1575643,3,7,6,16.0
5742680,10,4,12,2.0
1674629,3,7,19,10.0
2119458,4,5,13,29.0
1370663,3,7,15,17.0
1593086,3,4,17,25.0
3801562,7,1,5,32.0
5625659,10,2,20,16.0
222132,1,7,19,101.0
6838604,12,1,12,5.0
4797556,8,7,20,94.0
6290230,11,4,20,10.0
1413304,3,7,18,27.0
1729290,3,7,6,27.0
439147,1,3,22,19.0
1526654,3,4,19,5.0
3051091,6,4,13,11.0
4582691,8,2,21,10.0
2732975,5,3,15,1.0
3400219,6,1,9,19.0
3090237,6,1,6,97.0
6864665,12,7,13,28.0
5043078,9,7,18,17.0
1611474,3,1,9,36.0
3029868,6,5,18,10.0
5605588,10,4,20,128.0
3592390,6,2,7,71.0
2532940,5,3,11,25.0
4163758,7,4,14,9.0
5831068,10,7,11,6.0
2843602,5,5,21,18.0
1446804,3,6,13,13.0
3653181,7,4,15,22.0
408905,1,4,14,12.0
3201979,6,1,18,180.0
539921,1,3,8,106.0
1142300,2,4,8,7.0
1600271,3,5,8,129.0
2556232,5,6,13,18.0
1788876,3,7,14,3.0
3495157,6,5,16,16.0
2482079,5,6,14,42.0
3362845,6,5,16,8.0
3096441,6,7,15,22.0
4899045,9,5,9,34.0
2199638,4,4,19,36.0
3169452,6,2,21,53.0
6228285,11,7,7,103.0
4180319,7,3,17,163.0
4205124,7,4,16,20.0
1208938,3,4,19,25.0
5938652,10,7,12,7.0
1875963,4,1,11,9.0
828255,2,3,10,61.0
4176565,7,3,8,191.0
2313132,4,2,17,166.0
999740,2,1,18,33.0
1013048,2,3,5,116.0
5528851,10,5,19,20.0
6056246,11,4,21,32.0
107966,1,1,8,19.0
4506300,8,7,16,47.0
5478137,10,5,9,37.0
402038,1,7,6,22.0
893274,2,7,18,3.0
1490106,3,7,14,10.0
6223568,11,7,10,7.0
6449790,11,7,9,91.0
2178684,4,2,6,146.0
58661,1,1,17,2.0
4132007,7,2,15,221.0
2916232,5,6,7,29.0
6684180,12,3,14,3.0
3656003,7,5,17,2.0
3101790,6,4,10,59.0
4845822,9,3,20,2.0
1832775,4,2,9,1.0
901526,2,6,8,16.0
6528244,12,1,18,1.0
1280202,3,7,10,20.0
3092957,6,5,8,13.0
6836466,12,1,9,45.0
6631684,12,1,10,46.0
1935029,4,3,21,41.0
2513303,5,5,15,5.0
233067,1,4,20,41.0
6707624,12,5,10,35.0
2624011,5,2,14,9.0
2180276,4,7,17,166.0
6996901,12,3,11,33.0
6768846,12,3,10,6.0
1674901,3,7,19,8.0
795688,2,3,13,52.0
4281544,8,7,21,13.0
430495,1,3,17,6.0
368698,1,2,15,4.0
3012983,6,7,8,58.0
276857,1,4,18,16.0
3020211,6,2,13,8.0
1096813,2,4,11,13.0
905204,2,2,7,105.0
4114444,7,7,16,22.0
443624,1,6,10,35.0
3460390,6,7,16,16.0
2834214,5,1,12,11.0
4469015,8,3,18,17.0
4633840,8,1,6,281.0
4717423,8,1,17,31.0
6279170,11,6,13,3.0
918283,2,1,21,20.0
2858546,5,4,19,20.0
1023321,2,5,17,17.0
536276,1,1,14,3.0
6984899,12,6,9,61.0
2940447,5,5,17,78.0
1536288,3,3,23,68.0
4253194,8,5,9,83.0
3332139,6,7,12,20.0
1282399,3,7,13,67.0
4501233,8,3,7,139.0
5635720,10,3,13,206.0
6965641,12,1,22,54.0
5596254,10,5,19,8.0
926392,2,2,17,7.0
282292,1,1,18,12.0
2439037,5,7,14,4.0
6552178,12,2,15,11.0
3417023,6,3,16,20.0
3614222,7,7,20,5.0
6631693,12,1,9,56.0
2033338,4,7,17,33.0
2523027,5,3,21,121.0
4667362,8,6,19,44.0
5750184,10,3,14,12.0
6871421,12,5,11,8.0
4278691,8,6,12,29.0
6524293,12,7,13,24.0
696845,2,1,7,19.0
5597686,10,1,10,6.0
2924375,5,2,10,4.0
4724730,8,1,18,24.0
3763752,7,4,10,45.0
102844,1,4,6,55.0
3370635,6,1,19,33.0
5631126,10,6,7,4.0
640685,2,3,16,9.0
6088040,11,7,15,20.0
2811360,5,4,14,289.0
2598369,5,2,8,10.0
545535,1,3,7,28.0
6829249,12,3,19,59.0
3986627,7,3,8,3.0
6528254,12,1,15,15.0
3027630,6,4,17,13.0
493042,1,5,12,2.0
547992,1,4,10,13.0
2040569,4,4,19,67.0
1572236,3,4,10,46.0
3933997,7,7,15,57.0
6264806,11,2,11,3.0
1924089,4,2,8,106.0
6070890,11,6,18,23.0
1192461,3,6,19,11.0
6779451,12,2,21,31.0
4891091,9,3,9,42.0
6816371,12,1,13,8.0
4556873,8,2,12,24.0
3697044,7,3,13,14.0
975212,2,2,16,191.0
1273681,3,6,7,24.0
6972457,12,2,15,19.0
4544192,8,4,17,19.0
3848892,7,3,17,76.0
4420048,8,7,15,20.0
5860189,10,6,11,5.0
842082,2,5,10,42.0
5000768,9,5,12,10.0
6892444,12,7,10,17.0
6644276,12,1,6,148.0
595322,1,1,11,84.0
3636215,7,6,11,18.0
1715584,3,1,19,10.0
1098101,2,3,9,10.0
5351686,9,1,15,8.0
1170617,2,1,13,53.0
3435710,6,6,9,74.0
671432,2,5,13,10.0
428537,1,6,17,24.0
4870885,9,3,16,1.0
1695005,3,6,11,17.0
6082370,11,7,20,111.0
3039315,6,1,13,2.0
3569738,6,1,12,3.0
3704200,7,3,16,17.0
849905,2,6,9,1.0
3611967,7,6,18,37.0
5471876,10,3,18,13.0
21846,1,3,11,3.0
3364068,6,7,21,68.0
3226016,6,5,14,11.0
91042,1,4,18,6.0
4891105,9,3,17,23.0
872051,2,3,18,152.0
2558301,5,5,13,8.0
2791276,5,3,12,53.0
6829950,12,1,19,29.0
4969516,9,2,8,45.0
4514928,8,7,19,19.0
3759843,7,3,18,53.0
6130815,11,1,16,25.0
920379,2,4,15,216.0
3406715,6,5,11,34.0
2988097,5,1,13,86.0
3131140,6,1,10,20.0
4614818,8,1,9,16.0
4126353,7,7,10,53.0
1200319,3,1,20,4.0
6911649,12,5,20,12.0
1338581,3,3,11,20.0
2633299,5,5,16,9.0
4047873,7,7,13,33.0
4574766,8,7,14,9.0
1060790,2,5,18,130.0
5476217,10,5,15,19.0
2006532,4,3,11,52.0
1621258,3,1,18,55.0
3851719,7,3,20,130.0
858134,2,6,16,11.0
3906543,7,1,9,49.0
523448,1,2,19,10.0
1614480,3,5,19,1.0
3146634,6,7,9,36.0
5509664,10,5,16,155.0
3384907,6,7,17,85.0
2785356,5,6,15,17.0
3631996,7,5,11,61.0
645004,2,4,9,1.0
913169,2,6,8,4.0
6029367,11,7,16,33.0
3016119,6,1,21,7.0
3007963,6,5,14,79.0
4609909,8,2,21,18.0
1922576,4,7,15,51.0
6363971,11,2,12,7.0
1589461,3,7,18,9.0
3701390,7,4,18,40.0
812538,2,6,21,178.0
328839,1,5,17,40.0
6174412,11,3,11,7.0
6686393,12,3,14,30.0
1672439,3,3,16,7.0
860375,2,1,16,7.0
3751545,7,6,22,17.0
3773400,7,2,14,45.0
195221,1,4,13,33.0
6362791,11,6,10,124.0
4626840,8,2,10,45.0
5453765,10,5,17,42.0
287187,1,5,23,36.0
4625576,8,3,6,29.0
4467356,8,5,10,9.0
1031595,2,3,10,14.0
5389933,10,6,13,10.0
6028013,11,7,10,6.0
6859230,12,7,17,3.0
6847488,12,1,17,41.0
5900153,10,3,11,14.0
2823060,5,5,14,10.0
130307,1,3,19,248.0
5354029,9,5,17,28.0
607489,2,7,8,5.0
2596427,5,1,13,70.0
5708007,10,5,14,6.0
2361698,4,5,18,171.0
2721871,5,4,13,10.0
368173,1,2,20,9.0
4582317,8,1,18,6.0
3535389,6,3,12,43.0
6757029,12,2,12,16.0
5277200,9,5,21,33.0
6395944,11,3,17,49.0
2313915,4,4,19,26.0
6822323,12,5,10,10.0
3769947,7,3,12,121.0
1755547,3,1,15,10.0
6536387,12,4,21,10.0
6228775,11,3,13,84.0
4281196,8,7,20,8.0
4415548,8,4,20,11.0
3635537,7,6,10,9.0
1404657,3,5,18,81.0
6933534,12,2,19,123.0
3264694,6,7,20,95.0
6384875,11,7,14,28.0
3129513,6,6,7,144.0
4273626,8,4,16,9.0
1560566,3,6,17,175.0
2541282,5,7,18,42.0
3189134,6,7,13,42.0
3480861,6,3,17,25.0
1698606,3,5,13,9.0
6546324,12,7,16,5.0
256998,1,2,13,1.0
4019865,7,7,11,15.0
4501445,8,3,10,28.0
3248641,6,5,11,12.0
485428,1,6,13,23.0
2525091,5,6,22,111.0
6192497,11,4,11,7.0
3157777,6,3,12,35.0
406727,1,2,20,151.0
4412018,8,2,12,25.0
1082979,2,3,13,9.0
4990864,9,3,8,92.0
3151154,6,6,9,30.0
6583013,12,5,16,54.0
641534,2,3,15,28.0
290210,1,7,8,34.0
3019677,6,2,11,47.0
4389436,8,2,10,28.0
294305,1,4,14,43.0
1282378,3,1,19,98.0
1041667,2,5,20,145.0
6973714,12,7,22,16.0
5588113,10,7,9,21.0
477808,1,3,13,37.0
508884,1,2,14,7.0
6614547,12,6,11,23.0
2867783,5,1,13,26.0
2430033,5,4,13,8.0
2456254,5,5,14,11.0
6674675,12,4,13,12.0
922294,2,5,14,40.0
2089243,4,4,22,75.0
384263,1,3,16,30.0
1913949,4,2,10,1.0
3238487,6,7,10,50.0
64157,1,2,19,2.0
4258103,8,7,19,32.0
3387964,6,3,7,138.0
1054851,2,5,16,64.0
2672689,5,4,21,6.0
2328188,4,6,6,117.0
2336295,4,7,14,138.0
548175,1,5,8,28.0
1731456,3,4,15,17.0
3210310,6,6,10,41.0
6681748,12,5,15,8.0
4985965,9,1,16,22.0
6066480,11,5,16,25.0
5522761,10,4,13,24.0
3145548,6,6,15,16.0
375146,1,1,13,43.0
6497843,12,6,10,1.0
2509266,5,3,21,1.0
6684910,12,2,19,10.0
1987288,4,3,6,36.0
1353736,3,3,14,79.0
4374973,8,7,17,62.0
3144712,6,5,20,50.0
2478959,5,5,13,1.0
6616291,12,2,17,9.0
554262,1,2,17,6.0
2271480,4,5,15,6.0
540839,1,5,18,35.0
611967,2,1,13,1.0
2686846,5,4,8,20.0
6085889,11,1,14,45.0
3508414,6,1,8,31.0
4393674,8,3,13,43.0
2642547,5,6,14,9.0
637262,2,2,14,26.0
6614586,12,6,7,55.0
6511327,12,3,19,84.0
954466,2,6,15,19.0
4498597,8,1,11,38.0
4310280,8,2,21,21.0
5520563,10,1,15,71.0
96287,1,5,13,21.0
4895973,9,4,20,7.0
2163302,4,3,18,4.0
3758144,7,1,18,52.0
4969818,9,2,14,16.0
479698,1,3,13,14.0
6068192,11,1,6,48.0
1727389,3,4,20,5.0
2977923,5,6,9,7.0
2656218,5,5,6,74.0
1955530,4,3,19,10.0
2200364,4,5,6,189.0
6522200,12,6,12,7.0
4896206,9,4,17,3.0
3577257,6,1,21,13.0
6133030,11,5,9,4.0
2020194,4,4,20,12.0
2130364,4,5,19,2.0
5699139,10,6,12,10.0
1635678,3,6,15,29.0
3432686,6,4,19,62.0
2129647,4,2,11,177.0
4443147,8,7,20,24.0
1618219,3,7,12,19.0
959295,2,7,8,16.0
6026387,11,6,13,12.0
200853,1,1,19,199.0
6774449,12,2,19,1.0
815063,2,7,18,39.0
2312738,4,6,17,28.0
6169957,11,6,17,3.0
2063308,4,3,7,26.0
982387,2,1,12,32.0
2210822,4,4,15,8.0
3853660,7,5,15,111.0
19250,1,3,12,21.0
5956742,11,5,21,40.0
6618822,12,7,18,24.0
3809616,7,6,14,50.0
4579265,8,3,14,154.0
620891,2,4,21,7.0
1330554,3,4,13,16.0
733091,2,6,14,36.0
6951136,12,1,14,9.0
6708493,12,6,13,5.0
4213790,7,6,19,26.0
3706115,7,2,16,12.0
937047,2,6,13,61.0
6030556,11,7,7,52.0
2409489,5,5,14,3.0
2228000,4,1,15,50.0
3527873,6,1,19,25.0
5347928,9,2,19,22.0
6552087,12,2,14,25.0
2723289,5,1,22,37.0
730410,2,2,7,137.0
6401983,11,3,11,10.0
1660613,3,7,13,16.0
4105302,7,3,19,17.0
506274,1,5,9,3.0
1915215,4,7,15,115.0
1696263,3,7,20,3.0
92101,1,4,15,12.0
3757364,7,7,17,281.0
1204914,3,3,8,29.0
406282,1,2,7,21.0
865508,2,5,7,36.0
6499446,12,6,10,1.0
6242867,11,2,13,12.0
6929778,12,7,9,2.0
5798780,10,4,15,18.0
5171305,9,3,19,5.0
4663966,8,2,10,23.0
1062200,2,7,15,21.0
1653720,3,2,18,25.0
4500874,8,3,18,2.0
1029829,2,2,12,1.0
2343769,4,3,22,33.0
1248934,3,2,9,3.0
6869202,12,6,9,70.0
193933,1,3,5,42.0
475080,1,4,9,22.0
298111,1,2,20,14.0
3700578,7,4,19,4.0
4744654,8,5,12,17.0
4730301,8,4,22,108.0
2658477,5,7,17,30.0
3018556,6,1,12,7.0
586139,1,4,17,25.0
2942319,5,2,22,7.0
5535081,10,6,9,72.0
312238,1,3,16,5.0
1273976,3,2,7,17.0
5046759,9,2,20,52.0
6567708,12,3,14,35.0
643423,2,4,11,25.0
3578362,6,1,11,8.0
5147125,9,1,15,32.0
2268388,4,5,9,24.0
336167,1,5,13,28.0
6983879,12,1,12,15.0
4842000,8,4,20,83.0
1489231,3,6,17,21.0
4368983,8,5,18,15.0
3855985,7,6,6,39.0
421802,1,3,6,64.0
763022,2,3,8,28.0
1213374,3,5,21,68.0
1704891,3,6,12,27.0
1707005,3,6,9,12.0
4479987,8,2,21,17.0
685053,2,3,20,55.0
6679765,12,3,19,5.0
4259726,8,7,21,8.0
1753959,3,3,7,199.0
6911942,12,5,14,2.0
2602881,5,5,15,28.0
5364496,9,7,17,75.0
772660,2,2,20,65.0
3067291,6,2,13,16.0
5992294,11,2,7,28.0
187653,1,6,10,72.0
712713,2,2,16,2.0
1728497,3,6,14,3.0
1946463,4,2,5,2.0
1614816,3,5,16,92.0
4465770,8,5,8,53.0
2954608,5,5,20,13.0
3940887,7,2,18,43.0
2451806,5,4,18,2.0
327666,1,3,15,30.0
5936733,10,6,5,6.0
600880,1,5,19,25.0
3485271,6,5,15,13.0
575768,1,2,18,18.0
2833753,5,2,9,177.0
1750011,3,6,11,15.0
346627,1,3,13,10.0
1691800,3,7,12,15.0
1366711,3,4,16,43.0
6915547,12,6,9,90.0
3674616,7,4,16,2.0
4372246,8,3,14,32.0
3670543,7,2,10,3.0
3886457,7,6,6,40.0
766752,2,6,15,38.0
1401396,3,3,11,24.0
4367232,8,3,11,83.0
615286,2,2,20,7.0
5723177,10,4,19,11.0
2236362,4,6,13,10.0
499907,1,6,8,11.0
3490077,6,2,9,210.0
138797,1,1,8,27.0
4382393,8,3,21,19.0
4592951,8,1,10,23.0
3979644,7,1,21,53.0
4697232,8,1,15,130.0
3058306,6,6,15,11.0
400568,1,2,16,51.0
3125448,6,7,10,21.0
6747467,12,1,11,29.0
739222,2,1,11,106.0
2626315,5,2,19,25.0
3838888,7,4,21,22.0
2498197,5,5,8,19.0
265300,1,2,9,19.0
3000405,6,3,20,14.0
2327167,4,5,17,36.0
798491,2,5,11,28.0
2873171,5,1,6,30.0
1271482,3,4,7,55.0
2604841,5,6,6,5.0
2520496,5,7,11,162.0
6023130,11,5,18,11.0
6542028,12,6,13,35.0
3661242,7,7,13,83.0
2538580,5,4,12,140.0
2280427,4,5,12,28.0
327622,1,2,14,58.0
6367775,11,1,13,41.0
760748,2,5,7,10.0
1603295,3,5,11,11.0
678109,2,1,20,82.0
5094884,9,5,7,7.0
4576183,8,1,10,15.0
6076592,11,1,10,47.0
852485,2,1,16,3.0
2648043,5,6,9,52.0
2879980,5,4,13,23.0
3477048,6,3,13,54.0
6649787,12,3,16,6.0
3236283,6,5,7,62.0
435387,1,3,8,90.0
134562,1,2,8,17.0
4361721,8,7,16,3.0
3766487,7,5,10,37.0
2015920,4,4,21,8.0
2903790,5,7,9,31.0
4187951,7,5,16,5.0
300113,1,3,12,45.0
4489287,8,1,16,31.0
1189327,3,5,15,31.0
6942039,12,6,12,19.0
1997410,4,1,6,31.0
1652791,3,6,6,71.0
2280793,4,6,9,37.0
4735059,8,4,10,41.0
4419215,8,7,15,5.0
4735268,8,5,8,62.0
3934678,7,5,10,7.0
3843843,7,5,11,95.0
1576868,3,7,19,34.0
6345564,11,6,13,15.0
1015213,2,5,6,9.0
930544,2,4,14,14.0
1724144,3,1,16,8.0
5342550,9,4,20,7.0
4539399,8,7,17,17.0
3659321,7,6,10,229.0
5617154,10,6,16,126.0
2380018,4,4,13,4.0
2808664,5,3,19,36.0
3957754,7,6,7,320.0
6655523,12,1,18,3.0
2200671,4,2,8,29.0
2553613,5,1,20,25.0
3839154,7,5,19,19.0
590221,1,3,12,15.0
3801988,7,2,10,15.0
6862330,12,4,6,17.0
1229847,3,3,15,34.0
260718,1,5,23,146.0
2525991,5,7,13,43.0
3394725,6,3,9,49.0
1730701,3,3,20,19.0
3526899,6,6,6,13.0
4280252,8,7,19,1.0
5042365,9,3,11,15.0
6519275,12,5,16,9.0
977900,2,2,7,5.0
1323080,3,7,17,195.0
2232295,4,3,13,49.0
3017312,6,1,18,5.0
123540,1,1,17,38.0
2776652,5,2,11,39.0
6698281,12,4,9,34.0
3744291,7,3,13,20.0
3071773,6,3,21,2.0
3636369,7,6,16,6.0
6910995,12,7,11,71.0
3846378,7,6,20,7.0
2288376,4,7,10,14.0
2908024,5,6,19,3.0
2934928,5,1,17,8.0
5216054,9,4,19,56.0
2017299,4,3,17,8.0
6774070,12,3,12,18.0
6035928,11,7,17,6.0
2904844,5,3,15,10.0
5193464,9,4,18,29.0
3246280,6,7,19,43.0
3691929,7,2,10,16.0
4486063,8,1,15,9.0
2548709,5,6,6,40.0
3736980,7,5,12,21.0
3460673,6,5,9,23.0
3993864,7,4,13,13.0
6233014,11,5,18,31.0
49308,1,5,16,8.0
4465325,8,2,16,55.0
254261,1,1,6,64.0
6029874,11,7,17,5.0
2985244,5,5,22,21.0
4305259,8,7,21,5.0
6611547,12,6,10,57.0
2206369,4,1,15,28.0
3251932,6,4,10,248.0
4021496,7,1,21,16.0
1507486,3,7,12,105.0
6777069,12,7,15,7.0
72705,1,5,17,9.0
127903,1,7,16,4.0
1005299,2,2,12,9.0
1630493,3,7,13,8.0
4646090,8,5,13,11.0
1248668,3,2,20,4.0
3915641,7,3,18,10.0
5521807,10,2,6,18.0
6956185,12,3,12,5.0
6913099,12,1,14,15.0
4803132,8,6,6,17.0
1745706,3,5,18,48.0
880891,2,3,7,85.0
1753498,3,3,18,24.0
4770013,8,7,16,43.0
3938261,7,1,20,13.0
1572498,3,4,13,6.0
6360880,11,5,22,9.0
2698537,5,5,16,37.0
5868497,10,5,6,322.0
236073,1,7,10,77.0
3879416,7,1,11,14.0
1066416,2,4,10,33.0
1343234,3,4,14,74.0
3507160,6,1,16,4.0
5844599,10,1,17,18.0
1409064,3,6,13,89.0
6590025,12,2,15,51.0
3053842,6,5,13,6.0
6658884,12,3,11,3.0
2267844,4,5,15,33.0
3701381,7,4,15,27.0
3870321,7,3,13,52.0
709567,2,3,17,59.0
1790806,3,1,20,19.0
3327502,6,3,14,38.0
5581092,10,1,8,7.0
5718392,10,4,8,15.0
872663,2,3,17,4.0
841976,2,1,16,10.0
1517632,3,2,10,37.0
5600801,10,4,19,9.0
669846,2,5,21,1.0
4761567,8,4,7,18.0
5122526,9,2,16,5.0
4963455,9,7,19,51.0
3435872,6,5,7,15.0
5703163,10,3,7,109.0
5120306,9,7,18,6.0
6060366,11,3,16,68.0
922602,2,3,15,56.0
3620635,7,2,14,67.0
5501345,10,5,20,70.0
2553964,5,2,13,57.0
5200922,9,4,8,33.0
3235986,6,7,17,11.0
1209643,3,4,16,8.0
224570,1,1,14,6.0
1223182,3,1,14,3.0
6702799,12,1,10,41.0
302517,1,4,11,9.0
6991286,12,4,12,7.0
2381537,4,5,15,7.0
3359312,6,1,9,16.0
581054,1,5,0,32.0
1226066,3,2,19,1.0
4586377,8,7,14,9.0
2999041,6,2,18,31.0
2737349,5,5,0,58.0
6872763,12,6,16,4.0
1910730,4,4,14,24.0
4262536,8,1,16,44.0
411122,1,6,7,131.0
6018922,11,3,17,37.0
3841550,7,3,11,36.0
488793,1,4,9,51.0
5614160,10,3,17,42.0
109094,1,1,16,2.0
4156065,7,1,7,6.0
916641,2,2,10,55.0
1582290,3,7,14,18.0
4483357,8,6,15,6.0
658024,2,1,10,4.0
2053750,4,3,7,10.0
2141638,4,7,13,227.0
1697836,3,1,18,79.0
3293134,6,1,13,4.0
2658036,5,7,19,6.0
1031433,2,7,9,6.0
3929500,7,1,15,28.0
2640301,5,4,13,11.0
5663179,10,3,9,24.0
5808540,10,3,15,22.0
1083682,2,6,14,22.0
3106336,6,1,18,15.0
2794532,5,4,18,24.0
35656,1,1,13,4.0
6112299,11,7,14,3.0
6559171,12,6,15,94.0
1273026,3,2,8,84.0
6613218,12,2,14,33.0
3243208,6,7,16,25.0
3229555,6,2,16,42.0
855831,2,4,8,8.0
652779,2,7,17,7.0
2223544,4,5,18,63.0
6142189,11,5,20,58.0
4247324,8,4,11,8.0
3058749,6,6,13,43.0
1349387,3,1,11,17.0
6418281,11,6,18,56.0
2303319,4,1,14,13.0
1302641,3,2,17,33.0
713267,2,4,19,6.0
2709656,5,4,17,8.0
531897,1,7,18,21.0
6907585,12,5,17,57.0
3330176,6,6,15,21.0
40385,1,2,19,25.0
4284902,8,1,12,8.0
5133351,9,2,20,14.0
6946073,12,1,7,50.0
247200,1,7,14,32.0
4668480,8,3,22,21.0
2572828,5,7,11,27.0
1767603,3,4,19,21.0
2215237,4,6,13,34.0
1089856,2,4,19,16.0
4214813,7,7,17,34.0
5203629,9,4,16,32.0
6658352,12,1,21,1.0
256361,1,2,9,3.0
6844746,12,7,12,60.0
789801,2,6,12,16.0
4629811,8,2,21,18.0
2285868,4,6,23,14.0
935205,2,5,6,7.0
2965642,5,1,7,42.0
2981936,5,3,18,21.0
1009480,2,5,9,17.0
6358945,11,4,14,9.0
5298226,9,4,7,76.0
2784885,5,3,7,66.0
4147854,7,2,7,11.0
1665112,3,5,18,17.0
3957705,7,4,13,50.0
4514556,8,6,19,53.0
1928017,4,1,6,58.0
1290736,3,7,12,10.0
848202,2,5,16,7.0
2027877,4,7,14,22.0
4723709,8,4,19,84.0
4183047,7,2,19,84.0
1622869,3,4,21,8.0
6058021,11,7,12,36.0
1398166,3,2,17,16.0
2954332,5,1,20,50.0
5416176,10,7,19,10.0
269950,1,5,18,4.0
1383853,3,7,12,17.0
6333375,11,7,19,11.0
1625310,3,3,21,11.0
3550469,6,2,20,15.0
798931,2,5,15,65.0
6954613,12,1,16,3.0
4585673,8,5,10,24.0
864400,2,4,19,77.0
1954179,4,1,9,10.0
3400458,6,7,7,35.0
4100684,7,1,19,1.0
1632737,3,3,10,18.0
932167,2,7,19,6.0
4028470,7,7,13,8.0
2262492,4,4,17,22.0
4968269,9,7,12,25.0
3931090,7,2,8,34.0
6764537,12,3,13,12.0
4435013,8,2,12,5.0
3804388,7,3,13,120.0
6463707,11,4,17,5.0
327816,1,7,15,82.0
3509490,6,1,16,29.0
3666423,7,1,18,1.0
5423204,10,3,16,3.0
1483408,3,2,20,83.0
4788011,8,5,14,31.0
4586112,8,6,8,5.0
4456200,8,1,8,8.0
712700,2,4,20,2.0
5043380,9,7,14,3.0
5133072,9,2,16,22.0
2528174,5,3,7,132.0
1313498,3,7,8,25.0
3460212,6,3,7,21.0
6517333,12,5,17,1.0
2232635,4,1,15,11.0
5361350,9,5,13,9.0
1270467,3,1,14,52.0
4981936,9,7,11,53.0
1098169,2,5,19,5.0
1266841,3,7,20,7.0
6596194,12,4,13,42.0
6572898,12,3,14,1.0
4921731,9,5,15,4.0
6878849,12,1,14,67.0
2420911,5,1,13,1.0
6523976,12,7,21,3.0
3013098,6,7,21,99.0
5934096,10,4,6,98.0
3561490,6,5,8,17.0
437485,1,4,14,1.0
2907681,5,4,21,17.0
2007108,4,1,16,8.0
6693146,12,3,12,7.0
2127595,4,4,9,14.0
6805731,12,5,9,13.0
1525872,3,1,9,1.0
6361333,11,4,7,22.0
306633,1,5,13,15.0
6563263,12,1,13,5.0
2713651,5,5,14,3.0
148904,1,1,6,143.0
5938817,10,1,10,8.0
2104819,4,2,12,22.0
475797,1,6,8,16.0
6544478,12,7,14,127.0
6527596,12,1,18,30.0
1405941,3,6,19,14.0
670460,2,5,8,11.0
204481,1,3,18,59.0
5519085,10,5,9,19.0
6993740,12,1,10,19.0
4727619,8,4,15,21.0
34559,1,7,11,3.0
6606215,12,1,9,35.0
73429,1,5,14,5.0
1232446,3,4,16,16.0
2865705,5,5,13,37.0
4450957,8,5,18,20.0
6411065,11,7,6,29.0
2524136,5,5,18,38.0
2775085,5,4,11,31.0
2313762,4,3,18,10.0
6894192,12,3,17,17.0
2884617,5,1,15,11.0
3327463,6,1,10,8.0
3597820,6,6,18,50.0
2776015,5,2,17,36.0
5600398,10,1,15,8.0
6149106,11,3,7,56.0
1301623,3,3,20,2.0
564,1,4,12,6.0
2648404,5,6,17,21.0
4140382,7,5,14,23.0
4747741,8,2,22,24.0
3960436,7,3,21,13.0
5474812,10,4,19,2.0
893671,2,7,15,12.0
6377454,11,1,23,7.0
2188610,4,5,6,54.0
1332269,3,7,18,18.0
6320603,11,7,21,6.0
5406463,10,4,20,38.0
4770387,8,7,10,14.0
3320098,6,5,9,53.0
885841,2,5,9,4.0
1350805,3,2,15,38.0
4524332,8,7,8,19.0
6877344,12,5,6,29.0
6868379,12,6,19,25.0
3347843,6,7,17,19.0
1236917,3,5,9,4.0
835294,2,4,19,68.0
370450,1,5,13,20.0
4510903,8,3,22,16.0
51170,1,5,21,7.0
2203548,4,7,10,31.0
1815611,4,4,16,4.0
5504628,10,4,15,24.0
6070824,11,6,6,92.0
3037158,6,7,11,36.0
2255643,4,2,8,20.0
6871238,12,3,22,17.0
6816805,12,1,9,10.0
3513320,6,4,15,43.0
2432569,5,5,14,2.0
6763743,12,6,14,20.0
6641795,12,5,17,115.0
928139,2,3,20,30.0
1511616,3,7,9,62.0
6913235,12,3,20,1.0
1067109,2,7,11,12.0
6926518,12,5,11,26.0
6819320,12,1,18,40.0
4453908,8,7,10,112.0
4364219,8,5,7,15.0
6245624,11,7,8,2.0
6027875,11,7,12,15.0
5325004,9,1,19,22.0
3067608,6,2,11,2.0
2352717,4,5,0,36.0
6177398,11,5,11,10.0
3586303,6,4,19,3.0
2209174,4,5,12,34.0
918773,2,2,16,7.0
4528687,8,4,16,5.0
1813581,4,4,20,127.0
3345959,6,3,21,14.0
3308083,6,4,21,85.0
2841169,5,7,16,29.0
4898940,9,5,20,27.0
6187186,11,7,13,22.0
3417955,6,4,20,1.0
3568139,6,5,15,29.0
4248298,8,4,16,5.0
3614741,7,7,13,24.0
640064,2,3,18,6.0
6176035,11,4,11,31.0
4510470,8,3,13,27.0
3431560,6,7,13,14.0
2894039,5,3,14,8.0
6418220,11,6,16,6.0
3592823,6,2,0,70.0
1793159,4,5,13,8.0
3120157,6,2,22,17.0
6058120,11,7,19,18.0
2706938,5,6,18,116.0
4753546,8,2,18,2.0
730228,2,2,14,21.0
1633884,3,5,15,6.0
2431954,5,5,17,6.0
5451957,10,4,16,22.0
4842322,8,5,5,81.0
1310796,3,3,18,19.0
4099690,7,2,15,41.0
2812535,5,1,17,45.0
160145,1,4,8,27.0
910974,2,2,15,103.0
3280881,6,6,17,5.0
6784438,12,5,20,3.0
3126868,6,2,21,163.0
6715117,12,5,7,9.0
74674,1,5,16,10.0
2270777,4,1,19,99.0
927171,2,3,9,25.0
4444815,8,1,12,16.0
6282005,11,5,10,73.0
4515604,8,7,18,15.0
6761316,12,5,18,260.0
6031915,11,6,19,23.0
206280,1,4,15,24.0
837221,2,2,7,22.0
4452753,8,6,10,10.0
2102372,4,7,12,11.0
1956129,4,2,11,19.0
1524513,3,5,21,38.0
3382474,6,4,8,52.0
2380136,4,4,19,25.0
1242669,3,7,21,9.0
6247979,11,5,19,1.0
576766,1,1,7,67.0
1198357,3,1,20,11.0
4857728,9,7,21,2.0
4257482,8,7,15,24.0
4765817,8,2,22,22.0
6800132,12,3,12,36.0
769349,2,7,11,34.0
5761396,10,5,20,48.0
2051657,4,1,12,11.0
4111302,7,7,15,270.0
2653460,5,3,18,9.0
6964530,12,6,21,40.0
3245230,6,4,6,19.0
1524481,3,7,17,193.0
1098176,2,7,19,116.0
4492814,8,7,21,7.0
2876426,5,3,18,17.0
1722967,3,5,14,50.0
1974749,4,5,13,18.0
731929,2,4,9,23.0
4698917,8,1,15,31.0
4267217,8,3,7,13.0
3278946,6,4,18,4.0
3839243,7,1,16,29.0
254055,1,1,18,21.0
2024567,4,4,20,18.0
986079,2,5,16,61.0
3400562,6,5,9,56.0
2465111,5,1,11,22.0
6379253,11,7,16,69.0
3628631,7,4,18,2.0
2892007,5,4,15,6.0
2866121,5,5,12,58.0
1157694,2,7,20,8.0
4070171,7,6,15,41.0
2283792,4,7,13,4.0
626425,2,5,19,10.0
4585485,8,4,20,3.0
4213358,7,5,16,77.0
6594972,12,2,7,41.0
1745195,3,3,17,41.0
4196249,7,7,19,5.0
1134811,2,7,20,10.0
3923972,7,4,11,8.0
5409963,10,5,13,28.0
4842301,8,5,17,9.0
1304717,3,6,13,20.0
546430,1,2,22,16.0
3105257,6,2,17,43.0
3073928,6,4,13,36.0
4818726,8,1,5,8.0
2453021,5,4,18,1.0
5016743,9,2,14,2.0
3935364,7,2,10,21.0
3797300,7,6,20,21.0
3675432,7,4,9,2.0
424020,1,5,0,83.0
3148418,6,1,6,110.0
1375673,3,3,11,17.0
246778,1,2,7,7.0
6467122,12,3,15,9.0
3943948,7,3,13,40.0
1093232,2,2,6,43.0
4665114,8,2,13,47.0
1522650,3,7,13,147.0
5135164,9,4,20,45.0
1655103,3,5,17,36.0
524521,1,4,21,33.0
3093137,6,3,15,3.0
6731084,12,1,15,20.0
3219656,6,5,22,12.0
980259,2,6,13,60.0
3336408,6,3,18,7.0
5308498,9,6,9,22.0
682428,2,2,14,3.0
5936167,10,5,18,8.0
3737017,7,2,6,261.0
595226,1,7,8,280.0
208888,1,6,11,140.0
2183652,4,7,10,20.0
4731225,8,2,18,261.0
4527402,8,3,9,25.0
3707200,7,6,9,7.0
1703512,3,7,12,144.0
6331183,11,6,15,11.0
1453720,3,4,18,14.0
3060098,6,7,19,2.0
2434668,5,5,21,59.0
502699,1,4,9,36.0
6242320,11,1,10,5.0
3620031,7,1,20,28.0
1307783,3,2,14,3.0
4781161,8,7,21,41.0
3523160,6,7,13,56.0
426756,1,2,13,16.0
6722597,12,4,9,12.0
822009,2,5,14,71.0
2431533,5,5,12,62.0
2327314,4,5,8,22.0
1186602,3,4,19,5.0
3262313,6,5,11,10.0
745885,2,3,6,149.0
1499294,3,7,13,6.0
2658435,5,7,19,8.0
2904083,5,6,19,20.0
1937350,4,7,20,52.0
5668376,10,7,18,7.0
1703373,3,1,16,48.0
5687764,10,4,19,61.0
375085,1,2,14,16.0
6597545,12,6,19,50.0
2295627,4,4,21,57.0
2613929,5,1,15,4.0
1429029,3,2,13,96.0
2318315,4,7,6,15.0
2208212,4,3,21,4.0
965674,2,3,13,44.0
1766333,3,1,19,31.0
5781245,10,5,19,70.0
1062514,2,5,16,12.0
1688912,3,7,20,9.0
203078,1,2,6,23.0
4365267,8,7,19,69.0
6496887,12,5,14,6.0
2288938,4,5,20,90.0
6588603,12,6,16,18.0
3321243,6,7,11,30.0
3449253,6,3,17,6.0
864026,2,3,15,92.0
1792156,4,4,15,9.0
1859071,4,3,17,8.0
3240233,6,3,6,33.0
5464304,10,1,18,20.0
5537191,10,4,20,40.0
6310568,11,5,10,11.0
3950029,7,5,14,229.0
1648131,3,1,10,14.0
3509693,6,2,11,19.0
3910266,7,3,15,34.0
6048867,11,4,20,3.0
4988194,9,5,17,23.0
3441937,6,3,18,39.0
3171250,6,4,15,109.0
85303,1,2,17,4.0
6959831,12,4,17,7.0
1679432,3,6,7,23.0
6330721,11,4,7,34.0
4760988,8,7,21,72.0
3680080,7,5,19,36.0
1424881,3,2,12,16.0
285554,1,4,16,22.0
6934610,12,6,18,18.0
1220160,3,7,14,2.0
933139,2,4,15,7.0
4967243,9,5,15,46.0
4690562,8,1,19,17.0
6261659,11,4,22,30.0
4244309,8,3,9,1.0
6523118,12,7,12,7.0
1667922,3,2,7,10.0
3050265,6,4,18,2.0
1807766,4,2,19,23.0
2503365,5,5,9,21.0
4450611,8,5,8,52.0
4835866,8,7,9,42.0
1325898,3,4,12,40.0
1179393,3,2,17,2.0
5413464,10,7,18,20.0
5908172,10,3,18,294.0
1071756,2,1,16,15.0
6517519,12,5,17,1.0
3182903,6,4,8,15.0
5995695,11,3,16,2.0
1233319,3,4,21,22.0
546228,1,4,10,57.0
3556561,6,3,17,19.0
512281,1,4,18,10.0
919725,2,5,14,93.0
6854486,12,5,21,8.0
2341201,4,1,20,260.0
441831,1,5,6,45.0
4101988,7,4,17,6.0
4626679,8,4,12,2.0
547176,1,3,10,7.0
2506080,5,5,15,11.0
6825036,12,3,7,42.0
4277010,8,5,20,5.0
6852917,12,5,17,41.0
3341968,6,3,16,4.0
1739070,3,3,7,35.0
6744486,12,5,20,23.0
5875518,10,5,6,35.0
184518,1,4,13,30.0
2531087,5,7,12,82.0
4474918,8,3,9,38.0
6303391,11,1,13,163.0
6671499,12,3,16,6.0
644519,2,4,9,10.0
6569056,12,1,16,2.0
4462755,8,4,10,17.0
3752914,7,1,7,16.0
1947395,4,3,19,33.0
186162,1,5,11,77.0
4313000,8,2,11,16.0
3930759,7,2,19,22.0
4838220,8,2,18,1.0
2460322,5,6,12,5.0
6630588,12,1,16,7.0
1090595,2,2,10,20.0
1827366,4,1,18,16.0
3441108,6,5,21,94.0
4040369,7,4,17,12.0
5638331,10,5,18,5.0
2869293,5,6,8,2.0
2907871,5,1,21,84.0
979837,2,5,5,191.0
1753511,3,6,6,10.0
6284763,11,1,16,29.0
1288271,3,1,15,4.0
4595143,8,4,21,55.0
3329690,6,2,17,156.0
779782,2,7,12,37.0
1220990,3,7,12,4.0
6747652,12,1,6,252.0
2224456,4,1,21,46.0
1647578,3,2,8,15.0
6957384,12,6,22,15.0
2686462,5,4,15,2.0
1686240,3,7,6,67.0
6277403,11,2,9,3.0
5248699,9,1,22,51.0
2039594,4,5,14,17.0
1575737,3,1,13,9.0
1214173,3,5,7,2.0
6840403,12,1,13,4.0
407498,1,1,9,83.0
6783452,12,1,11,9.0
4373173,8,4,17,83.0
6085113,11,6,16,10.0
2590358,5,4,10,14.0
4481948,8,3,8,9.0
2452119,5,4,21,21.0
6748555,12,2,7,77.0
759334,2,3,16,62.0
2487536,5,5,16,11.0
4391482,8,6,14,53.0
3210081,6,6,16,24.0
2469361,5,2,8,24.0
3041668,6,1,7,83.0
1817774,4,5,14,1.0
6715401,12,5,22,127.0
2526481,5,1,18,81.0
4729874,8,2,21,3.0
6741508,12,3,11,1.0
6226858,11,1,12,180.0
6480616,12,1,14,76.0
2813077,5,1,18,87.0
3133374,6,4,12,59.0
6547511,12,1,15,10.0
344161,1,5,10,16.0
3591565,6,1,20,20.0
1480480,3,7,20,5.0
1925042,4,4,7,16.0
1741236,3,7,16,10.0
871741,2,3,14,16.0
3201128,6,1,21,50.0
3012817,6,7,13,1.0
2378755,4,3,17,9.0
2277306,4,6,13,2.0
5718893,10,4,19,12.0
1017250,2,3,8,28.0
4359785,8,4,9,73.0
4805835,8,5,12,5.0
4795564,8,5,9,159.0
93591,1,4,18,7.0
579481,1,4,22,72.0
3838458,7,3,11,9.0
5083548,9,3,20,2.0
6670568,12,3,9,28.0
6395080,11,2,16,30.0
3246718,6,7,21,10.0
1710807,3,1,15,58.0
5096427,9,7,22,7.0
6303749,11,3,15,79.0
3880072,7,1,11,11.0
4839488,8,3,18,30.0
179718,1,1,16,49.0
681308,2,2,17,1.0
1015486,2,5,21,2.0
3127605,6,3,21,209.0
971589,2,6,7,52.0
1821278,4,6,16,18.0
499311,1,6,9,63.0
969230,2,5,11,64.0
6028453,11,7,15,3.0
552125,1,5,20,1.0
4784315,8,6,17,135.0
3006496,6,5,16,1.0
1426765,3,7,8,45.0
2721760,5,2,15,30.0
3741932,7,7,12,59.0
2905990,5,4,15,21.0
3757770,7,7,19,16.0
747014,2,5,16,25.0
4763582,8,3,20,7.0
5250817,9,4,18,41.0
4977090,9,6,11,37.0
6654429,12,5,9,8.0
3031302,6,5,19,1.0
6841494,12,7,6,106.0
3740148,7,4,13,38.0
406871,1,4,8,22.0
3282927,6,1,8,28.0
6037433,11,5,20,105.0
5690273,10,4,22,33.0
6628401,12,5,20,3.0
694595,2,5,15,12.0
759178,2,3,21,36.0
436059,1,4,12,9.0
3141587,6,1,16,46.0
4216333,7,1,18,8.0
2223732,4,5,6,16.0
502989,1,2,8,24.0
5903407,10,3,9,20.0
2631709,5,5,8,19.0
1710685,3,3,12,11.0
3928621,7,7,16,34.0
52507,1,6,17,3.0
5642348,10,2,18,6.0
1627436,3,5,8,36.0
3699747,7,4,16,12.0
4557487,8,6,13,79.0
4397781,8,3,15,142.0
2059934,4,1,13,31.0
953396,2,5,18,4.0
1671013,3,6,10,46.0
3710093,7,6,17,10.0
4192412,7,1,6,63.0
976050,2,6,6,224.0
722946,2,5,6,17.0
2377930,4,2,8,54.0
1649202,3,2,11,18.0
2900304,5,7,20,5.0
4223710,7,7,9,25.0
1760714,3,4,13,33.0
5181158,9,6,10,22.0
253434,1,7,8,20.0
893839,2,7,15,202.0
4544853,8,5,11,5.0
4756090,8,6,10,5.0
263376,1,7,14,4.0
2952537,5,6,19,19.0
3114598,6,1,17,69.0
1310806,3,3,18,107.0
300520,1,3,15,5.0
6902445,12,4,11,6.0
4324099,8,6,16,5.0
1182468,3,3,19,8.0
1473021,3,5,20,38.0
2766082,5,5,17,87.0
285585,1,4,9,1.0
2934807,5,1,16,2.0
4120341,7,5,9,22.0
394133,1,5,19,3.0
142481,1,6,7,41.0
6904250,12,4,15,34.0
4716891,8,6,18,6.0
1483644,3,2,8,4.0
4094335,7,7,19,21.0
6327580,11,5,10,28.0
3418043,6,2,17,3.0
3392544,6,3,17,16.0
45700,1,4,13,107.0
3064131,6,1,21,85.0
6966007,12,1,9,2.0
551652,1,4,8,8.0
5132596,9,1,20,76.0
3946507,7,4,7,22.0
5203887,9,2,11,15.0
3659668,7,6,11,185.0
975919,2,5,13,3.0
3149682,6,3,13,80.0
1289400,3,3,12,43.0
2113701,4,5,17,12.0
400454,1,4,9,37.0
3832995,7,4,7,105.0
2278482,4,2,13,19.0
4033568,7,2,6,35.0
4837509,8,1,20,15.0
2785146,5,2,13,21.0
4155617,7,1,7,51.0
1149507,2,6,11,15.0
1100051,2,6,15,30.0
984247,2,1,7,26.0
440908,1,5,8,14.0
3827315,7,3,15,15.0
882333,2,4,19,32.0
748997,2,6,12,28.0
1023797,2,3,17,61.0
1669070,3,7,18,73.0
6027310,11,7,12,9.0
392502,1,7,15,260.0
4019212,7,7,20,4.0
2174916,4,2,18,17.0
5041044,9,2,23,15.0
4420596,8,7,13,29.0
3746913,7,7,14,38.0
156147,1,4,19,20.0
4737523,8,7,19,5.0
1320084,3,2,16,356.0
4662958,8,7,15,11.0
4564490,8,3,8,92.0
245109,1,2,13,21.0
4167034,7,7,19,54.0
3545605,6,7,20,28.0
5344127,9,7,10,17.0
3563376,6,7,15,14.0
6801811,12,6,22,40.0
2207281,4,7,9,89.0
2782332,5,3,19,5.0
1017005,2,4,6,29.0
4937647,9,2,6,17.0
258738,1,3,19,7.0
1582027,3,7,20,12.0
1850875,4,1,21,24.0
1488427,3,5,14,20.0
1513100,3,4,12,21.0
6254006,11,6,17,15.0
1169382,2,7,19,32.0
735279,2,2,9,292.0
3305998,6,2,8,13.0
2494012,5,1,19,87.0
4147103,7,3,15,36.0
1279967,3,5,20,17.0
4180782,7,4,21,3.0
1122850,2,7,7,62.0
5967282,11,2,10,3.0
1411552,3,7,13,13.0
6524437,12,7,17,22.0
5853043,10,7,7,34.0
4135699,7,3,7,142.0
1731079,3,3,12,2.0
2882875,5,6,18,10.0
4246471,8,3,20,12.0
4368932,8,5,14,24.0
4758465,8,5,16,9.0
644604,2,4,18,6.0
2278778,4,7,17,1.0
2959078,5,1,11,25.0
4056664,7,6,16,1.0
756729,2,5,7,19.0
3077519,6,5,12,1.0
162685,1,1,10,16.0
754253,2,1,20,19.0
4685492,8,2,12,84.0
2636016,5,4,20,30.0
6619842,12,2,11,22.0
3088662,6,1,16,112.0
6541423,12,6,19,6.0
3809982,7,6,11,65.0
1486107,3,4,21,7.0
4388417,8,1,8,44.0
2814600,5,4,19,64.0
4488525,8,2,17,16.0
5510510,10,7,13,17.0
4216066,7,1,18,9.0
3743776,7,2,19,22.0
5300277,9,7,18,17.0
3136025,6,7,10,104.0
2368040,4,1,10,11.0
722959,2,2,21,12.0
2014631,4,7,7,42.0
3038317,6,7,14,3.0
4914558,9,3,17,7.0
265082,1,1,17,12.0
3372747,6,6,12,22.0
4749896,8,4,7,18.0
727824,2,6,8,30.0
1157229,2,4,19,34.0
3098938,6,7,13,62.0
6921732,12,7,9,17.0
5321936,9,1,18,126.0
4104847,7,3,9,66.0
3795159,7,4,7,77.0
4183217,7,1,16,9.0
2419429,5,1,21,23.0
1031279,2,2,19,13.0
2724261,5,5,21,35.0
522763,1,5,21,12.0
6487854,12,3,9,2.0
6825171,12,2,19,12.0
4032728,7,2,16,39.0
4495003,8,5,11,13.0
2065829,4,5,10,28.0
812340,2,5,14,31.0
3424796,6,7,13,4.0
6600450,12,3,17,255.0
2650616,5,1,20,31.0
2893593,5,5,10,111.0
2056223,4,5,9,30.0
774621,2,4,9,40.0
6041479,11,7,21,8.0
1776524,3,4,16,6.0
4567222,8,3,16,197.0
5973201,11,3,17,8.0
3011966,6,6,12,8.0
2521193,5,1,6,53.0
5377783,9,3,16,16.0
6052018,11,7,20,10.0
1698429,3,7,19,8.0
4696110,8,2,6,38.0
2862378,5,7,17,26.0
4195236,7,7,15,2.0
4492585,8,6,11,19.0
139366,1,2,18,22.0
160324,1,4,19,22.0
1078480,2,2,14,12.0
3488601,6,7,22,21.0
5369598,9,3,21,20.0
4381025,8,1,19,158.0
778496,2,6,11,21.0
6770071,12,3,12,10.0
6619061,12,7,13,55.0
4006309,7,1,10,20.0
4836394,8,7,15,102.0
1006223,2,1,9,15.0
1727461,3,4,20,7.0
6310764,11,5,19,4.0
2545195,5,7,16,105.0
6797736,12,7,21,13.0
6236381,11,7,10,15.0
4378314,8,4,10,68.0
2282134,4,2,9,39.0
6837272,12,4,9,50.0
515321,1,2,11,76.0
667385,2,4,20,15.0
6210469,11,4,18,171.0
1586061,3,7,18,37.0
2177735,4,6,12,127.0
4751264,8,5,20,38.0
2826208,5,1,6,84.0
2956969,5,2,18,20.0
1123293,2,1,19,2.0
3866331,7,7,6,33.0
5614954,10,7,18,12.0
6610469,12,4,15,26.0
726622,2,7,16,70.0
805182,2,2,12,25.0
2687802,5,5,14,3.0
4506763,8,7,14,54.0
2512250,5,4,14,9.0
6048167,11,5,14,4.0
6812671,12,3,20,1.0
638491,2,2,16,10.0
3752791,7,1,16,25.0
1413679,3,7,20,31.0
842754,2,1,8,9.0
155862,1,3,14,75.0
6221072,11,5,19,48.0
6253076,11,6,20,6.0
3187735,6,7,20,27.0
226034,1,4,18,29.0
4337819,8,2,17,3.0
3027125,6,4,20,38.0
3323488,6,2,12,41.0
154318,1,1,19,51.0
6671610,12,3,16,21.0
6911913,12,7,19,34.0
6605923,12,7,13,33.0
5687529,10,3,12,28.0
3344172,6,4,21,4.0
3368249,6,5,20,22.0
3812152,7,1,17,7.0
6642001,12,5,7,11.0
1644366,3,4,9,39.0
3282989,6,1,18,48.0
3951415,7,2,10,20.0
2263831,4,6,10,62.0
4216077,7,1,15,12.0
1385291,3,1,12,29.0
585873,1,4,14,3.0
