,Month,DayOfWeek,Time,LateAircraftDelay
97832,1,7,18,103.0
1076800,2,5,17,5.0
1414318,3,2,14,30.0
1146980,2,5,17,13.0
4129053,7,6,10,4.0
3725732,7,1,16,35.0
2221461,4,6,8,7.0
4179415,7,1,16,107.0
2642523,5,6,12,69.0
2615588,5,1,10,13.0
5899524,10,2,17,13.0
4417151,8,5,21,125.0
4445363,8,2,16,13.0
2282069,4,3,11,16.0
3420462,6,6,17,7.0
2192220,4,3,10,26.0
6571055,12,5,14,86.0
516054,1,4,13,40.0
2994908,5,7,13,73.0
799054,2,5,12,27.0
4022656,7,1,12,5.0
6537951,12,5,18,3.0
3489563,6,4,17,23.0
5869296,10,2,19,46.0
6109981,11,5,18,14.0
5561825,10,3,11,21.0
393260,1,2,5,14.0
9896,1,7,17,58.0
3393872,6,3,17,13.0
2416756,5,7,14,2.0
1993474,4,5,9,118.0
2912274,5,6,13,19.0
765057,2,5,17,18.0
6301419,11,3,17,32.0
1027950,2,5,10,4.0
1471423,3,4,18,33.0
3875441,7,4,9,19.0
444752,1,7,12,119.0
6518554,12,5,16,94.0
4789404,8,1,10,14.0
3409667,6,4,18,2.0
3045566,6,2,12,18.0
4659524,8,2,21,20.0
2430039,5,4,16,22.0
5165546,9,1,20,80.0
2635645,5,5,18,7.0
2283949,4,1,10,7.0
4366838,8,2,8,102.0
5186082,9,7,10,55.0
6302843,11,7,11,5.0
6720046,12,2,14,5.0
1220963,3,7,14,26.0
3367232,6,4,19,34.0
3049699,6,4,19,97.0
4073434,7,3,17,18.0
79759,1,7,16,36.0
3619443,7,1,17,54.0
3814517,7,2,12,43.0
6806568,12,6,16,33.0
5068621,9,1,14,130.0
2376789,4,1,9,77.0
1750772,3,1,10,16.0
4794625,8,3,17,40.0
3254416,6,7,13,47.0
5343846,9,7,17,168.0
6241537,11,6,16,16.0
1394496,3,7,16,31.0
783919,2,3,21,39.0
3222933,6,1,16,33.0
1750862,3,4,12,18.0
6980227,12,5,7,13.0
2868606,5,1,15,23.0
247477,1,6,19,148.0
2412262,5,6,19,23.0
6786722,12,7,18,6.0
886397,2,5,16,124.0
4610159,8,2,16,66.0
545881,1,4,12,31.0
4661653,8,5,18,34.0
668621,2,4,19,59.0
3556307,6,1,19,18.0
1999640,4,2,19,39.0
6407569,11,4,20,27.0
3491534,6,2,16,39.0
2325320,4,3,18,49.0
4456054,8,6,16,21.0
6974080,12,7,19,134.0
3076058,6,4,10,43.0
5210422,9,6,9,13.0
1903358,4,5,13,38.0
6730543,12,1,13,30.0
983673,2,1,14,32.0
998609,2,3,19,7.0
4749789,8,4,9,8.0
996094,2,2,9,19.0
4112731,7,4,20,7.0
766433,2,5,14,64.0
4756955,8,2,18,41.0
786383,2,4,16,60.0
1543190,3,5,16,14.0
2033437,4,5,13,108.0
2183107,4,7,7,3.0
6561307,12,3,11,79.0
3132972,6,3,16,32.0
1013132,2,1,15,13.0
4180053,7,2,23,19.0
6623889,12,2,16,45.0
2922802,5,5,17,35.0
1539570,3,7,12,24.0
2859175,5,4,9,18.0
300554,1,3,14,15.0
3031783,6,5,18,18.0
3823127,7,7,20,45.0
5933890,10,4,18,9.0
6170666,11,7,18,115.0
3644957,7,2,20,139.0
2329842,4,2,18,55.0
3543609,6,3,22,5.0
181662,1,2,6,43.0
3834671,7,4,20,50.0
6667172,12,2,12,68.0
2887184,5,5,15,33.0
1379968,3,5,16,25.0
3686147,7,7,19,38.0
678648,2,1,17,15.0
5656635,10,3,19,20.0
3585815,6,4,17,11.0
4630078,8,5,17,12.0
3078936,6,5,17,34.0
6508150,12,2,11,7.0
1896350,4,4,15,84.0
6743213,12,4,12,8.0
1821842,4,6,18,12.0
6648204,12,6,22,16.0
1609634,3,6,14,35.0
2418988,5,1,21,9.0
1455704,3,6,11,120.0
969190,2,1,13,16.0
6040084,11,1,9,6.0
4063616,7,7,19,30.0
3060888,6,7,15,35.0
1229312,3,3,9,33.0
3551841,6,4,18,59.0
2311105,4,2,16,41.0
4739081,8,7,14,1.0
5203379,9,3,19,31.0
1162318,2,1,17,14.0
6539810,12,5,12,36.0
4012586,7,3,12,35.0
3461922,6,5,10,9.0
3686196,7,7,19,156.0
547531,1,4,19,58.0
6763675,12,6,20,29.0
1188776,3,5,9,26.0
3927715,7,7,15,21.0
1094510,2,1,19,72.0
51103,1,5,19,17.0
3498532,6,5,18,12.0
517680,1,7,18,14.0
2380535,4,4,11,22.0
491048,1,5,14,1.0
6807265,12,7,9,19.0
2206814,4,4,12,40.0
2270805,4,2,15,17.0
621627,2,4,8,30.0
3988358,7,5,10,20.0
6858352,12,7,15,24.0
235287,1,1,11,17.0
3862482,7,3,17,18.0
5049650,9,4,17,26.0
5666387,10,5,21,25.0
4348125,8,3,10,19.0
519194,1,3,19,3.0
78673,1,7,16,44.0
3235617,6,1,14,48.0
1332143,3,7,13,20.0
2750427,5,4,21,45.0
1845175,4,6,17,72.0
4077865,7,4,16,91.0
1216440,3,6,13,34.0
6707598,12,5,13,17.0
5944786,11,2,12,26.0
3219694,6,6,18,58.0
1836596,4,4,20,77.0
6625451,12,2,11,56.0
6534034,12,3,14,28.0
3642598,7,1,19,10.0
4001371,7,7,17,34.0
13095,1,1,8,52.0
6645382,12,6,13,30.0
3681425,7,5,18,20.0
3664384,7,1,15,25.0
1813884,4,4,20,114.0
5125407,9,4,18,28.0
341590,1,4,14,20.0
819823,2,2,12,20.0
3470691,6,4,11,16.0
6292874,11,5,16,15.0
2005824,4,3,14,13.0
3673666,7,3,21,6.0
6940422,12,3,12,47.0
1865218,4,5,17,23.0
4548961,8,1,18,42.0
3534455,6,1,17,28.0
214622,1,2,9,62.0
1122702,2,7,8,10.0
3638714,7,7,16,41.0
2216165,4,7,18,40.0
4320677,8,5,21,43.0
5844220,10,2,17,59.0
1456759,3,7,22,30.0
165578,1,5,19,86.0
2216156,4,4,22,144.0
5437025,10,7,20,25.0
3302858,6,7,18,33.0
1113457,2,2,15,95.0
247794,1,1,15,25.0
6244903,11,2,17,17.0
3515459,6,2,19,7.0
2625048,5,2,14,19.0
3218748,6,4,15,17.0
6733015,12,1,7,57.0
3755327,7,4,18,161.0
4760700,8,5,13,8.0
1052861,2,3,14,26.0
527011,1,1,11,1.0
2294902,4,5,15,18.0
630346,2,7,19,21.0
1641157,3,5,16,81.0
2373481,4,5,8,14.0
4175950,7,2,13,14.0
1261139,3,5,14,23.0
6955063,12,1,9,42.0
1856505,4,3,16,45.0
2450970,5,3,20,29.0
3015157,6,7,19,48.0
998426,2,1,12,48.0
1436524,3,7,10,54.0
4017011,7,4,14,30.0
94927,1,1,18,24.0
3610465,7,5,17,91.0
1261518,3,5,17,59.0
1129903,2,6,14,15.0
1172964,2,2,18,53.0
2260133,4,7,19,14.0
713611,2,3,18,32.0
3324567,6,2,16,13.0
4050735,7,2,21,119.0
1714466,3,5,15,56.0
264936,1,1,11,33.0
2978409,5,7,8,15.0
2216988,4,2,14,57.0
6967126,12,3,22,67.0
639506,2,3,16,196.0
629656,2,7,14,15.0
423598,1,4,18,37.0
6177924,11,6,15,10.0
481567,1,2,12,22.0
2391783,5,7,13,7.0
3490377,6,2,16,31.0
3448236,6,1,19,51.0
6782017,12,1,16,38.0
4603868,8,1,10,27.0
1037073,2,2,22,34.0
5083655,9,3,19,11.0
6970810,12,3,16,4.0
5402942,10,3,16,23.0
3549051,6,6,18,1.0
1965046,4,6,17,24.0
3253313,6,1,10,84.0
3545802,6,7,19,16.0
3904442,7,6,23,2.0
3997574,7,6,15,1.0
3513438,6,2,18,2.0
6270942,11,3,12,15.0
2350978,4,6,19,70.0
3835104,7,2,18,149.0
3545215,6,6,19,392.0
3235212,6,5,20,18.0
2667477,5,7,18,5.0
6978462,12,1,15,44.0
1526427,3,3,6,28.0
973431,2,6,11,40.0
362772,1,7,13,35.0
5410642,10,5,15,26.0
2181488,4,4,17,27.0
1900827,4,3,19,101.0
5641566,10,1,14,80.0
4596567,8,5,20,122.0
6501094,12,7,15,79.0
291221,1,1,14,8.0
403398,1,1,15,13.0
5810148,10,5,18,8.0
1270096,3,1,18,70.0
1998683,4,2,16,30.0
1198887,3,1,11,37.0
1852910,4,1,8,23.0
2877723,5,5,20,4.0
6614846,12,6,14,215.0
2029418,4,1,11,5.0
6893589,12,2,16,15.0
418292,1,1,19,26.0
2052598,4,2,14,15.0
1222000,3,1,18,15.0
510273,1,7,21,155.0
5899570,10,2,16,83.0
4198412,7,4,17,28.0
428792,1,6,12,37.0
3922448,7,3,19,95.0
4241359,8,2,18,24.0
2414121,5,6,7,45.0
1085324,2,4,15,55.0
5960994,11,7,20,33.0
2452926,5,4,13,64.0
3378017,6,1,14,27.0
4138405,7,1,19,59.0
4720354,8,5,21,49.0
6829966,12,3,19,34.0
3001930,6,3,13,33.0
3187123,6,6,13,30.0
6970845,12,3,20,93.0
415421,1,3,20,76.0
885335,2,5,19,58.0
1158605,2,5,16,16.0
2494521,5,1,11,98.0
1197775,3,7,21,75.0
3451202,6,7,16,19.0
2908980,5,5,19,21.0
6769198,12,1,10,28.0
610795,2,1,15,91.0
2937809,5,7,12,16.0
1193397,3,6,17,60.0
3398128,6,1,20,15.0
2623835,5,4,20,43.0
702833,2,4,18,77.0
742891,2,6,16,201.0
1131931,2,2,23,23.0
2097653,4,3,17,50.0
620090,2,4,14,5.0
1480388,3,7,15,72.0
2810353,5,5,10,1.0
3387338,6,1,17,61.0
558779,1,4,14,22.0
6414133,11,5,17,33.0
2203688,4,7,16,80.0
1368579,3,5,16,26.0
4272531,8,4,17,25.0
1603092,3,5,13,43.0
3353796,6,1,17,24.0
4405526,8,5,17,152.0
1222788,3,1,9,20.0
2783774,5,6,10,55.0
4736631,8,1,14,163.0
3433291,6,6,10,27.0
5458765,10,6,19,16.0
5491757,10,3,10,7.0
2515572,5,4,15,18.0
4118993,7,1,15,32.0
2471828,5,3,10,14.0
4732958,8,7,16,206.0
1788224,3,6,20,65.0
3519053,6,6,11,39.0
9097,1,7,21,13.0
1841018,4,5,9,32.0
2806342,5,3,16,18.0
6832710,12,5,10,59.0
262691,1,7,19,32.0
415522,1,4,9,54.0
3059404,6,6,14,56.0
6165519,11,3,16,10.0
5606749,10,6,8,92.0
1919135,4,3,17,75.0
3015569,6,7,18,117.0
3413740,6,4,19,11.0
1875473,4,1,21,47.0
4106257,7,1,21,9.0
3661297,7,7,21,169.0
4762986,8,2,16,17.0
4479866,8,7,19,76.0
3953820,7,5,13,15.0
3813013,7,1,11,32.0
2912631,5,7,16,24.0
4248502,8,4,19,16.0
3868871,7,6,15,2.0
677348,2,7,13,34.0
4464749,8,1,11,8.0
1069640,2,6,11,22.0
2690652,5,5,20,17.0
247928,1,6,15,49.0
1540580,3,1,11,15.0
2282684,4,4,14,6.0
6730831,12,1,20,7.0
6426318,11,7,11,21.0
4877109,9,5,15,8.0
283449,1,2,17,94.0
3671956,7,3,18,18.0
63026,1,2,19,41.0
2324072,4,7,7,9.0
3396247,6,2,10,24.0
59372,1,1,21,47.0
6982192,12,3,17,164.0
4751214,8,3,15,11.0
6892443,12,5,10,26.0
6222711,11,7,18,65.0
672940,2,6,17,83.0
6908539,12,1,17,18.0
237021,1,2,18,10.0
6181113,11,2,9,2.0
6106366,11,4,15,93.0
3484429,6,6,16,31.0
4325438,8,6,10,2.0
2732248,5,1,8,8.0
4794165,8,2,16,46.0
6910487,12,4,11,12.0
942511,2,3,12,35.0
382169,1,2,16,17.0
669717,2,5,12,44.0
2011414,4,6,18,5.0
189400,1,7,13,29.0
6641000,12,1,9,36.0
2450125,5,3,17,3.0
6856145,12,7,21,23.0
1778888,3,6,17,184.0
2468566,5,2,14,89.0
4160004,7,3,20,24.0
608391,2,7,17,180.0
2303857,4,7,13,11.0
1225024,3,2,14,12.0
16740,1,2,13,20.0
5650769,10,2,17,29.0
3485270,6,4,15,40.0
2719852,5,5,12,19.0
6492461,12,4,16,80.0
68440,1,4,16,7.0
6555264,12,3,12,40.0
1484592,3,3,18,48.0
1890659,4,5,15,12.0
1108313,2,3,11,9.0
356368,1,5,21,3.0
3593169,6,3,13,19.0
3008946,6,5,10,4.0
1095334,2,7,16,72.0
1583323,3,1,9,21.0
5040051,9,6,14,29.0
3236451,6,6,9,17.0
3728064,7,3,15,109.0
383143,1,2,10,17.0
3070750,6,3,16,8.0
2219353,4,4,21,55.0
4512650,8,5,11,10.0
1256921,3,4,13,1.0
3401213,6,3,21,61.0
6832491,12,1,19,125.0
2309816,4,7,13,39.0
874627,2,5,18,15.0
4054888,7,3,19,52.0
6517172,12,5,14,18.0
6809723,12,3,17,22.0
1267260,3,7,12,22.0
2157725,4,1,15,19.0
4660537,8,3,18,35.0
2950604,5,1,7,16.0
4006042,7,3,18,32.0
4023418,7,1,12,110.0
2623480,5,5,11,3.0
775749,2,4,10,49.0
5809963,10,4,19,40.0
5173462,9,6,9,46.0
4491722,8,2,13,191.0
5554828,10,6,10,19.0
1230439,3,3,10,20.0
364824,1,3,17,16.0
693074,2,5,11,14.0
5343877,9,7,18,49.0
3430879,6,7,9,33.0
6998734,12,4,10,13.0
3223034,6,5,11,21.0
6965298,12,7,18,1.0
6284018,11,7,13,15.0
985808,2,7,13,80.0
576407,1,7,14,20.0
3099165,6,5,17,37.0
715094,2,3,19,24.0
4009569,7,1,19,16.0
5438265,10,7,21,14.0
994733,2,5,13,103.0
3228748,6,6,19,31.0
1317694,3,6,16,94.0
857258,2,5,14,38.0
6273404,11,7,11,24.0
3541330,6,6,14,2.0
6762312,12,5,18,107.0
3188764,6,7,18,141.0
1643727,3,7,15,115.0
4343659,8,3,17,97.0
3638619,7,7,15,2.0
4806324,8,1,17,73.0
2416226,5,7,9,9.0
3004234,6,4,17,77.0
6536261,12,4,12,24.0
4075522,7,6,10,15.0
1090902,2,2,18,176.0
1786675,3,5,13,19.0
4026940,7,2,19,3.0
6563341,12,1,14,37.0
2884411,5,5,14,14.0
93678,1,4,17,24.0
982721,2,4,9,3.0
4031338,7,6,20,61.0
6236006,11,5,10,21.0
1618854,3,1,22,15.0
1677076,3,7,15,24.0
2803294,5,6,8,98.0
11026,1,7,18,16.0
3513590,6,5,17,54.0
1701911,3,7,18,19.0
3425869,6,4,19,39.0
6838340,12,5,14,14.0
4419052,8,6,19,20.0
4465012,8,5,11,29.0
3411213,6,1,18,17.0
2481832,5,6,14,53.0
6726221,12,7,18,18.0
6504163,12,1,21,13.0
2434313,5,5,14,30.0
78579,1,7,9,7.0
848776,2,5,12,48.0
5775567,10,7,16,13.0
1313952,3,7,16,17.0
636277,2,2,21,65.0
5400571,10,3,16,48.0
3758250,7,1,18,85.0
4270878,8,4,20,17.0
6243389,11,4,16,12.0
2483257,5,6,10,50.0
1257714,3,4,13,7.0
3734032,7,2,16,108.0
170505,1,2,18,54.0
446380,1,1,21,31.0
6717886,12,7,18,15.0
4453213,8,7,16,28.0
1238368,3,5,8,13.0
3010680,6,6,19,11.0
1259342,3,5,13,8.0
4634720,8,3,15,76.0
2774073,5,7,12,16.0
870259,2,1,17,90.0
4537311,8,6,19,39.0
3522238,6,7,17,69.0
5465541,10,2,18,43.0
1358227,3,6,17,51.0
3355430,6,3,18,41.0
5709127,10,3,17,2.0
6873824,12,5,10,32.0
3058941,6,6,14,4.0
6618183,12,2,13,42.0
6433938,11,4,18,26.0
6857677,12,2,12,24.0
3840642,7,4,21,86.0
317699,1,7,15,6.0
977031,2,4,9,12.0
670586,2,5,18,79.0
5377151,9,2,12,8.0
4101209,7,1,14,31.0
1901186,4,5,17,74.0
1988729,4,2,17,18.0
6542755,12,6,19,38.0
3494657,6,4,19,90.0
3479959,6,4,22,116.0
1538370,3,5,21,64.0
4630228,8,5,19,106.0
4478889,8,1,15,132.0
3400870,6,7,19,16.0
5101660,9,4,17,16.0
47075,1,4,19,55.0
6952431,12,5,9,41.0
3369257,6,7,20,51.0
6273270,11,7,10,119.0
2040534,4,1,16,66.0
6541568,12,6,17,56.0
4311430,8,2,17,15.0
1044353,2,1,21,18.0
1863730,4,5,20,5.0
4202427,7,1,0,25.0
2301127,4,2,18,19.0
4226462,7,2,20,43.0
60569,1,1,11,108.0
1420363,3,1,11,63.0
1660147,3,1,23,49.0
3905543,7,7,23,99.0
4179661,7,2,18,21.0
6164266,11,2,16,18.0
4310120,8,2,13,95.0
3923044,7,3,13,16.0
1193680,3,6,12,29.0
3296082,6,7,21,19.0
2796596,5,5,11,5.0
1182380,3,3,14,6.0
2805813,5,5,19,225.0
2451543,5,4,20,13.0
226929,1,4,21,32.0
4470133,8,2,7,66.0
7008526,12,5,16,22.0
607610,2,7,19,56.0
3104393,6,5,16,124.0
433254,1,2,12,22.0
1742114,3,1,18,31.0
1233397,3,4,7,11.0
2644819,5,6,16,31.0
479484,1,6,14,9.0
2757319,5,6,14,25.0
6712118,12,2,18,102.0
3809780,7,6,19,62.0
6161992,11,7,18,2.0
519013,1,1,19,51.0
6558853,12,7,14,26.0
4964460,9,1,18,123.0
3225727,6,5,11,12.0
293002,1,3,20,40.0
3053208,6,5,10,14.0
1136325,2,4,15,70.0
5061304,9,4,13,103.0
6512900,12,3,19,21.0
243013,1,2,8,78.0
1900940,4,4,9,35.0
5316930,9,7,21,14.0
383224,1,7,13,45.0
6517208,12,5,20,129.0
2914581,5,2,11,33.0
1087401,2,7,15,26.0
3682717,7,6,13,22.0
1199311,3,1,8,23.0
6646131,12,6,13,2.0
4497346,8,7,20,68.0
4462593,8,5,21,11.0
1876341,4,1,15,12.0
2022003,4,3,13,23.0
6782644,12,4,15,4.0
6362605,11,5,18,5.0
3670253,7,2,19,17.0
6731557,12,1,14,64.0
1266748,3,7,14,9.0
410533,1,4,12,44.0
33254,1,7,11,9.0
2457798,5,5,19,17.0
6221341,11,6,10,55.0
6801507,12,5,19,31.0
6309127,11,4,17,126.0
2773719,5,5,19,14.0
4884263,9,1,17,69.0
5421124,10,2,11,31.0
5094,1,5,12,14.0
3013387,6,7,20,22.0
5728620,10,5,12,83.0
6532202,12,3,16,61.0
6174954,11,3,17,34.0
2194584,4,4,16,89.0
6968598,12,6,13,47.0
6540163,12,5,20,36.0
3358042,6,6,19,183.0
1358981,3,6,12,16.0
6548183,12,1,19,14.0
3035537,6,6,18,78.0
2515432,5,1,9,7.0
4871933,9,4,17,20.0
2495552,5,5,17,49.0
462716,1,1,21,74.0
1141851,2,7,18,14.0
4713796,8,4,8,144.0
6389811,11,1,12,9.0
6509958,12,3,14,27.0
4142737,7,6,15,17.0
4152190,7,7,17,8.0
1985461,4,2,14,70.0
6335053,11,2,18,17.0
6728859,12,2,9,35.0
2716922,5,4,9,12.0
1609987,3,4,12,10.0
4188703,7,6,18,42.0
2809411,5,2,16,109.0
2539832,5,6,16,24.0
3232769,6,7,20,45.0
506689,1,2,20,53.0
5039322,9,5,8,114.0
397779,1,5,7,11.0
1121841,2,5,12,48.0
866085,2,5,12,7.0
523234,1,4,11,11.0
964262,2,2,9,18.0
3354145,6,1,11,45.0
3028942,6,4,15,18.0
1586437,3,1,7,2.0
981755,2,4,13,21.0
1495447,3,4,12,35.0
3812613,7,1,10,92.0
6748033,12,1,15,60.0
4256238,8,6,16,17.0
2098123,4,4,6,7.0
229027,1,1,13,31.0
556753,1,7,20,31.0
905178,2,2,10,16.0
3217880,6,5,16,60.0
309510,1,1,16,49.0
3078583,6,5,14,10.0
2287731,4,7,16,3.0
1576498,3,2,11,45.0
296223,1,2,18,29.0
849144,2,5,20,2.0
217966,1,4,16,29.0
4478441,8,3,14,14.0
1817086,4,5,14,14.0
4812277,8,7,18,22.0
2328642,4,7,17,2.0
4975585,9,4,19,37.0
6796673,12,5,9,38.0
2341139,4,1,17,279.0
2171561,4,2,18,106.0
5703343,10,1,20,11.0
3933080,7,4,16,8.0
6242619,11,7,16,38.0
6939238,12,1,15,11.0
1578016,3,6,15,76.0
852407,2,1,16,19.0
3491356,6,4,17,22.0
1460768,3,3,17,5.0
3000662,6,3,21,37.0
1776937,3,4,18,19.0
3871501,7,5,19,22.0
5048328,9,1,11,9.0
2448832,5,3,21,17.0
6286370,11,1,10,36.0
6857205,12,2,15,26.0
3227997,6,3,15,11.0
4238177,8,1,9,146.0
3510997,6,4,20,13.0
1079203,2,5,8,21.0
297023,1,2,17,99.0
114860,1,5,21,44.0
1304536,3,7,13,12.0
422989,1,2,14,50.0
609423,2,1,15,80.0
2382083,4,5,11,8.0
4294484,8,4,18,24.0
906025,2,3,18,64.0
3550611,6,2,18,20.0
5083540,9,3,20,16.0
3522060,6,5,19,36.0
4421209,8,1,15,26.0
4472848,8,6,12,32.0
6714363,12,4,22,39.0
702264,2,5,15,14.0
2063249,4,3,18,2.0
4297980,8,5,10,15.0
1726600,3,2,20,51.0
416479,1,5,19,6.0
997896,2,2,8,20.0
5737626,10,1,15,17.0
3287016,6,4,22,103.0
2442450,5,1,14,4.0
6948398,12,1,18,51.0
3807736,7,5,20,32.0
683018,2,2,12,10.0
6278356,11,7,19,27.0
1350701,3,1,20,51.0
6744093,12,5,16,40.0
1087033,2,7,8,20.0
818029,2,5,9,108.0
2890068,5,2,13,15.0
4491611,8,3,12,38.0
355313,1,3,17,64.0
872195,2,3,16,28.0
4550857,8,3,11,18.0
209102,1,6,10,16.0
4037413,7,5,15,18.0
1211563,3,4,11,156.0
6765289,12,3,10,4.0
5974053,11,4,20,27.0
2748776,5,2,13,15.0
2417920,5,1,16,13.0
3008881,6,5,15,14.0
2353387,4,4,12,23.0
5504920,10,5,17,20.0
3213477,6,1,12,69.0
3366976,6,4,21,67.0
1193730,3,6,15,59.0
2810649,5,7,15,22.0
4491587,8,2,17,157.0
5607522,10,4,15,18.0
6737965,12,7,13,28.0
4277405,8,6,16,17.0
6633974,12,2,10,77.0
1723674,3,7,16,71.0
3431859,6,1,18,24.0
622160,2,4,14,15.0
3532930,6,5,14,88.0
3236430,6,6,9,44.0
6832706,12,7,10,32.0
841356,2,5,18,5.0
4274220,8,5,17,57.0
1232834,3,4,20,31.0
4173317,7,4,19,32.0
1122529,2,7,17,17.0
4247142,8,4,18,31.0
976541,2,5,17,15.0
5829214,10,3,17,13.0
1778929,3,6,14,50.0
976321,2,2,9,7.0
2205097,4,2,20,98.0
3243,1,5,18,24.0
1901417,4,7,14,33.0
6000205,11,5,12,9.0
4814637,8,3,12,32.0
3929434,7,1,17,20.0
1102985,2,6,11,20.0
1888244,4,7,16,18.0
6580601,12,1,9,140.0
5061657,9,2,11,36.0
3074134,6,4,16,33.0
277443,1,4,18,43.0
1224840,3,2,17,3.0
4723769,8,3,20,1.0
6648127,12,3,21,9.0
513292,1,7,9,38.0
3471559,6,3,11,85.0
3356975,6,5,21,71.0
1258505,3,5,18,20.0
3531960,6,3,17,22.0
5690174,10,3,18,37.0
6514467,12,4,14,45.0
472910,1,2,15,26.0
4337944,8,2,11,45.0
3498028,6,1,21,26.0
6730403,12,1,20,291.0
2226521,4,3,21,43.0
1758244,3,7,20,88.0
296586,1,2,14,10.0
481674,1,1,19,45.0
6303752,11,6,15,20.0
1583121,3,5,10,61.0
6838661,12,5,11,93.0
6680680,12,2,10,1.0
2784334,5,1,17,78.0
6521208,12,6,10,74.0
6811654,12,3,10,121.0
3668690,7,2,19,15.0
899513,2,5,19,56.0
5321939,9,1,20,46.0
3825036,7,1,21,80.0
3805632,7,4,21,113.0
6653350,12,7,21,17.0
1218019,3,7,15,173.0
4190237,7,4,12,27.0
4144300,7,6,15,7.0
6874585,12,6,17,221.0
6018401,11,3,21,18.0
290018,1,7,10,6.0
1674600,3,2,18,8.0
6836450,12,3,15,34.0
4742927,8,4,16,3.0
5869053,10,5,15,57.0
4528309,8,3,15,74.0
6109466,11,3,14,122.0
5544429,10,5,11,67.0
4498600,8,1,16,31.0
2636398,5,7,18,32.0
1094175,2,3,19,3.0
968080,2,6,13,52.0
762715,2,2,9,126.0
3049881,6,4,20,11.0
380903,1,4,18,1.0
6510506,12,3,13,19.0
3120320,6,7,18,114.0
3975291,7,2,21,150.0
587861,1,3,16,21.0
4081319,7,4,17,56.0
4258029,8,7,18,297.0
3117997,6,4,11,20.0
1808741,4,2,15,17.0
3275042,6,1,15,51.0
6313174,11,5,10,50.0
1573979,3,2,14,12.0
3933532,7,4,21,130.0
2148468,4,2,17,24.0
2417581,5,7,15,6.0
5333383,9,5,12,12.0
1860448,4,4,16,33.0
4239511,8,1,20,82.0
6229933,11,5,14,29.0
3759983,7,3,21,51.0
607367,2,7,19,95.0
2439208,5,7,16,20.0
993269,2,1,9,29.0
502537,1,1,18,46.0
4169465,7,5,15,163.0
3648698,7,3,19,104.0
1565061,3,4,14,21.0
4609354,8,1,19,142.0
737301,2,5,8,109.0
6774844,12,5,8,42.0
2088287,4,4,19,14.0
2909078,5,5,10,34.0
995094,2,4,20,57.0
3638554,7,7,20,72.0
6820634,12,3,18,40.0
5729128,10,6,17,48.0
4063078,7,1,19,62.0
2042186,4,5,18,38.0
6262524,11,5,11,87.0
2945908,5,2,18,72.0
5695813,10,5,20,80.0
3024531,6,3,17,13.0
3541599,6,7,17,26.0
1912317,4,5,12,30.0
1720878,3,7,19,124.0
209880,1,6,10,62.0
1677821,3,6,16,12.0
3369627,6,7,19,151.0
6716480,12,6,14,3.0
6687205,12,5,18,54.0
5605145,10,3,12,94.0
2157813,4,1,18,144.0
1616575,3,7,14,51.0
34336,1,7,17,19.0
6733078,12,1,17,78.0
3441576,6,5,10,12.0
3933103,7,4,14,51.0
6624908,12,3,15,18.0
6600003,12,2,10,10.0
2821705,5,4,19,48.0
3839975,7,1,19,85.0
3524302,6,7,20,17.0
1813634,4,4,7,126.0
4025537,7,5,18,66.0
4731796,8,4,14,8.0
2619441,5,6,14,50.0
404549,1,7,20,11.0
6528147,12,1,8,4.0
1670457,3,7,21,45.0
225030,1,1,15,186.0
5885548,10,3,15,33.0
3235861,6,1,18,51.0
1099926,2,5,16,16.0
2628651,5,7,13,79.0
4603345,8,7,19,10.0
101616,1,7,17,8.0
3031986,6,5,19,28.0
6654881,12,7,14,222.0
308301,1,6,16,158.0
3232442,6,1,13,113.0
2630945,5,4,11,77.0
2793207,5,3,20,113.0
3621430,7,2,16,46.0
992209,2,5,15,5.0
3522057,6,2,19,93.0
3114241,6,5,18,57.0
643920,2,4,19,16.0
725766,2,6,15,18.0
4068300,7,7,18,15.0
2043200,4,3,12,23.0
1395892,3,1,21,88.0
3065398,6,1,19,17.0
5408587,10,5,20,21.0
6522411,12,7,15,57.0
6843128,12,5,10,7.0
5961007,11,7,15,119.0
4485224,8,2,10,38.0
242693,1,6,10,331.0
3637799,7,7,18,167.0
3799458,7,7,20,105.0
5456296,10,5,9,30.0
175163,1,5,16,21.0
666730,2,4,21,36.0
547496,1,4,15,15.0
4230383,7,5,9,15.0
4054812,7,4,20,14.0
6900106,12,1,18,15.0
5747123,10,2,17,20.0
6240656,11,7,10,83.0
2037906,4,1,14,52.0
482297,1,4,13,14.0
3645748,7,2,16,9.0
2379828,4,3,15,65.0
5728925,10,5,15,121.0
6983249,12,1,14,150.0
4701398,8,4,19,96.0
6506343,12,2,19,33.0
3392061,6,6,13,29.0
6894753,12,4,19,34.0
6951423,12,2,12,26.0
3383470,6,5,16,59.0
2291469,4,1,11,105.0
3539229,6,2,5,21.0
523378,1,7,14,20.0
239480,1,7,14,81.0
3354166,6,1,16,29.0
4409101,8,1,11,42.0
6543075,12,6,12,27.0
4791758,8,5,19,27.0
519008,1,2,19,154.0
2331316,4,5,20,152.0
3231691,6,5,12,22.0
1379739,3,5,15,27.0
4458176,8,1,12,31.0
470161,1,5,17,91.0
6513969,12,4,14,12.0
1392645,3,6,13,16.0
952243,2,3,18,8.0
6519411,12,5,14,38.0
3029753,6,5,21,90.0
1543353,3,5,17,34.0
5481136,10,3,12,45.0
624479,2,5,21,76.0
5518904,10,5,22,48.0
6884706,12,5,11,25.0
428774,1,1,21,17.0
4474583,8,7,17,70.0
6825714,12,4,14,27.0
1844398,4,6,11,9.0
3839386,7,1,17,46.0
5137605,9,1,15,17.0
6535406,12,4,17,83.0
5407379,10,5,14,22.0
5478141,10,5,15,42.0
1585158,3,6,12,120.0
3119384,6,7,11,64.0
3411004,6,2,13,3.0
3517261,6,1,14,7.0
4251608,8,5,13,57.0
1209078,3,4,17,33.0
3850094,7,1,14,16.0
1804727,4,1,20,45.0
3839788,7,7,20,49.0
1846854,4,7,19,15.0
1895901,4,3,17,121.0
5860060,10,4,17,156.0
6532388,12,3,11,23.0
607514,2,7,14,345.0
4472135,8,7,18,35.0
435438,1,1,17,2.0
3111469,6,1,17,48.0
3104805,6,5,13,32.0
3829909,7,4,20,140.0
1252852,3,3,21,12.0
1740222,3,5,19,26.0
6733490,12,1,10,57.0
1432333,3,7,8,7.0
5936942,10,6,16,38.0
1875963,4,1,11,6.0
1844110,4,6,21,24.0
3235666,6,1,17,2.0
3933172,7,4,18,34.0
1663315,3,5,10,1.0
6860581,12,2,19,25.0
580499,1,5,15,30.0
49203,1,5,17,31.0
249828,1,5,13,3.0
4359874,8,3,9,21.0
4326678,8,7,17,14.0
988219,2,7,18,28.0
5968647,11,2,16,48.0
2454186,5,4,20,87.0
3275836,6,2,13,126.0
606349,2,7,12,9.0
2013074,4,6,18,38.0
6232619,11,5,9,15.0
1601628,3,2,15,22.0
3799669,7,7,21,45.0
6692740,12,1,17,8.0
1196324,3,7,19,6.0
1538812,3,6,19,106.0
3082978,6,6,21,4.0
1668783,3,1,15,37.0
5931359,10,2,10,49.0
207703,1,5,13,46.0
3573963,6,4,18,21.0
4275806,8,5,19,21.0
6633072,12,2,11,59.0
6463337,11,4,10,18.0
483841,1,7,13,13.0
1077929,2,7,19,22.0
546041,1,4,15,79.0
616905,2,3,11,3.0
2701923,5,2,18,7.0
4676547,8,3,17,22.0
5722950,10,3,17,18.0
2052051,4,1,15,17.0
6226881,11,4,13,32.0
127650,1,4,17,104.0
2021432,4,1,18,9.0
6042966,11,4,21,46.0
6119919,11,6,13,52.0
5005378,9,1,16,40.0
3452453,6,1,16,18.0
2217542,4,5,15,21.0
1090119,2,4,13,10.0
2670049,5,2,7,26.0
5094740,9,5,19,53.0
3949113,7,2,14,11.0
607488,2,7,14,292.0
5437010,10,7,18,8.0
2749186,5,2,20,51.0
229210,1,7,16,53.0
2217547,4,3,15,17.0
3024015,6,3,20,28.0
3417814,6,1,13,9.0
5379896,9,4,17,62.0
3483168,6,5,11,114.0
1773937,3,2,15,47.0
739919,2,2,8,18.0
2505501,5,4,17,26.0
6427363,11,7,19,50.0
5851186,10,5,16,23.0
2418473,5,1,19,35.0
2911248,5,4,16,66.0
6795846,12,4,8,18.0
609917,2,1,20,6.0
1213042,3,5,18,38.0
298450,1,3,13,64.0
2948452,5,6,23,108.0
2236634,4,1,12,8.0
6535401,12,4,16,24.0
1148150,2,5,22,92.0
2140549,4,6,19,45.0
6002355,11,5,13,92.0
2329934,4,2,20,5.0
3169563,6,3,8,10.0
2089360,4,4,19,81.0
2740891,5,5,10,44.0
6213409,11,6,12,37.0
100627,1,7,21,98.0
1847566,4,7,16,18.0
347546,1,6,21,6.0
2457391,5,5,13,2.0
6939475,12,3,18,103.0
1100266,2,5,20,58.0
2415784,5,7,18,29.0
6583679,12,6,14,38.0
3521801,6,1,20,40.0
4319169,8,4,18,17.0
6314291,11,1,20,24.0
3050703,6,4,15,51.0
2090618,4,5,18,8.0
3020717,6,2,21,196.0
5490803,10,5,21,19.0
4058123,7,4,17,6.0
4024407,7,1,13,52.0
3553073,6,6,18,30.0
3050732,6,4,19,65.0
1901606,4,1,14,18.0
1792554,4,4,16,29.0
2858210,5,5,13,55.0
3092878,6,7,19,25.0
3983402,7,5,18,62.0
886959,2,5,13,17.0
456923,1,5,14,72.0
4877018,9,5,15,6.0
6933019,12,7,19,90.0
203149,1,2,16,100.0
3073894,6,4,18,83.0
6516926,12,5,14,12.0
3052343,6,4,16,69.0
6093801,11,3,16,19.0
3200394,6,7,18,30.0
3655697,7,5,8,33.0
3042130,6,1,19,12.0
6731993,12,1,19,163.0
6922016,12,2,18,92.0
2525384,5,6,14,134.0
3756575,7,6,22,94.0
1256684,3,4,12,12.0
1593513,3,2,16,48.0
3855656,7,3,10,38.0
3561218,6,5,16,19.0
6507100,12,2,18,37.0
2479151,5,5,19,34.0
3721281,7,3,21,204.0
2725765,5,5,18,30.0
6419011,11,7,17,4.0
6818572,12,5,12,48.0
232905,1,5,20,32.0
170698,1,2,19,150.0
5060477,9,1,21,23.0
170628,1,2,19,41.0
3975562,7,2,19,95.0
6044806,11,2,16,52.0
6228891,11,5,17,8.0
5124528,9,3,12,20.0
2486450,5,7,19,22.0
355374,1,3,9,34.0
5478134,10,5,19,23.0
1703968,3,6,15,7.0
6639369,12,2,7,6.0
2516711,5,4,17,122.0
459380,1,1,10,19.0
498582,1,7,13,19.0
3312162,6,7,11,12.0
6843966,12,3,15,15.0
6551697,12,2,21,20.0
6768115,12,6,11,76.0
1748925,3,7,20,201.0
1093123,2,5,15,24.0
6521612,12,6,14,21.0
6230827,11,2,8,13.0
4673606,8,6,18,86.0
4731516,8,5,16,17.0
6325561,11,4,19,64.0
5418585,10,1,11,18.0
3921369,7,2,14,25.0
640107,2,3,18,16.0
3597380,6,6,6,16.0
6098536,11,5,9,5.0
350754,1,5,18,1.0
515777,1,6,23,32.0
549752,1,7,15,2.0
976239,2,7,17,19.0
2966708,5,2,9,10.0
301339,1,3,18,38.0
2621113,5,5,20,122.0
29995,1,6,13,31.0
6244023,11,4,10,28.0
1285135,3,5,9,16.0
1284555,3,4,10,97.0
204517,1,3,21,19.0
503119,1,5,21,49.0
1695073,3,5,12,13.0
6371088,11,1,21,23.0
6640340,12,1,10,98.0
6887812,12,2,16,53.0
6029136,11,7,15,37.0
4905776,9,7,20,11.0
722704,2,5,10,22.0
499061,1,3,18,28.0
3414928,6,5,19,86.0
840309,2,2,10,23.0
2509612,5,3,19,48.0
1159919,2,6,20,12.0
1500495,3,1,14,28.0
2884108,5,5,17,161.0
4166187,7,6,18,61.0
3222731,6,7,18,22.0
3402838,6,2,14,12.0
3273586,6,7,9,21.0
6177127,11,5,11,25.0
3250628,6,1,17,24.0
6028085,11,7,15,39.0
1192950,3,6,10,11.0
4877574,9,5,20,17.0
4021899,7,3,19,5.0
5392465,10,7,16,19.0
5072274,9,4,18,174.0
6456611,11,5,16,15.0
6841823,12,1,19,29.0
1144719,2,1,9,48.0
2873907,5,6,20,13.0
1845589,4,6,10,200.0
1723798,3,7,10,89.0
4260862,8,1,19,10.0
5485471,10,4,14,8.0
6679199,12,5,21,45.0
2448189,5,3,9,12.0
1505370,3,6,15,11.0
5916877,10,5,14,20.0
1814134,4,4,19,18.0
3446030,6,5,18,113.0
2374090,4,6,22,23.0
3171165,6,4,17,55.0
3404980,6,5,16,17.0
800978,2,6,8,20.0
1271256,3,1,16,30.0
1185215,3,4,13,3.0
2890619,5,5,12,66.0
6140651,11,4,18,103.0
1679293,3,7,18,2.0
6965583,12,1,14,87.0
666449,2,4,15,16.0
4956695,9,3,20,19.0
1139804,2,3,12,159.0
932154,2,7,21,16.0
1796714,4,6,18,21.0
2373056,4,5,10,34.0
3686731,7,7,18,70.0
635520,2,1,10,8.0
6829074,12,5,10,12.0
5335245,9,2,15,110.0
4480520,8,7,17,20.0
3304594,6,1,10,19.0
220954,1,2,12,26.0
1545120,3,7,20,208.0
3392543,6,2,17,112.0
1193409,3,6,18,34.0
6538235,12,5,13,84.0
4306147,8,7,14,1.0
4546097,8,6,17,41.0
1096527,2,7,9,7.0
6148652,11,4,16,32.0
6877937,12,7,16,73.0
4365200,8,7,21,22.0
2833700,5,2,8,17.0
4399759,8,6,14,57.0
1454880,3,5,13,5.0
3434556,6,1,19,91.0
5477936,10,5,18,7.0
3144546,6,5,13,30.0
5845497,10,3,19,63.0
4719902,8,5,13,35.0
5431137,10,5,17,30.0
1230428,3,3,20,49.0
4914708,9,3,13,28.0
552465,1,5,14,30.0
4240514,8,2,14,17.0
3349103,6,2,21,10.0
626062,2,5,14,28.0
5316670,9,3,18,20.0
6692008,12,2,14,81.0
1233704,3,4,19,106.0
643840,2,4,20,15.0
1866284,4,5,16,2.0
4035597,7,4,17,66.0
4651011,8,1,20,11.0
1229043,3,3,19,280.0
1820063,4,6,18,39.0
3221278,6,4,19,95.0
2632548,5,6,10,43.0
3476249,6,2,15,19.0
5767211,10,1,15,11.0
2781478,5,2,15,27.0
3190775,6,1,9,92.0
403067,1,2,10,73.0
623588,2,5,8,20.0
3640195,7,7,17,75.0
2284026,4,2,16,1.0
4883459,9,7,15,2.0
4432318,8,7,17,53.0
4154363,7,5,18,15.0
77560,1,7,15,22.0
3431898,6,5,14,58.0
3326953,6,6,14,14.0
3190868,6,1,11,16.0
3801974,7,2,14,31.0
5049519,9,5,11,10.0
1484,1,4,18,62.0
3078437,6,5,21,165.0
6806124,12,5,20,316.0
692333,2,5,20,34.0
4645966,8,1,10,18.0
1792662,4,4,21,16.0
6363983,11,7,12,9.0
1850665,4,1,16,16.0
6680890,12,6,12,12.0
1093417,2,6,14,32.0
256899,1,2,17,22.0
6758993,12,7,11,51.0
1460226,3,2,13,32.0
6538074,12,5,13,28.0
1633240,3,1,14,9.0
76369,1,6,18,21.0
724450,2,7,17,75.0
5617755,10,4,12,21.0
6645813,12,7,8,12.0
6773410,12,4,8,12.0
1181406,3,2,8,77.0
4122877,7,6,19,19.0
1063115,2,2,16,13.0
3016966,6,1,12,3.0
1038581,2,5,9,41.0
2608977,5,2,7,30.0
1405569,3,7,18,191.0
4037115,7,7,15,39.0
1243857,3,7,17,36.0
4297187,8,4,19,29.0
3060941,6,7,20,5.0
698833,2,5,11,5.0
3522858,6,1,15,6.0
4017717,7,3,11,7.0
5764316,10,1,14,4.0
295969,1,2,18,191.0
1211941,3,5,18,16.0
6100876,11,7,10,129.0
1779174,3,6,18,37.0
6384349,11,3,14,19.0
4188612,7,4,13,234.0
1269725,3,1,16,92.0
228072,1,4,11,31.0
2456144,5,5,17,90.0
2057874,4,6,17,26.0
1619641,3,1,19,36.0
951003,2,2,21,30.0
4344079,8,3,16,35.0
2306966,4,3,14,58.0
170186,1,2,19,56.0
1192518,3,6,17,26.0
3655175,7,5,21,79.0
411326,1,4,15,39.0
3069652,6,2,17,33.0
6528572,12,2,20,46.0
4290446,8,3,15,109.0
50388,1,5,20,28.0
4098190,7,7,15,7.0
3862475,7,2,17,116.0
4002488,7,3,15,35.0
6118233,11,3,16,95.0
2216572,4,5,13,12.0
2819464,5,5,18,12.0
2762562,5,6,16,164.0
6223824,11,7,17,105.0
2493432,5,2,18,68.0
1242115,3,7,16,48.0
732483,2,5,9,27.0
2574803,5,1,12,16.0
1089159,2,7,17,78.0
4757995,8,5,16,54.0
1616596,3,4,11,40.0
124366,1,4,15,191.0
3579775,6,1,23,104.0
1246895,3,1,18,17.0
4507562,8,1,23,22.0
6219653,11,4,17,21.0
1219174,3,7,19,27.0
4767212,8,7,18,43.0
6951476,12,2,15,33.0
1433818,3,7,18,22.0
6986347,12,4,12,38.0
1421171,3,6,12,208.0
1267331,3,7,16,15.0
3355266,6,3,19,8.0
1292756,3,1,10,138.0
3503842,6,7,11,13.0
1220257,3,7,19,27.0
6744680,12,5,19,14.0
6496163,12,5,15,1.0
6000249,11,5,20,39.0
1156589,2,2,19,7.0
504116,1,6,17,21.0
6920133,12,1,16,42.0
5557552,10,3,11,9.0
823991,2,4,13,106.0
3178470,6,1,20,27.0
4215464,7,7,18,127.0
6594467,12,1,11,37.0
7644,1,6,12,15.0
4458220,8,2,20,13.0
2293764,4,7,16,42.0
1787816,3,6,17,64.0
4275239,8,5,19,33.0
2611375,5,1,14,11.0
6730218,12,1,12,55.0
5839565,10,3,11,20.0
1207072,3,3,17,37.0
3407868,6,4,15,5.0
2139937,4,5,14,79.0
2919724,5,5,17,200.0
4303935,8,7,9,8.0
342249,1,7,12,5.0
4526057,8,2,20,12.0
1588846,3,6,10,146.0
6104469,11,6,14,111.0
867005,2,6,17,43.0
96313,1,1,17,51.0
987293,2,7,19,3.0
95219,1,5,14,18.0
6034441,11,2,17,12.0
1110669,2,2,13,25.0
3254469,6,3,17,16.0
1274444,3,6,9,18.0
6820330,12,2,12,3.0
4090886,7,4,12,11.0
1742145,3,1,9,49.0
2453933,5,4,14,106.0
6272964,11,6,15,28.0
6851134,12,6,14,41.0
4171742,7,2,10,29.0
6994220,12,1,18,44.0
127918,1,4,16,31.0
5471329,10,3,15,15.0
6028099,11,7,19,26.0
5100321,9,3,19,54.0
5415400,10,7,20,17.0
6741705,12,3,11,34.0
6763311,12,2,15,20.0
5880108,10,3,21,31.0
1180648,3,2,19,5.0
3882323,7,3,21,54.0
5609392,10,4,19,47.0
501458,1,4,14,72.0
1747981,3,7,15,40.0
886489,2,5,13,63.0
1050511,2,5,19,26.0
1739981,3,5,16,18.0
6659262,12,6,11,2.0
670464,2,5,20,26.0
2972305,5,7,18,211.0
3600919,6,2,11,74.0
3651242,7,4,19,14.0
733883,2,7,21,38.0
2201441,4,7,19,28.0
5114627,9,2,17,18.0
3057214,6,6,18,6.0
5084575,9,4,10,105.0
2484281,5,6,12,23.0
6177114,11,5,20,92.0
2478156,5,5,19,59.0
6733455,12,1,7,166.0
1797634,4,6,19,17.0
6789218,12,1,16,38.0
3633132,7,5,13,12.0
279134,1,5,20,18.0
5621782,10,5,9,24.0
3210326,6,6,16,1.0
1213707,3,5,17,70.0
1302394,3,6,12,16.0
2775605,5,3,14,9.0
6747012,12,7,17,3.0
2384265,4,7,16,32.0
1153881,2,6,18,50.0
5577961,10,6,8,17.0
5447052,10,3,21,101.0
2442739,5,1,17,14.0
3851992,7,2,20,48.0
6518242,12,5,16,18.0
1386388,3,2,10,190.0
7006257,12,3,12,31.0
3453339,6,3,18,36.0
1623766,3,6,10,29.0
785514,2,4,12,21.0
3353544,6,7,9,50.0
399057,1,4,13,4.0
5070613,9,3,13,34.0
4458379,8,5,6,36.0
4241357,8,2,9,22.0
6531635,12,2,20,8.0
2233686,4,7,19,1.0
2456465,5,5,19,22.0
1681738,3,2,22,51.0
3244216,6,6,18,34.0
3776,1,5,17,59.0
6977552,12,2,16,23.0
99913,1,7,16,74.0
3050275,6,4,17,9.0
4722453,8,5,17,58.0
1546927,3,3,17,83.0
6273482,11,7,16,89.0
2876018,5,4,20,75.0
2311192,4,7,15,63.0
280064,1,6,15,36.0
242650,1,4,13,84.0
6234908,11,6,11,96.0
3576989,6,7,20,98.0
5011673,9,5,17,59.0
926813,2,2,15,15.0
50544,1,5,18,14.0
255004,1,3,20,24.0
1285652,3,2,17,62.0
192144,1,2,15,16.0
5047367,9,1,11,1.0
91323,1,4,14,11.0
6632783,12,2,11,62.0
956762,2,2,18,81.0
6242169,11,6,14,46.0
1164436,2,3,12,34.0
971474,2,7,13,4.0
4364029,8,5,16,29.0
2580422,5,5,18,12.0
6328075,11,7,14,24.0
2323874,4,7,18,32.0
5433422,10,5,18,19.0
1393744,3,6,19,48.0
3221624,6,4,12,33.0
4772521,8,5,17,19.0
2640954,5,5,17,22.0
552258,1,5,12,20.0
1846344,4,7,18,29.0
5950894,11,4,20,26.0
540380,1,4,17,110.0
887206,2,5,19,71.0
5061916,9,1,10,4.0
2357126,4,4,12,49.0
6732098,12,1,20,36.0
3932715,7,4,12,7.0
5612804,10,3,12,15.0
1142724,2,6,12,55.0
937506,2,1,18,2.0
784304,2,3,7,35.0
4750170,8,1,18,48.0
6705712,12,4,19,8.0
3450238,6,1,9,20.0
365032,1,4,21,20.0
6906422,12,3,9,28.0
4835335,8,6,18,6.0
706196,2,3,18,155.0
6841137,12,5,16,110.0
5353957,9,4,13,21.0
4723526,8,4,17,11.0
6522777,12,7,19,24.0
5133754,9,3,10,22.0
852727,2,1,15,6.0
543991,1,6,13,26.0
6925054,12,4,15,60.0
6978166,12,1,12,23.0
4813550,8,5,14,29.0
3669280,7,2,9,15.0
3871524,7,5,18,20.0
6104991,11,4,13,68.0
5970227,11,3,20,21.0
4487656,8,3,20,18.0
300756,1,3,12,15.0
4927803,9,7,17,35.0
359213,1,2,17,60.0
636378,2,2,17,126.0
6238141,11,7,16,107.0
176260,1,6,12,97.0
6300937,11,5,18,21.0
4293967,8,4,20,19.0
2673944,5,5,21,20.0
4009027,7,5,20,10.0
5727589,10,3,12,15.0
4882968,9,7,21,16.0
993530,2,5,11,18.0
3383030,6,1,20,7.0
5186401,9,1,11,19.0
5922071,10,5,10,14.0
6465849,12,3,19,6.0
6554920,12,3,16,12.0
478764,1,5,16,11.0
69766,1,4,16,1.0
1942532,4,2,12,5.0
1779023,3,6,16,25.0
5709702,10,5,15,95.0
337200,1,1,18,31.0
3540503,6,5,0,130.0
3931877,7,3,11,6.0
636016,2,2,20,112.0
1587450,3,1,14,51.0
1736578,3,6,16,33.0
5467884,10,2,18,209.0
3850448,7,5,14,96.0
1625469,3,6,13,31.0
3419674,6,4,18,11.0
1222957,3,1,17,5.0
3991274,7,2,22,61.0
2807513,5,3,9,8.0
3502963,6,7,13,70.0
3847115,7,1,8,17.0
6177150,11,5,18,227.0
3706285,7,3,14,18.0
6977127,12,3,1,14.0
3093131,6,4,15,27.0
4791811,8,5,19,68.0
2836012,5,5,16,1.0
6025635,11,6,12,40.0
791430,2,7,11,25.0
3433161,6,1,12,134.0
5204776,9,1,10,13.0
2916744,5,3,15,14.0
6789589,12,1,13,67.0
6638429,12,7,8,149.0
1842473,4,5,8,3.0
2762035,5,5,14,14.0
6151969,11,7,20,32.0
2875860,5,1,11,55.0
2623242,5,5,19,115.0
479259,1,4,16,11.0
2647715,5,6,15,10.0
1839585,4,4,21,19.0
4165134,7,4,17,7.0
1733702,3,1,11,101.0
6919193,12,4,23,22.0
2341634,4,2,18,4.0
1594184,3,2,10,45.0
3915799,7,3,15,17.0
4823323,8,5,11,88.0
4215800,7,7,14,1.0
6645876,12,2,11,8.0
2806087,5,7,12,23.0
813227,2,2,22,10.0
420862,1,5,16,57.0
4857113,9,6,16,18.0
3008326,6,5,12,20.0
3358290,6,7,19,103.0
6866902,12,7,16,78.0
2246238,4,2,15,18.0
2327390,4,5,17,23.0
616331,2,3,13,17.0
1400436,3,6,10,16.0
6514172,12,4,15,29.0
6529165,12,2,14,18.0
6107800,11,4,12,94.0
2393061,5,7,9,40.0
6838935,12,5,19,26.0
3013700,6,7,17,26.0
2289528,4,3,15,57.0
4884196,9,1,13,17.0
6724407,12,5,16,51.0
3972929,7,6,14,18.0
3382896,6,6,18,5.0
1535719,3,2,20,52.0
1563534,3,2,16,19.0
2804361,5,2,19,25.0
3883559,7,4,16,21.0
3244269,6,2,13,18.0
3040041,6,1,10,32.0
2444577,5,1,10,10.0
2471108,5,3,20,42.0
2631908,5,5,11,41.0
3797647,7,6,20,30.0
3107879,6,1,17,18.0
3422630,6,4,19,10.0
5553960,10,7,20,74.0
1723194,3,6,7,89.0
1478766,3,6,13,12.0
3662715,7,7,21,155.0
6134118,11,3,13,20.0
3844540,7,1,17,22.0
6029713,11,7,15,200.0
5572259,10,3,10,83.0
1524424,3,3,12,1.0
990967,2,5,14,44.0
1184974,3,4,20,138.0
1419530,3,4,16,28.0
3458955,6,7,16,140.0
2275834,4,7,15,6.0
4739230,8,1,14,67.0
2034847,4,6,14,28.0
6655714,12,7,14,49.0
6515375,12,4,16,38.0
451362,1,2,17,63.0
1246569,3,1,9,15.0
534704,1,4,17,42.0
5989119,11,1,13,35.0
3524863,6,1,19,13.0
5562833,10,4,13,2.0
1234800,3,4,20,29.0
2801294,5,7,19,20.0
1951,1,4,21,27.0
1609493,3,5,14,22.0
504568,1,5,18,20.0
610656,2,1,13,62.0
2810507,5,4,20,65.0
1818098,4,5,15,26.0
3191440,6,2,13,21.0
3447565,6,6,11,37.0
4034887,7,5,17,76.0
1167997,2,5,10,26.0
835228,2,3,12,43.0
5718513,10,4,18,11.0
4207815,7,4,19,82.0
3369721,6,7,15,232.0
6786064,12,4,21,3.0
947052,2,3,11,32.0
1806125,4,2,11,14.0
6526572,12,1,16,62.0
785041,2,3,12,43.0
6031098,11,7,10,14.0
4239923,8,2,19,30.0
3236557,6,1,11,9.0
48557,1,4,15,16.0
1779432,3,6,9,110.0
2737084,5,4,19,71.0
3434375,6,5,21,6.0
2139371,4,4,19,7.0
1229210,3,3,19,96.0
6798802,12,1,13,15.0
1528461,3,4,10,9.0
3522365,6,4,19,46.0
6769247,12,1,16,42.0
1544707,3,7,16,51.0
1740529,3,5,18,32.0
6522863,12,7,16,17.0
4788817,8,7,11,14.0
6795700,12,3,19,34.0
3455109,6,4,16,75.0
3661336,7,7,14,3.0
3906972,7,1,18,32.0
6717576,12,7,14,18.0
6597489,12,6,18,19.0
3989666,7,7,20,351.0
2833193,5,3,22,105.0
2649676,5,7,20,54.0
92123,1,4,14,13.0
986475,2,3,17,19.0
1577260,3,5,10,18.0
5766168,10,3,20,47.0
1072374,2,3,16,24.0
5665324,10,4,17,8.0
1021759,2,7,17,34.0
3975484,7,2,20,65.0
2093750,4,7,20,21.0
5217557,9,1,15,13.0
3514539,6,5,19,44.0
1941657,4,7,19,195.0
5827271,10,2,20,22.0
6221101,11,6,14,42.0
3229034,6,3,19,21.0
6644950,12,7,18,38.0
3505714,6,5,17,15.0
6543147,12,6,15,6.0
612400,2,1,14,38.0
1773223,3,2,11,10.0
3355653,6,3,12,126.0
6751647,12,5,19,152.0
2022698,4,2,20,20.0
463417,1,1,10,15.0
5933553,10,3,19,26.0
4636084,8,5,15,61.0
4861631,9,1,15,22.0
2903824,5,3,11,38.0
6854461,12,1,21,3.0
6926804,12,1,15,20.0
2361687,4,1,21,123.0
5197617,9,1,10,31.0
108491,1,4,10,23.0
711994,2,1,14,55.0
3545792,6,7,17,68.0
2288088,4,5,18,27.0
102182,1,7,21,12.0
1538616,3,6,16,168.0
2803878,5,4,14,2.0
1208331,3,4,19,11.0
388422,1,7,9,13.0
1310906,3,3,16,35.0
2631625,5,1,19,28.0
101893,1,6,16,59.0
1269930,3,1,18,34.0
4337363,8,4,18,22.0
5672532,10,3,8,14.0
1679877,3,5,18,19.0
3076192,6,4,20,141.0
4757260,8,4,19,9.0
4273674,8,4,21,194.0
2262322,4,7,19,1.0
453197,1,3,13,12.0
6004604,11,6,15,13.0
3510210,6,3,9,11.0
2411206,5,5,18,3.0
2177973,4,5,9,26.0
6157193,11,7,20,48.0
1622777,3,4,12,15.0
5837928,10,4,19,5.0
3704179,7,6,10,10.0
2170135,4,4,7,21.0
703917,2,1,8,22.0
3015774,6,1,21,16.0
3040355,6,1,15,133.0
4736023,8,4,19,97.0
3475687,6,1,14,13.0
1546069,3,2,20,22.0
93131,1,4,15,20.0
6779031,12,6,12,50.0
2166075,4,4,16,4.0
92587,1,4,11,81.0
5345882,9,7,18,73.0
3422104,6,2,17,5.0
491604,1,2,13,27.0
4350775,8,3,16,21.0
8924,1,7,21,25.0
3119526,6,4,17,13.0
3454658,6,6,11,29.0
6526343,12,1,12,36.0
6941418,12,2,20,105.0
2425570,5,3,8,5.0
6855233,12,2,16,33.0
387388,1,3,15,17.0
2219122,4,5,8,27.0
4640086,8,7,13,32.0
6977819,12,2,14,25.0
1363870,3,2,8,26.0
5060272,9,1,20,4.0
6749970,12,3,8,6.0
5628200,10,4,19,27.0
6271033,11,3,11,5.0
72725,1,5,19,64.0
6103033,11,5,16,16.0
2266506,4,3,9,40.0
6182,1,6,15,28.0
1550537,3,1,21,16.0
299505,1,3,18,11.0
5996568,11,4,15,34.0
6765860,12,7,20,2.0
2614963,5,3,21,56.0
4420583,8,7,19,41.0
4216107,7,1,11,10.0
6530562,12,2,16,10.0
6673246,12,7,17,66.0
6528630,12,2,8,19.0
3643381,7,1,19,31.0
4757722,8,4,18,34.0
3214855,6,1,20,47.0
4475396,8,6,17,24.0
3349348,6,2,20,39.0
1983726,4,1,10,39.0
3177004,6,7,20,58.0
2443419,5,1,17,18.0
514781,1,6,15,19.0
6488218,12,3,20,64.0
3265866,6,1,16,64.0
6923441,12,7,21,33.0
6936597,12,1,11,51.0
2183191,4,5,9,105.0
1075754,2,4,15,4.0
500768,1,2,14,56.0
817065,2,4,13,43.0
2432767,5,5,14,20.0
4276285,8,5,20,36.0
4020268,7,6,17,28.0
3002124,6,3,21,13.0
6623272,12,7,16,242.0
6534365,12,3,13,37.0
3551793,6,4,15,10.0
6640066,12,6,14,20.0
3001297,6,3,8,7.0
1000140,2,4,13,16.0
1791038,3,1,13,14.0
842016,2,1,18,151.0
765457,2,5,8,16.0
5276989,9,7,20,92.0
1588099,3,2,14,82.0
5748417,10,3,8,51.0
564275,1,2,20,30.0
1129647,2,5,21,36.0
6309905,11,5,11,43.0
1305699,3,5,10,29.0
3850152,7,3,19,116.0
20328,1,3,20,2.0
6547943,12,1,15,6.0
2040579,4,7,19,64.0
4662596,8,5,18,55.0
4918371,9,4,17,54.0
4585071,8,3,11,120.0
617845,2,3,18,8.0
6713393,12,3,20,10.0
1585711,3,2,19,44.0
6747003,12,7,18,18.0
949519,2,7,22,162.0
286209,1,4,14,29.0
1411658,3,2,16,23.0
3435821,6,5,0,61.0
4471970,8,7,17,69.0
6626883,12,2,9,13.0
6894754,12,5,19,15.0
6541457,12,6,15,1.0
63220,1,2,18,35.0
3063234,6,1,17,138.0
83707,1,1,21,40.0
770016,2,1,14,55.0
1060500,2,4,12,20.0
2260527,4,6,14,38.0
6636147,12,1,20,10.0
632012,2,7,20,55.0
2508562,5,1,14,54.0
1338632,3,3,21,15.0
5110972,9,1,18,32.0
6856297,12,2,17,59.0
1069524,2,3,12,12.0
636609,2,2,13,54.0
1939847,4,3,15,153.0
5695183,10,5,15,88.0
3703043,7,3,18,19.0
2690006,5,5,20,100.0
1036384,2,3,16,17.0
4169004,7,4,15,74.0
3671950,7,3,17,51.0
6027709,11,7,19,104.0
6644218,12,1,10,18.0
6164932,11,2,13,72.0
3895675,7,6,17,10.0
1647566,3,3,18,20.0
1229636,3,3,9,26.0
981269,2,6,9,35.0
4320315,8,5,14,3.0
637186,2,2,17,184.0
1084658,2,6,12,29.0
3417593,6,4,19,45.0
5442782,10,2,11,27.0
2185634,4,2,18,100.0
3592593,6,2,14,7.0
1791393,4,4,21,22.0
101437,1,3,17,51.0
724706,2,3,9,20.0
4222698,7,6,20,3.0
4001774,7,1,16,38.0
659439,2,2,13,26.0
6810078,12,6,14,7.0
519394,1,4,18,4.0
1260960,3,5,16,31.0
3572180,6,5,15,12.0
6517479,12,5,13,209.0
2911974,5,2,11,51.0
205643,1,4,16,50.0
655502,2,1,11,10.0
4592711,8,7,17,55.0
1180964,3,2,20,49.0
1232097,3,4,11,125.0
6541143,12,6,20,22.0
859735,2,7,20,27.0
1625896,3,1,21,157.0
6531851,12,2,16,16.0
2340626,4,7,21,8.0
678806,2,1,18,19.0
46859,1,4,18,36.0
2363188,4,4,10,118.0
6533845,12,3,16,22.0
4178368,7,6,13,7.0
6642798,12,5,15,21.0
6492660,12,4,19,5.0
1976587,4,6,19,92.0
6725580,12,7,16,43.0
1707475,3,6,18,23.0
624701,2,5,19,16.0
60673,1,1,18,10.0
322409,1,4,19,3.0
4780858,8,7,3,94.0
1148465,2,5,14,31.0
1124108,2,3,13,69.0
6683125,12,6,15,27.0
1616940,3,3,12,57.0
1909287,4,5,21,26.0
6177162,11,5,7,6.0
1773899,3,2,18,62.0
11510,1,7,20,158.0
5746804,10,6,11,19.0
1536766,3,3,15,20.0
3231048,6,1,17,5.0
5594289,10,7,20,214.0
6976793,12,3,10,86.0
6109747,11,7,18,60.0
4470823,8,1,18,72.0
1780549,3,7,17,14.0
1576426,3,1,16,20.0
3099646,6,6,11,29.0
2418635,5,1,18,6.0
299708,1,3,16,7.0
2870814,5,5,19,44.0
4215983,7,1,14,73.0
667011,2,4,15,17.0
1814519,4,4,11,68.0
800560,2,6,14,27.0
4176648,7,3,20,65.0
3425055,6,5,21,23.0
2559382,5,5,11,28.0
6573843,12,2,16,10.0
6229618,11,7,17,39.0
3795045,7,4,17,35.0
4214209,7,6,11,12.0
2093995,4,7,12,68.0
1862640,4,4,10,24.0
677706,2,1,11,294.0
1372088,3,7,19,34.0
2778723,5,1,19,30.0
1485479,3,3,14,70.0
2816164,5,4,13,9.0
6502047,12,7,16,12.0
4341175,8,4,16,126.0
3816894,7,3,18,28.0
6823341,12,2,14,37.0
3031793,6,5,11,2.0
5575252,10,5,8,10.0
3663254,7,7,14,12.0
822363,2,7,14,47.0
1957150,4,4,17,74.0
2444278,5,1,13,42.0
3215867,6,6,10,44.0
6587663,12,5,22,11.0
4785783,8,1,20,216.0
6637401,12,2,12,160.0
4213711,7,6,11,23.0
6652774,12,1,14,41.0
6478849,12,7,19,2.0
290031,1,7,10,14.0
6452274,11,2,21,34.0
6833279,12,5,20,100.0
6238484,11,5,20,127.0
6507112,12,2,21,14.0
1487087,3,4,18,216.0
1795493,4,5,15,10.0
2454886,5,4,10,1.0
1219202,3,7,15,42.0
4242223,8,2,14,15.0
2175239,4,5,11,22.0
5669524,10,1,11,50.0
1284672,3,1,16,70.0
2434911,5,5,18,7.0
6884286,12,1,16,18.0
6713053,12,3,10,7.0
3110712,6,5,15,101.0
2251324,4,5,14,82.0
6105306,11,7,8,47.0
3119351,6,7,21,104.0
1640845,3,6,17,12.0
3096649,6,3,16,7.0
1028471,2,7,12,8.0
6687483,12,7,13,33.0
4788580,8,6,11,112.0
6301459,11,3,15,30.0
429965,1,5,12,258.0
4134983,7,3,17,37.0
45851,1,4,20,79.0
683845,2,2,17,17.0
6161827,11,7,22,1.0
1577667,3,1,9,12.0
104908,1,2,18,22.0
139253,1,2,9,40.0
4200447,7,4,20,39.0
5670225,10,1,17,27.0
229413,1,3,17,33.0
5960360,11,7,20,19.0
2332916,4,1,19,39.0
4048327,7,1,18,39.0
3229710,6,4,20,38.0
4679116,8,6,21,20.0
3397233,6,2,16,20.0
3405443,6,5,21,89.0
1021760,2,1,17,14.0
2879979,5,3,13,81.0
1912708,4,7,12,86.0
1116131,2,1,20,38.0
3722761,7,3,14,10.0
6685835,12,1,18,33.0
2884842,5,4,12,17.0
2272482,4,3,17,78.0
3595492,6,4,15,19.0
3428017,6,6,11,16.0
1667530,3,2,18,12.0
2578486,5,3,18,16.0
3123302,6,7,21,91.0
777498,2,5,13,47.0
3628809,7,4,21,143.0
3678084,7,5,18,28.0
222355,1,3,17,57.0
709253,2,4,15,45.0
1222272,3,1,18,36.0
2622830,5,7,16,121.0
533669,1,2,15,16.0
3409621,6,3,13,13.0
2337497,4,2,16,14.0
4130428,7,7,15,22.0
2642496,5,3,16,13.0
3173348,6,5,17,26.0
2889359,5,5,16,100.0
3231149,6,5,20,13.0
583888,1,4,16,24.0
1295547,3,2,15,16.0
539404,1,2,11,44.0
3277716,6,3,13,50.0
326968,1,5,9,16.0
6387453,11,3,20,114.0
12845,1,1,9,22.0
888491,2,6,20,17.0
5068442,9,3,18,45.0
2793867,5,2,20,3.0
6857075,12,1,12,62.0
679691,2,1,9,223.0
209305,1,6,12,49.0
1158461,2,5,19,7.0
1613196,3,6,17,41.0
1198966,3,1,14,140.0
5939093,10,1,13,98.0
3032455,6,5,9,10.0
2280565,4,5,21,141.0
6646682,12,4,12,54.0
5861804,10,6,19,81.0
3406263,6,4,17,41.0
1001810,2,3,16,1.0
4882615,9,7,16,21.0
3402624,6,2,14,31.0
6998581,12,4,16,21.0
4458111,8,2,16,64.0
3243461,6,4,18,20.0
1641319,3,4,11,16.0
2976292,5,5,13,16.0
5710676,10,2,20,15.0
3512130,6,2,19,13.0
1065247,2,6,17,11.0
3997419,7,6,18,31.0
3478134,6,4,18,79.0
5303959,9,5,14,53.0
6238151,11,4,14,19.0
1613003,3,6,12,71.0
1377090,3,3,16,75.0
3112076,6,5,20,188.0
4140945,7,3,18,6.0
6395727,11,5,20,15.0
511073,1,4,12,18.0
6389830,11,3,20,97.0
2179293,4,2,17,58.0
2875138,5,2,13,17.0
5830662,10,4,16,12.0
2139661,4,5,16,96.0
5448019,10,3,15,36.0
6641375,12,7,11,13.0
5612113,10,5,20,20.0
1833109,4,3,19,6.0
3357926,6,6,17,192.0
6946638,12,3,10,17.0
2420241,5,1,14,82.0
3619344,7,1,18,24.0
3113713,6,5,17,164.0
6622711,12,7,16,270.0
1984819,4,2,18,34.0
3053671,6,5,19,2.0
3384179,6,5,11,1.0
2185100,4,4,17,37.0
3038533,6,7,16,54.0
5051880,9,4,13,46.0
1937559,4,7,13,83.0
426118,1,3,12,43.0
4104034,7,5,14,35.0
2283927,4,3,13,22.0
6777522,12,5,17,10.0
846382,2,6,13,9.0
2252877,4,5,19,15.0
6641085,12,3,13,20.0
1841445,4,5,10,16.0
4656001,8,4,16,85.0
2362825,4,1,16,60.0
6226039,11,2,12,3.0
1125659,2,5,11,13.0
3412389,6,6,16,41.0
4967418,9,6,16,122.0
2881824,5,5,17,18.0
6027630,11,7,18,90.0
4337819,8,2,17,43.0
887545,2,5,9,29.0
1790883,3,1,13,17.0
2020458,4,4,23,35.0
1446202,3,5,18,54.0
6520685,12,6,18,26.0
2054444,4,3,11,52.0
88758,1,3,9,28.0
5407039,10,4,19,3.0
6836432,12,5,16,124.0
3059659,6,7,17,29.0
3616552,7,7,20,25.0
2628855,5,5,19,153.0
3232496,6,2,10,1.0
6655278,12,1,16,37.0
4300088,8,5,20,41.0
2632160,5,2,15,11.0
3735532,7,3,15,44.0
4776793,8,7,15,33.0
6297087,11,7,20,128.0
1289110,3,1,12,20.0
2035184,4,3,14,17.0
6643382,12,3,13,109.0
79804,1,7,19,66.0
3597947,6,6,16,47.0
6732710,12,1,20,22.0
715742,2,2,14,20.0
665717,2,4,19,41.0
3632980,7,5,16,19.0
6522876,12,7,12,93.0
1602836,3,4,10,13.0
3669968,7,2,16,22.0
1782558,3,2,14,4.0
2222801,4,6,21,17.0
2759667,5,2,18,26.0
6800612,12,4,11,10.0
403489,1,7,11,33.0
2356682,4,2,17,56.0
1581690,3,3,17,95.0
3021481,6,2,19,41.0
4036461,7,5,13,30.0
1390279,3,4,14,66.0
2725333,5,5,16,12.0
1849822,4,1,9,10.0
4748816,8,7,18,9.0
6137300,11,4,13,39.0
4255715,8,6,19,14.0
6993827,12,1,8,16.0
1658699,3,2,16,23.0
5700724,10,4,19,68.0
203701,1,2,16,239.0
664330,2,3,20,15.0
2423999,5,2,11,17.0
5884244,10,7,10,53.0
2354568,4,2,9,17.0
6696371,12,3,19,51.0
6780556,12,7,16,50.0
4730248,8,6,20,34.0
681921,2,2,11,15.0
2817291,5,1,9,15.0
2612943,5,3,23,19.0
2906184,5,5,19,36.0
4678545,8,2,12,44.0
648371,2,5,18,17.0
50820,1,5,15,23.0
3022144,6,2,12,13.0
6634171,12,1,18,3.0
1100200,2,7,12,75.0
715620,2,5,18,45.0
2471033,5,3,20,88.0
4096219,7,2,18,63.0
1284948,3,7,16,38.0
636047,2,2,8,37.0
24450,1,4,16,9.0
2038776,4,2,10,51.0
4247156,8,4,21,28.0
4276029,8,5,17,183.0
143643,1,1,16,46.0
3982737,7,5,9,21.0
3480373,6,2,9,23.0
3232751,6,3,20,66.0
2876195,5,2,14,19.0
4040930,7,4,18,162.0
1157930,2,4,19,16.0
3367299,6,4,19,98.0
6787172,12,2,20,9.0
2707117,5,6,19,70.0
2997461,6,2,11,8.0
3107495,6,4,19,23.0
2022841,4,3,7,76.0
4277236,8,6,20,45.0
6707427,12,5,13,39.0
1785438,3,4,15,20.0
3639297,7,7,14,7.0
4723458,8,5,18,27.0
6966460,12,2,13,24.0
3380763,6,6,10,50.0
559346,1,5,18,29.0
6393707,11,1,21,132.0
2214491,4,4,21,17.0
2810438,5,2,18,15.0
3935919,7,3,13,7.0
4071175,7,4,12,29.0
6687082,12,3,13,186.0
2113338,4,5,11,188.0
4247177,8,4,21,41.0
2907970,5,7,15,18.0
4029429,7,2,11,17.0
3387403,6,2,20,23.0
1220513,3,7,18,45.0
1866677,4,5,19,62.0
6321044,11,5,18,6.0
6463845,11,4,21,11.0
3228648,6,5,17,44.0
4257859,8,7,21,35.0
1273834,3,1,16,19.0
2023379,4,2,12,15.0
3515979,6,6,18,62.0
6244148,11,5,10,21.0
3090179,6,7,14,48.0
6845817,12,5,9,22.0
6187391,11,7,15,10.0
479453,1,6,18,33.0
6729798,12,3,13,129.0
904815,2,2,17,15.0
78543,1,7,16,48.0
60714,1,1,11,110.0
6982065,12,3,15,31.0
4963089,9,6,10,21.0
5500182,10,7,16,108.0
6933772,12,7,8,26.0
6789699,12,1,18,96.0
1587501,3,5,9,35.0
1124335,2,3,20,68.0
2200745,4,4,20,16.0
4038873,7,6,19,100.0
6562577,12,2,11,13.0
2017851,4,5,18,68.0
6483404,12,1,16,6.0
6746276,12,7,14,117.0
670550,2,5,16,41.0
1231750,3,4,11,23.0
5088089,9,7,21,34.0
868191,2,7,20,13.0
3620358,7,1,10,16.0
4784443,8,6,17,33.0
5884689,10,1,18,41.0
844714,2,7,10,81.0
4536834,8,6,18,85.0
3621974,7,2,16,42.0
3010906,6,6,11,34.0
6965773,12,1,13,55.0
491123,1,4,17,22.0
5607087,10,7,10,23.0
5454764,10,5,17,24.0
2378559,4,2,15,55.0
6542708,12,6,20,8.0
57690,1,1,18,40.0
5432667,10,5,17,19.0
3674880,7,4,18,14.0
6965539,12,1,14,257.0
1006193,2,7,13,231.0
644612,2,4,19,49.0
3042690,6,1,20,251.0
92705,1,4,19,50.0
3521865,6,1,20,46.0
2888403,5,3,15,14.0
1765850,3,5,19,37.0
3863453,7,3,14,43.0
2203248,4,1,8,14.0
4632359,8,5,17,115.0
91862,1,4,10,11.0
281678,1,1,19,16.0
3563477,6,4,22,50.0
6929622,12,6,14,76.0
5611775,10,1,8,84.0
4633867,8,4,21,3.0
1024415,2,6,15,33.0
5869283,10,5,14,21.0
6232860,11,7,16,58.0
5756659,10,5,19,11.0
6402427,11,4,14,11.0
5515113,10,6,10,20.0
1127252,2,1,11,10.0
6820088,12,6,12,104.0
207716,1,5,19,30.0
463060,1,2,14,27.0
1736081,3,5,23,26.0
971515,2,5,13,31.0
284234,1,3,22,15.0
3743735,7,2,14,23.0
4320192,8,4,20,20.0
1130501,2,7,17,9.0
2639743,5,5,11,16.0
642412,2,3,11,24.0
6719110,12,1,9,17.0
3661150,7,7,14,29.0
2269033,4,4,19,24.0
403919,1,4,12,31.0
3549976,6,1,9,20.0
3147224,6,1,14,50.0
2697756,5,5,19,11.0
4270147,8,3,14,17.0
1360158,3,7,9,40.0
1118290,2,5,13,9.0
5747355,10,4,7,49.0
6514533,12,4,11,17.0
5111803,9,2,19,19.0
3343181,6,1,21,12.0
1000859,2,6,16,61.0
490886,1,7,12,14.0
1655003,3,3,13,37.0
656849,2,1,13,11.0
6782706,12,4,21,21.0
2668327,5,1,14,13.0
362912,1,7,17,101.0
482662,1,2,20,19.0
5591000,10,5,14,72.0
1786684,3,5,12,25.0
34613,1,7,20,43.0
4141673,7,1,16,19.0
674738,2,7,12,73.0
3521067,6,6,17,7.0
6513881,12,4,17,53.0
1491360,3,1,11,22.0
3876055,7,5,20,12.0
6500048,12,7,15,11.0
3716796,7,3,14,42.0
6986985,12,3,18,39.0
3000428,6,3,21,70.0
1083443,2,4,13,80.0
6675477,12,5,13,23.0
6239060,11,5,15,57.0
3192126,6,2,19,44.0
3912393,7,2,10,25.0
6751488,12,5,12,48.0
6974702,12,6,12,35.0
458587,1,7,16,110.0
2998638,6,2,20,157.0
202710,1,2,21,17.0
3073308,6,4,15,52.0
1695633,3,1,13,31.0
2510069,5,3,17,19.0
4026791,7,5,20,56.0
2385219,4,1,19,137.0
3484208,6,5,18,31.0
412911,1,5,18,115.0
6273255,11,7,9,85.0
2823085,5,7,17,41.0
6800145,12,3,10,24.0
6065346,11,4,14,6.0
3521681,6,1,18,119.0
1659750,3,5,18,104.0
2418012,5,1,17,74.0
5926150,10,4,17,20.0
680323,2,1,18,128.0
6102358,11,4,18,12.0
4592413,8,7,16,22.0
2434106,5,5,19,255.0
2106622,4,7,14,20.0
2421253,5,2,10,9.0
2885704,5,5,15,20.0
5225807,9,2,11,28.0
365863,1,5,16,33.0
1383653,3,7,10,55.0
3371495,6,2,12,60.0
2082247,4,2,15,21.0
2307313,4,2,20,157.0
5039349,9,1,11,6.0
3212212,6,7,21,102.0
3231244,6,1,16,8.0
3043398,6,2,15,81.0
143708,1,1,12,92.0
1419111,3,3,14,1.0
5742695,10,5,12,20.0
5716490,10,1,9,8.0
776963,2,5,11,71.0
6827114,12,1,9,44.0
6941024,12,3,17,29.0
4715944,8,3,21,153.0
644920,2,4,22,12.0
3490817,6,2,20,111.0
6597841,12,6,14,182.0
2385652,4,1,10,4.0
1810975,4,3,20,137.0
6518975,12,5,11,42.0
3737586,7,1,13,57.0
6925894,12,7,19,20.0
4835228,8,6,14,260.0
6860562,12,1,19,47.0
3622578,7,2,14,14.0
6110471,11,2,18,9.0
6650347,12,3,13,76.0
6983741,12,1,21,145.0
3867135,7,3,21,48.0
2898992,5,2,20,37.0
3723274,7,2,21,124.0
2679266,5,3,16,18.0
6273261,11,7,12,31.0
6685409,12,5,17,120.0
4768345,8,3,19,26.0
4704658,8,5,18,38.0
3309234,6,5,12,32.0
4292456,8,3,12,23.0
2194409,4,4,11,27.0
3227156,6,2,10,26.0
2179042,4,7,10,31.0
6234460,11,7,14,39.0
3537266,6,1,12,15.0
1663850,3,5,15,11.0
4800783,8,5,21,124.0
6632137,12,4,11,64.0
1596418,3,1,13,42.0
3627408,7,3,21,14.0
6552646,12,2,11,40.0
2192042,4,4,16,9.0
847090,2,2,10,90.0
6530598,12,2,19,68.0
6831744,12,2,7,2.0
5154215,9,5,10,8.0
3508953,6,1,21,38.0
3930382,7,2,18,8.0
5501531,10,5,18,58.0
6495771,12,5,12,15.0
1275274,3,1,14,10.0
1633496,3,7,16,139.0
396583,1,7,15,94.0
4284479,8,1,9,11.0
1262718,3,6,20,86.0
6977586,12,2,12,81.0
6722990,12,4,17,1.0
1657500,3,6,16,29.0
1235412,3,5,21,22.0
3755875,7,5,14,23.0
3248629,6,5,11,6.0
1818771,4,5,21,5.0
4887138,9,2,17,11.0
1463553,3,5,16,20.0
4791422,8,4,20,12.0
3259815,6,4,11,97.0
97419,1,6,11,32.0
1800622,4,7,17,28.0
2001839,4,3,19,100.0
329776,1,5,16,36.0
4468470,8,3,16,8.0
6654532,12,2,14,26.0
5702724,10,6,12,37.0
1975545,4,5,19,29.0
3061610,6,7,15,10.0
2287,1,4,11,8.0
4590587,8,5,17,38.0
6772504,12,3,17,13.0
2770659,5,3,10,9.0
3063321,6,1,18,37.0
3639553,7,7,15,15.0
4842215,8,5,21,90.0
2778160,5,3,14,37.0
6200960,11,7,20,63.0
5564995,10,5,19,36.0
3795356,7,5,10,35.0
5049482,9,5,21,33.0
6850308,12,3,13,32.0
6724438,12,5,16,2.0
2805131,5,4,20,4.0
6618674,12,2,22,42.0
28656,1,5,16,25.0
6949297,12,3,12,15.0
2279768,4,6,16,6.0
6983777,12,1,15,85.0
5955274,11,5,14,26.0
3246725,6,5,16,16.0
1125214,2,5,13,2.0
2102768,4,1,12,131.0
6506229,12,2,8,23.0
398150,1,3,16,12.0
183766,1,3,17,73.0
3232154,6,7,20,148.0
1048538,2,3,10,80.0
6039830,11,2,14,53.0
5568923,10,5,19,24.0
1578433,3,3,14,7.0
3209485,6,5,19,39.0
3222014,6,1,18,38.0
91604,1,4,16,142.0
1226471,3,2,18,32.0
6107675,11,3,10,88.0
700398,2,1,17,26.0
3489951,6,2,16,85.0
3976565,7,4,14,43.0
4774925,8,3,18,15.0
310621,1,1,19,66.0
2141616,4,7,14,159.0
1767733,3,1,14,81.0
508790,1,4,14,8.0
5689663,10,7,15,18.0
2951392,5,3,16,11.0
4148248,7,7,16,29.0
6825687,12,5,18,20.0
5825871,10,4,23,24.0
3573593,6,7,20,66.0
6650071,12,2,12,33.0
1108987,2,5,11,20.0
620416,2,4,14,14.0
5584321,10,1,22,12.0
4487090,8,1,20,21.0
2305055,4,3,20,74.0
6563946,12,7,18,111.0
1139840,2,3,13,38.0
4743059,8,5,10,24.0
2911518,5,2,15,16.0
4539477,8,1,14,8.0
772398,2,2,17,16.0
50960,1,5,17,35.0
4887435,9,2,20,17.0
823323,2,7,18,36.0
3237256,6,1,18,109.0
3017288,6,1,13,18.0
3412128,6,6,17,115.0
1794208,4,5,21,56.0
1796788,4,6,20,14.0
2755454,5,3,22,34.0
3030203,6,5,16,14.0
3102694,6,7,15,16.0
1597660,3,2,16,43.0
4760369,8,5,16,29.0
1842911,4,5,12,44.0
1129192,2,5,14,6.0
2786339,5,5,15,32.0
4731610,8,6,11,49.0
2033428,4,5,16,19.0
4548428,8,1,17,15.0
2608904,5,7,16,2.0
1622989,3,7,19,68.0
756146,2,5,13,117.0
2036364,4,3,18,83.0
526090,1,2,17,177.0
6646710,12,1,14,52.0
3308423,6,4,19,134.0
507386,1,6,15,108.0
695872,2,1,16,4.0
6384603,11,1,15,28.0
3019219,6,2,19,34.0
4305510,8,7,13,18.0
1612102,3,5,15,24.0
6919647,12,4,14,14.0
784066,2,3,11,16.0
2626779,5,5,15,32.0
260839,1,5,13,26.0
6507408,12,2,16,30.0
6973625,12,7,21,45.0
6353222,11,3,17,23.0
3570499,6,7,20,31.0
1252401,3,3,12,1.0
3299563,6,1,13,12.0
40,1,4,12,29.0
3713445,7,7,15,41.0
4254690,8,6,16,1.0
4611796,8,4,17,23.0
6764119,12,5,9,10.0
4800709,8,2,18,132.0
2353357,4,5,14,20.0
507533,1,1,22,98.0
1085664,2,3,18,73.0
3124378,6,4,19,44.0
1598139,3,2,20,38.0
4204262,7,3,18,14.0
3073886,6,4,18,100.0
1210387,3,4,10,41.0
1532710,3,6,10,11.0
1241967,3,7,11,4.0
2404620,5,4,19,22.0
4219152,7,3,14,21.0
2575448,5,1,15,19.0
4351173,8,6,12,38.0
3507775,6,2,18,57.0
1707452,3,4,18,326.0
3207220,6,4,13,14.0
3404194,6,4,19,29.0
777434,2,5,20,67.0
3199698,6,7,13,11.0
1130169,2,6,16,19.0
5948876,11,3,9,49.0
2086672,4,3,12,9.0
3001424,6,3,17,15.0
3278086,6,4,19,16.0
4335086,8,4,12,20.0
2171622,4,3,10,21.0
996788,2,4,14,85.0
1974256,4,5,14,15.0
2033336,4,4,17,6.0
2010662,4,1,19,47.0
657476,2,1,12,33.0
5301024,9,1,16,15.0
978272,2,4,11,19.0
4526122,8,2,22,27.0
4008383,7,3,15,23.0
1723656,3,7,18,56.0
3392229,6,2,16,24.0
1817999,4,5,9,38.0
3791689,7,1,20,2.0
6414952,11,6,18,84.0
3226781,6,1,19,42.0
4291654,8,3,16,12.0
5315571,9,1,9,52.0
6516285,12,4,17,64.0
3712743,7,4,14,34.0
1038113,2,5,18,40.0
5431301,10,5,13,1.0
6750126,12,3,11,20.0
1534206,3,7,19,40.0
2795940,5,3,14,185.0
2751488,5,5,16,88.0
6003468,11,6,14,13.0
4330305,8,5,19,144.0
5500243,10,7,17,45.0
6511227,12,3,10,37.0
1461421,3,3,18,145.0
1281011,3,1,19,118.0
1212127,3,5,9,2.0
6541907,12,6,13,26.0
1408481,3,2,16,16.0
534843,1,5,11,163.0
6672327,12,3,6,69.0
2749758,5,3,13,32.0
4788049,8,5,20,282.0
6878982,12,4,17,42.0
2746352,5,5,18,65.0
5047902,9,7,15,14.0
6737525,12,7,18,7.0
2102227,4,7,18,6.0
3385528,6,5,18,6.0
3248400,6,3,17,131.0
6617302,12,1,15,134.0
2249522,4,2,17,48.0
399541,1,4,12,36.0
1020185,2,3,8,20.0
3586493,6,4,18,26.0
6801789,12,6,16,105.0
6806552,12,6,8,19.0
1609457,3,1,11,27.0
1398716,3,5,16,351.0
3410960,6,6,19,51.0
823407,2,1,13,48.0
1267320,3,7,18,26.0
6555608,12,3,18,73.0
2384071,4,7,19,21.0
5871759,10,3,16,12.0
6719684,12,1,17,12.0
6561094,12,4,18,18.0
6498202,12,6,8,15.0
3748725,7,2,21,20.0
6737893,12,7,12,116.0
2659704,5,1,18,53.0
717095,2,4,18,69.0
2524137,5,5,10,85.0
773985,2,3,16,41.0
6293769,11,2,13,7.0
6758321,12,4,14,17.0
4033715,7,4,21,10.0
1098804,2,4,14,93.0
6491226,12,4,16,36.0
1269899,3,1,20,83.0
1474448,3,6,15,25.0
1773872,3,2,17,104.0
6838731,12,6,19,12.0
6115291,11,7,20,2.0
3005902,6,4,16,54.0
5691248,10,1,12,54.0
2880990,5,4,13,52.0
1189002,3,5,20,29.0
4411899,8,2,9,1.0
4118204,7,5,14,19.0
983129,2,1,17,55.0
2128832,4,2,7,64.0
6760969,12,2,16,52.0
5933771,10,3,16,12.0
146421,1,5,9,128.0
2663711,5,4,15,62.0
6733358,12,1,17,10.0
701017,2,5,9,3.0
1278413,3,2,19,118.0
6801195,12,5,18,40.0
795140,2,3,16,33.0
5979097,11,5,14,133.0
1034406,2,3,21,91.0
3602335,6,3,15,16.0
101913,1,5,16,9.0
6517291,12,5,18,117.0
2394896,5,1,21,118.0
4055097,7,7,18,73.0
957942,2,4,19,134.0
3619752,7,1,16,19.0
4130429,7,1,15,28.0
1607454,3,2,12,15.0
2205123,4,7,18,43.0
3379363,6,2,18,30.0
986390,2,1,11,45.0
1599608,3,6,12,21.0
3596134,6,5,16,1.0
4272951,8,4,19,76.0
3485420,6,4,11,163.0
1442130,3,2,11,10.0
4247687,8,4,20,15.0
6525370,12,1,12,77.0
1255777,3,4,11,19.0
953308,2,5,19,24.0
6272362,11,6,17,31.0
2050874,4,7,19,146.0
6104670,11,6,12,20.0
518361,1,3,10,7.0
3922553,7,3,16,64.0
399410,1,3,12,37.0
1463133,3,4,19,95.0
2453809,5,4,20,67.0
3439773,6,7,19,9.0
2506804,5,3,20,123.0
3497569,6,2,19,47.0
1748911,3,3,19,20.0
412826,1,6,19,21.0
2104877,4,2,15,23.0
3226588,6,3,9,51.0
2991237,5,3,15,84.0
6742701,12,4,9,19.0
3222385,6,1,8,97.0
5939540,10,1,21,13.0
3539809,6,3,22,12.0
578744,1,1,17,114.0
574121,1,5,9,10.0
949366,2,7,22,132.0
2941960,5,1,19,39.0
2981908,5,3,9,32.0
6494579,12,5,19,30.0
1152161,2,5,10,144.0
6528628,12,2,9,40.0
6493008,12,4,20,28.0
6933801,12,5,10,41.0
1801144,4,7,21,131.0
6927462,12,1,14,112.0
4404741,8,5,15,22.0
2003680,4,4,18,15.0
3610750,7,5,13,8.0
3485528,6,5,20,42.0
2621748,5,1,17,20.0
4466704,8,7,16,40.0
5963105,11,1,13,77.0
1456095,3,6,11,15.0
1872005,4,7,8,32.0
6602669,12,3,16,16.0
3025988,6,3,21,27.0
1709823,3,2,11,9.0
6127493,11,1,12,59.0
3031517,6,5,16,106.0
6843213,12,1,7,13.0
4831893,8,4,18,33.0
993423,2,6,20,14.0
3173992,6,5,15,215.0
4817562,8,4,17,91.0
2850806,5,5,10,78.0
6841141,12,2,16,80.0
2028155,4,1,16,8.0
804163,2,1,18,16.0
239295,1,7,19,189.0
3457534,6,5,18,22.0
1674169,3,6,16,15.0
473428,1,3,10,75.0
4513228,8,5,18,40.0
1149440,2,4,10,18.0
6950071,12,5,12,17.0
670673,2,5,16,57.0
6631628,12,5,11,4.0
3229022,6,5,19,161.0
6596757,12,5,19,52.0
1052474,2,3,16,53.0
2026402,4,2,19,13.0
3243157,6,5,21,29.0
1483854,3,2,14,2.0
3566819,6,7,19,142.0
715313,2,5,18,87.0
6496254,12,5,13,14.0
3339877,6,3,20,4.0
1082766,2,7,11,53.0
3237692,6,3,16,12.0
1728524,3,6,18,30.0
1221716,3,1,15,12.0
230774,1,4,13,27.0
5047937,9,7,15,11.0
2794378,5,4,18,34.0
4630351,8,4,17,27.0
3358188,6,6,19,44.0
3492989,6,7,19,6.0
804190,2,1,7,21.0
2775601,5,6,14,7.0
6683324,12,7,11,7.0
3623088,7,2,21,5.0
1910563,4,4,12,38.0
3750637,7,5,14,17.0
544415,1,7,17,57.0
4343203,8,7,18,177.0
3410385,6,4,19,57.0
3935658,7,4,14,2.0
6013030,11,2,12,38.0
3050377,6,4,7,1.0
4069203,7,4,11,54.0
5934412,10,4,15,135.0
4057599,7,1,17,31.0
4065853,7,2,16,7.0
5275100,9,5,18,64.0
1415026,3,6,17,12.0
431598,1,3,18,62.0
3856566,7,2,20,45.0
6744239,12,5,17,266.0
76710,1,6,13,56.0
2535474,5,6,10,341.0
3777614,7,7,12,65.0
1660701,3,6,19,54.0
5996844,11,4,16,22.0
4461247,8,6,12,19.0
4737534,8,4,19,29.0
5251418,9,3,17,12.0
6580137,12,1,12,6.0
975814,2,5,13,19.0
3187779,6,7,19,24.0
6626233,12,1,11,21.0
4206805,7,1,15,34.0
5335354,9,2,14,29.0
6502391,12,7,20,45.0
1188237,3,4,19,42.0
1239287,3,6,16,43.0
1748490,3,1,19,12.0
4321189,8,5,18,32.0
2917234,5,4,17,24.0
2877472,5,2,17,57.0
1787732,3,6,18,25.0
6522171,12,6,18,42.0
4216862,7,1,19,22.0
1179623,3,2,11,10.0
4683995,8,1,18,23.0
4809955,8,1,14,8.0
247398,1,2,15,211.0
6760458,12,1,12,22.0
535613,1,6,18,92.0
3725015,7,3,21,181.0
1256005,3,4,11,3.0
3219301,6,6,20,37.0
3323525,6,7,12,32.0
1129492,2,5,22,88.0
6943566,12,1,18,17.0
4876567,9,5,13,33.0
693192,2,5,7,21.0
6823246,12,7,9,7.0
6379703,11,5,15,3.0
3629552,7,4,15,23.0
2478389,5,5,15,21.0
978944,2,6,19,90.0
532,1,4,17,64.0
3977262,7,5,20,34.0
2968999,5,2,20,57.0
466211,1,3,11,37.0
6733468,12,1,21,108.0
4221041,7,4,22,4.0
4478125,8,4,20,35.0
1649438,3,7,13,92.0
5333913,9,6,11,4.0
5731667,10,2,17,141.0
3647735,7,3,19,11.0
6233803,11,2,19,20.0
4146935,7,1,17,15.0
3818451,7,4,22,15.0
6628655,12,6,15,17.0
827892,2,2,11,14.0
3207146,6,4,21,11.0
5047581,9,7,14,12.0
5035765,9,1,15,44.0
5404260,10,4,16,50.0
4043977,7,4,15,225.0
92039,1,4,20,24.0
2321279,4,1,19,18.0
6832780,12,3,19,39.0
383974,1,3,14,7.0
533441,1,6,9,97.0
2343121,4,5,13,13.0
296942,1,2,13,20.0
518081,1,2,18,146.0
2208948,4,2,11,8.0
2019864,4,4,21,40.0
6311223,11,4,16,19.0
117878,1,2,15,59.0
2918498,5,6,12,85.0
3058830,6,6,16,51.0
1285830,3,1,14,205.0
4396476,8,1,19,16.0
6617522,12,2,22,54.0
3007338,6,5,16,29.0
5471427,10,3,11,7.0
4355252,8,5,19,12.0
7261,1,6,20,19.0
1406275,3,3,19,63.0
1722272,3,3,15,10.0
1078488,2,3,14,3.0
4018029,7,4,10,12.0
3424129,6,7,12,10.0
3672870,7,3,21,8.0
257645,1,3,9,23.0
3060929,6,7,19,14.0
5281681,9,7,17,260.0
6249803,11,5,10,28.0
4175022,7,7,17,237.0
1187854,3,4,12,15.0
2941767,5,1,20,77.0
2485632,5,6,16,17.0
3484771,6,4,13,23.0
148895,1,1,18,150.0
3961672,7,7,16,23.0
620630,2,4,20,35.0
1205772,3,3,10,62.0
5454877,10,5,9,2.0
2801171,5,7,21,18.0
4256999,8,7,21,17.0
4815574,8,2,15,24.0
111174,1,4,12,17.0
5103118,9,5,11,57.0
3283689,6,1,10,6.0
2308853,4,4,16,18.0
2083905,4,2,17,25.0
1734788,3,3,16,13.0
2912072,5,2,16,21.0
1194784,3,7,13,36.0
4040354,7,1,17,8.0
4157599,7,5,16,31.0
6236448,11,6,12,36.0
5124754,9,3,17,20.0
91353,1,4,16,22.0
16592,1,2,10,55.0
521965,1,1,16,8.0
5826916,10,2,16,27.0
1026962,2,4,14,4.0
3053100,6,4,20,19.0
613536,2,2,15,133.0
6961027,12,6,13,25.0
1678295,3,4,13,17.0
91405,1,4,15,75.0
3234585,6,2,15,75.0
3746190,7,6,11,17.0
146451,1,5,17,66.0
639170,2,3,12,216.0
1847634,4,7,12,45.0
252610,1,4,17,7.0
3341084,6,7,21,8.0
894675,2,1,14,12.0
3343206,6,1,10,3.0
3172809,6,4,11,44.0
4479780,8,4,22,77.0
1583906,3,7,19,30.0
636178,2,2,15,9.0
1078886,2,6,16,60.0
4780936,8,7,12,11.0
6238190,11,7,17,4.0
1250136,3,2,16,106.0
6638270,12,3,16,39.0
1205791,3,3,17,32.0
253991,1,5,10,95.0
5447888,10,3,17,43.0
5767398,10,3,16,92.0
3248254,6,5,17,116.0
3734778,7,3,17,38.0
1049396,2,2,17,18.0
2008042,4,5,18,40.0
4832710,8,4,18,44.0
1892829,4,6,8,158.0
6618681,12,2,22,10.0
2262829,4,5,16,63.0
932411,2,1,15,83.0
4512123,8,4,20,122.0
117148,1,4,21,22.0
1864428,4,5,12,13.0
667885,2,4,18,24.0
1220242,3,7,20,32.0
2296687,4,3,17,20.0
1600067,3,1,16,17.0
6580546,12,1,18,50.0
6936171,12,4,17,11.0
6511743,12,3,17,56.0
4828831,8,1,18,20.0
3491521,6,5,11,52.0
3364508,6,7,18,3.0
6350187,11,6,11,72.0
2619845,5,1,21,52.0
3626371,7,3,17,217.0
2304273,4,3,18,21.0
5114991,9,2,10,21.0
1618764,3,4,17,13.0
3809665,7,6,17,86.0
4033866,7,3,19,29.0
6879440,12,3,13,6.0
113152,1,4,16,31.0
253424,1,7,10,49.0
596632,1,2,11,13.0
6223568,11,7,10,30.0
2866433,5,4,22,77.0
5218930,9,7,17,15.0
1074319,2,4,20,11.0
3633927,7,5,20,37.0
2021315,4,7,10,17.0
1800096,4,7,17,18.0
1870555,4,7,14,26.0
1060415,2,5,17,54.0
1413097,3,5,8,33.0
3598840,6,7,10,14.0
2775419,5,5,16,28.0
888958,2,6,15,49.0
748256,2,5,17,75.0
606366,2,7,17,72.0
4265133,8,2,15,17.0
2820834,5,5,15,173.0
4853442,9,5,19,36.0
1536065,3,2,10,14.0
3339746,6,3,15,11.0
2930791,5,3,19,31.0
5447044,10,3,19,265.0
6508660,12,2,13,144.0
3921342,7,2,16,48.0
476526,1,7,9,196.0
1229620,3,3,19,34.0
1817272,4,5,16,68.0
4692753,8,6,18,40.0
2432193,5,5,14,45.0
6439551,11,4,20,192.0
838996,2,5,7,71.0
956368,2,2,19,101.0
4315050,8,3,12,8.0
6511837,12,3,12,35.0
1430533,3,5,15,37.0
242084,1,2,18,7.0
6407548,11,4,12,47.0
3251729,6,5,17,71.0
2377106,4,1,11,165.0
829391,2,2,20,134.0
419952,1,2,15,22.0
4112743,7,2,20,9.0
792222,2,1,19,31.0
1227941,3,2,19,162.0
1416141,3,4,19,179.0
618406,2,3,18,3.0
387963,1,3,12,37.0
1842776,4,5,19,13.0
4218818,7,3,9,6.0
2266102,4,4,15,15.0
1211828,3,5,19,34.0
2597418,5,2,8,143.0
3808223,7,5,22,68.0
249734,1,3,19,16.0
5996908,11,4,15,11.0
4481610,8,5,13,16.0
4631653,8,6,13,3.0
5802516,10,3,19,21.0
3921917,7,2,16,10.0
1886312,4,7,14,16.0
1008192,2,5,12,13.0
2759997,5,3,20,15.0
1869863,4,7,21,22.0
1158384,2,5,15,21.0
1707614,3,4,15,138.0
6616617,12,3,16,63.0
4632171,8,6,18,67.0
801574,2,7,13,45.0
3618980,7,1,9,7.0
5616037,10,3,15,61.0
1118232,2,5,23,12.0
3483388,6,6,18,40.0
6205162,11,6,9,13.0
1291257,3,5,15,133.0
123107,1,4,17,52.0
1234958,3,4,16,7.0
1511131,3,7,15,18.0
994387,2,5,17,14.0
6563499,12,1,9,19.0
6533023,12,3,15,118.0
1501048,3,1,21,50.0
2498323,5,4,13,92.0
5863842,10,3,17,3.0
6806287,12,5,19,102.0
4886800,9,1,14,27.0
4486867,8,6,17,41.0
778492,2,6,8,18.0
6687434,12,6,19,85.0
2181421,4,4,17,9.0
885837,2,5,18,26.0
3015604,6,7,15,168.0
1599093,3,5,8,70.0
6481132,12,1,21,11.0
6490706,12,4,19,31.0
4328490,8,3,18,87.0
2893087,5,4,19,46.0
3182853,6,4,15,40.0
2456567,5,5,15,18.0
3686662,7,7,20,104.0
1590092,3,5,14,29.0
2160715,4,6,15,461.0
2241628,4,5,15,7.0
5697914,10,2,13,120.0
1438566,3,6,14,23.0
2900335,5,7,17,12.0
553910,1,1,17,27.0
1303390,3,1,18,21.0
3283130,6,1,16,18.0
1298713,3,1,10,51.0
3925294,7,5,18,1.0
2883766,5,7,16,43.0
6272386,11,6,16,48.0
487371,1,5,16,10.0
3417023,6,3,16,9.0
5821347,10,7,16,21.0
4749318,8,6,19,1.0
5832973,10,3,14,63.0
4354900,8,3,15,22.0
1519254,3,5,10,46.0
4658278,8,3,17,15.0
3091230,6,1,16,24.0
5351562,9,2,19,110.0
4107299,7,7,17,5.0
1554986,3,6,18,17.0
3226691,6,7,12,151.0
4177679,7,5,18,21.0
956633,2,2,14,32.0
6964943,12,7,17,136.0
6287318,11,5,15,51.0
6513270,12,4,18,115.0
2078960,4,2,16,10.0
3446079,6,7,18,26.0
1764224,3,5,20,50.0
1538942,3,6,8,195.0
1258109,3,4,14,4.0
3000866,6,3,12,17.0
6689888,12,4,11,91.0
886517,2,5,19,3.0
2451887,5,4,9,6.0
5201398,9,4,14,95.0
1669385,3,5,17,17.0
1902034,4,3,19,36.0
828178,2,6,9,10.0
3028295,6,4,18,50.0
1310344,3,2,17,176.0
550177,1,1,21,131.0
4089789,7,3,16,17.0
3734474,7,1,9,68.0
1435879,3,6,18,52.0
4330801,8,5,14,58.0
404177,1,3,18,9.0
610122,2,1,21,88.0
72636,1,5,14,53.0
4143825,7,2,12,15.0
3828096,7,3,10,33.0
6753620,12,6,13,15.0
1001386,2,3,18,18.0
5587809,10,3,18,103.0
1154238,2,1,10,75.0
1990073,4,3,17,29.0
6343973,11,5,20,31.0
3473794,6,4,11,69.0
526162,1,2,13,33.0
1204837,3,3,12,10.0
3386106,6,7,12,27.0
3839365,7,3,14,54.0
6782525,12,4,14,10.0
2469971,5,2,20,17.0
756540,2,5,20,16.0
3368815,6,6,19,54.0
4085060,7,4,13,57.0
2751561,5,5,15,52.0
6771273,12,3,10,74.0
1078496,2,4,14,22.0
6683119,12,7,15,37.0
2507121,5,3,11,23.0
4342871,8,7,12,84.0
4486114,8,1,14,303.0
3550005,6,1,21,104.0
2998514,6,2,16,26.0
5415272,10,7,21,60.0
3978272,7,6,19,26.0
5891132,10,5,13,4.0
4506281,8,7,23,16.0
3425544,6,4,19,13.0
1276496,3,5,13,6.0
2881986,5,2,21,41.0
839507,2,6,10,48.0
1815164,4,4,20,37.0
3076813,6,5,12,54.0
971230,2,2,17,105.0
4793232,8,1,21,94.0
1467765,3,1,8,31.0
404366,1,2,19,32.0
1500776,3,1,9,18.0
6711159,12,1,14,34.0
3735389,7,7,15,243.0
6175895,11,4,20,44.0
4643529,8,5,18,16.0
3915229,7,3,19,32.0
4881671,9,7,20,78.0
981092,2,5,15,48.0
6970799,12,3,21,24.0
3056665,6,6,19,26.0
2068882,4,1,19,24.0
4717267,8,2,15,26.0
6203915,11,5,14,48.0
4346552,8,7,18,38.0
962940,2,6,9,8.0
542919,1,3,19,111.0
3360287,6,2,9,40.0
6911258,12,2,16,98.0
5975709,11,4,20,5.0
6881957,12,3,11,81.0
2938418,5,1,15,21.0
6676792,12,2,11,35.0
1734085,3,1,10,8.0
2819213,5,5,15,13.0
2454322,5,4,14,19.0
7005395,12,3,18,18.0
4476728,8,6,15,153.0
5573802,10,1,15,72.0
6384599,11,7,19,29.0
1570657,3,1,21,6.0
4613068,8,6,11,46.0
534105,1,3,18,41.0
2214191,4,4,19,38.0
636664,2,2,11,6.0
2992118,5,4,20,20.0
2190134,4,1,14,21.0
580854,1,7,18,17.0
225,1,4,14,14.0
4478807,8,7,16,30.0
1597021,3,4,10,44.0
4336796,8,5,14,92.0
6763671,12,7,20,42.0
4836717,8,7,12,59.0
6530454,12,2,11,310.0
3728999,7,3,13,12.0
2773736,5,5,10,20.0
2424240,5,2,20,50.0
5589081,10,6,9,36.0
6954806,12,1,12,89.0
3055594,6,5,20,13.0
6679601,12,6,15,108.0
6426344,11,7,19,29.0
1456006,3,6,23,12.0
2644080,5,5,14,6.0
1666854,3,1,11,62.0
1091545,2,4,22,45.0
7003821,12,1,10,20.0
3529366,6,4,18,7.0
2331816,4,6,13,50.0
5903840,10,2,17,185.0
1048979,2,7,19,67.0
3450873,6,1,17,49.0
4782970,8,3,19,37.0
4726011,8,3,20,128.0
3637724,7,7,21,197.0
3549377,6,7,19,150.0
1748000,3,5,15,133.0
5669029,10,7,13,66.0
6620737,12,6,20,21.0
3683281,7,6,19,45.0
4286951,8,2,21,21.0
1079726,2,7,18,48.0
6528346,12,1,18,20.0
6913105,12,7,14,31.0
5485024,10,5,13,15.0
208611,1,5,20,25.0
1230379,3,3,19,199.0
5053425,9,3,12,67.0
971144,2,2,13,13.0
1016415,2,2,7,10.0
2102834,4,1,15,129.0
6538459,12,5,11,255.0
4425762,8,3,10,29.0
1589966,3,3,11,63.0
3234696,6,2,14,15.0
1482876,3,1,19,31.0
1226457,3,2,19,75.0
6663900,12,4,20,11.0
901513,2,6,11,35.0
6868989,12,7,10,34.0
4032270,7,7,15,30.0
6792877,12,6,14,13.0
177496,1,7,11,269.0
4938832,9,4,15,59.0
1399613,3,7,13,10.0
3523833,6,6,19,35.0
6003704,11,6,13,21.0
1501070,3,1,17,34.0
646700,2,5,14,11.0
5308195,9,4,12,23.0
745250,2,2,13,120.0
2287653,4,7,13,113.0
1736575,3,6,15,19.0
3412612,6,4,16,36.0
5411890,10,6,15,28.0
4025161,7,2,19,21.0
693860,2,5,19,31.0
1181694,3,3,11,15.0
787963,2,5,8,20.0
611627,2,1,17,103.0
4584286,8,7,19,83.0
1683503,3,5,11,238.0
1017345,2,5,19,9.0
3077360,6,5,14,63.0
1728267,3,5,15,9.0
6619554,12,2,15,4.0
2784804,5,6,16,53.0
4065821,7,3,21,34.0
2176182,4,5,15,14.0
1684812,3,6,12,14.0
5081337,9,1,18,10.0
6955169,12,2,17,13.0
6933371,12,6,13,46.0
1800530,4,7,20,82.0
1225457,3,2,17,52.0
3846281,7,1,16,19.0
6977250,12,2,17,29.0
3648512,7,3,18,33.0
5090287,9,1,13,18.0
2958217,5,1,10,48.0
6737071,12,2,16,33.0
6384373,11,7,14,4.0
3410241,6,1,13,17.0
3221706,6,7,17,3.0
2269676,4,4,15,16.0
5380281,9,5,8,27.0
2456434,5,5,14,34.0
3712115,7,3,9,25.0
2886368,5,6,18,17.0
6190521,11,2,12,44.0
3919425,7,7,9,6.0
4122418,7,6,14,16.0
4141648,7,6,13,26.0
1293833,3,2,14,37.0
3935885,7,2,16,89.0
3358121,6,6,19,87.0
971,1,4,11,53.0
3782,1,5,21,69.0
6791123,12,3,15,87.0
2318561,4,1,19,12.0
6372979,11,7,10,23.0
1644138,3,6,12,38.0
3255238,6,7,18,56.0
542178,1,1,17,29.0
1666562,3,1,16,53.0
4656698,8,5,20,87.0
4147038,7,6,13,35.0
4137897,7,7,14,196.0
352894,1,7,13,19.0
1861059,4,4,19,19.0
1758855,3,7,18,36.0
820043,2,2,9,19.0
3137324,6,2,21,28.0
2250001,4,7,18,35.0
3287767,6,4,21,14.0
461860,1,3,9,92.0
6519346,12,5,21,263.0
3962132,7,1,15,5.0
5545429,10,6,19,11.0
300215,1,3,11,48.0
3240387,6,7,13,58.0
5287346,9,4,10,64.0
810728,2,5,12,29.0
2924661,5,2,12,52.0
4761010,8,6,14,66.0
4823282,8,6,19,24.0
2432866,5,5,19,15.0
6160234,11,5,19,84.0
1599529,3,5,16,63.0
3808554,7,5,10,17.0
5478707,10,5,15,54.0
175808,1,5,6,19.0
1229070,3,3,13,24.0
2915525,5,5,16,55.0
2376667,4,1,14,26.0
3536976,6,7,13,87.0
6561927,12,2,13,52.0
6714055,12,4,19,23.0
4438048,8,4,14,34.0
1537117,3,4,16,62.0
4629426,8,1,11,10.0
5369998,9,3,8,11.0
2056401,4,5,11,20.0
4675507,8,5,16,37.0
56628,1,7,19,39.0
6404273,11,2,20,21.0
3723821,7,4,9,9.0
574190,1,1,11,40.0
3188732,6,7,14,214.0
1752356,3,7,15,28.0
4596429,8,5,20,46.0
950682,2,1,12,17.0
3342049,6,4,10,8.0
3214122,6,1,18,19.0
1031796,2,5,17,25.0
5211396,9,7,16,113.0
2377136,4,1,11,71.0
2155471,4,5,18,43.0
3932255,7,3,11,17.0
6976068,12,4,20,15.0
400013,1,2,13,23.0
4194101,7,3,15,26.0
1211873,3,5,19,14.0
2954005,5,2,16,41.0
2913472,5,3,13,18.0
891810,2,5,21,42.0
1863889,4,5,12,17.0
4073435,7,4,17,55.0
6656751,12,7,14,105.0
1190116,3,5,21,23.0
1674179,3,6,18,10.0
1875602,4,1,17,23.0
5209860,9,5,12,9.0
2461456,5,7,12,31.0
6269761,11,2,15,28.0
3469125,6,4,17,131.0
2684712,5,4,11,13.0
6658878,12,2,12,63.0
32775,1,7,15,18.0
2198937,4,5,15,11.0
459220,1,6,21,19.0
1600770,3,1,18,92.0
3067142,6,2,21,17.0
277140,1,4,11,10.0
6768103,12,1,11,20.0
2349099,4,4,22,41.0
6509715,12,3,18,11.0
3860562,7,3,17,89.0
3858196,7,3,7,58.0
1027343,2,4,18,24.0
663045,2,3,22,10.0
614847,2,2,16,124.0
4839397,8,3,13,12.0
4717688,8,6,20,73.0
4020722,7,3,19,1.0
3179294,6,1,13,27.0
6682132,12,6,19,99.0
4511437,8,4,21,20.0
424436,1,4,11,30.0
4098063,7,4,18,22.0
1024243,2,5,17,7.0
1538908,3,6,15,120.0
3367405,6,4,17,52.0
178777,1,7,18,87.0
3460016,6,6,16,113.0
6000123,11,5,12,1.0
355707,1,4,18,19.0
613512,2,2,16,114.0
75702,1,6,19,5.0
5159484,9,5,15,83.0
1453424,3,4,13,16.0
3006205,6,5,20,44.0
371670,1,7,16,391.0
4635171,8,5,16,35.0
2880655,5,4,15,26.0
2633447,5,5,13,77.0
2419088,5,1,13,22.0
6759473,12,4,9,144.0
6203965,11,5,16,61.0
4461996,8,6,15,54.0
3030550,6,5,19,45.0
1086085,2,5,13,60.0
681159,2,2,15,47.0
3013299,6,7,16,22.0
5110343,9,1,15,71.0
4745295,8,4,12,16.0
6223059,11,7,16,55.0
5848411,10,3,15,12.0
2089706,4,4,19,30.0
6959570,12,3,21,21.0
2801297,5,3,19,89.0
1375164,3,2,15,148.0
3093109,6,5,15,115.0
5278293,9,1,19,15.0
4827038,8,7,16,17.0
6654450,12,1,18,34.0
1505419,3,4,19,4.0
4927802,9,7,20,18.0
6552834,12,2,11,8.0
2735616,5,6,15,6.0
3678860,7,5,19,11.0
5838282,10,7,12,40.0
5728413,10,5,17,157.0
3116248,6,1,17,33.0
2444536,5,1,16,32.0
988178,2,7,18,84.0
4659900,8,6,19,22.0
4363868,8,5,8,28.0
1089120,2,3,18,41.0
610474,2,1,16,39.0
4532946,8,5,9,47.0
6646459,12,2,17,17.0
3320733,6,2,20,11.0
1607,1,4,18,24.0
1087549,2,3,20,75.0
4711832,8,3,16,29.0
3007605,6,5,17,51.0
4790085,8,2,22,1.0
2312320,4,3,17,13.0
3392386,6,2,16,74.0
4723842,8,4,19,17.0
421063,1,5,20,15.0
6768120,12,3,11,52.0
308589,1,7,10,11.0
4246087,8,3,16,17.0
3030284,6,5,20,6.0
3597919,6,6,16,29.0
3812478,7,1,20,24.0
3511494,6,4,15,53.0
3095755,6,3,8,20.0
1242606,3,7,15,21.0
2050515,4,7,20,18.0
1008190,2,3,12,16.0
1420999,3,5,12,22.0
4492390,8,7,19,75.0
4955501,9,1,16,38.0
6745427,12,6,18,165.0
3830793,7,2,21,62.0
953824,2,5,12,17.0
6105086,11,3,20,64.0
2931583,5,4,13,42.0
4943369,9,7,14,49.0
982781,2,2,9,9.0
3478456,6,4,17,71.0
5770088,10,2,17,92.0
522116,1,1,16,29.0
4239929,8,2,21,47.0
6624836,12,5,11,27.0
1175240,3,1,19,18.0
2034095,4,2,18,9.0
2881431,5,6,18,7.0
6226071,11,7,18,165.0
2011940,4,4,19,4.0
5622683,10,6,17,37.0
2015815,4,4,10,13.0
2371298,4,4,13,2.0
3253389,6,3,18,101.0
3405435,6,4,21,120.0
2751610,5,5,11,82.0
2997128,6,2,14,61.0
1690334,3,2,9,24.0
1460343,3,2,9,22.0
2144453,4,4,18,33.0
1927579,4,7,17,37.0
6217684,11,2,14,108.0
6949751,12,4,19,7.0
3273377,6,7,15,21.0
258408,1,3,17,193.0
4623723,8,5,18,9.0
6531228,12,2,19,16.0
6862992,12,3,10,18.0
3096151,6,7,12,151.0
617794,2,3,11,24.0
3367831,6,5,16,83.0
2986803,5,7,11,8.0
5082857,9,2,18,47.0
1594984,3,1,16,15.0
1751311,3,7,14,24.0
2747168,5,6,16,152.0
4341339,8,2,12,42.0
270504,1,6,18,18.0
3719162,7,5,14,42.0
812190,2,5,22,8.0
6101731,11,6,20,33.0
1061553,2,6,16,35.0
607765,2,7,17,21.0
249792,1,5,21,36.0
1839209,4,4,15,21.0
3038802,6,7,17,47.0
6660897,12,5,12,59.0
6530603,12,2,11,38.0
6332490,11,7,17,52.0
1686036,3,7,15,16.0
1496137,3,4,11,98.0
792250,2,1,13,97.0
2453118,5,4,9,28.0
79827,1,7,16,24.0
6748034,12,1,20,93.0
2671198,5,3,20,26.0
6804986,12,3,10,20.0
6941745,12,4,0,7.0
1624673,3,7,21,8.0
4612972,8,6,14,8.0
3506305,6,3,15,3.0
5108893,9,1,12,9.0
972223,2,3,20,21.0
668072,2,4,17,9.0
6520304,12,6,15,25.0
393395,1,7,14,120.0
426114,1,6,12,18.0
4189270,7,5,18,18.0
2036602,4,1,16,20.0
1801533,4,7,17,79.0
2220075,4,5,17,42.0
946836,2,3,18,116.0
6395580,11,7,19,171.0
405496,1,1,20,135.0
6282027,11,4,14,25.0
6838906,12,4,14,4.0
1481395,3,7,19,72.0
4273814,8,5,18,66.0
4902452,9,6,9,23.0
4902703,9,6,12,12.0
3648676,7,3,20,34.0
6528551,12,1,14,32.0
5696617,10,4,9,3.0
4270491,8,4,19,1.0
1572000,3,2,13,129.0
2237011,4,4,18,64.0
609497,2,1,12,13.0
3637057,7,6,16,28.0
1764033,3,3,15,23.0
6681236,12,4,21,55.0
834587,2,1,20,114.0
5569592,10,2,16,33.0
668979,2,5,18,43.0
6649646,12,5,8,1.0
6115159,11,6,18,17.0
5362119,9,1,13,116.0
1267317,3,7,11,16.0
4345317,8,1,15,29.0
6655276,12,3,16,31.0
3207148,6,4,13,8.0
3848334,7,6,9,2.0
524813,1,4,17,3.0
4825627,8,6,20,94.0
2118723,4,5,17,10.0
280012,1,6,16,68.0
1249010,3,2,9,13.0
2089189,4,4,18,18.0
1220664,3,7,19,76.0
4054194,7,6,10,5.0
3492178,6,5,17,6.0
3039239,6,7,21,16.0
4768980,8,4,17,30.0
1419347,3,3,18,84.0
4868806,9,3,13,21.0
4656874,8,1,19,3.0
2521282,5,1,9,24.0
3516711,6,7,12,13.0
1133027,2,4,16,34.0
2452745,5,4,13,12.0
1588673,3,7,16,29.0
474670,1,7,15,261.0
2798684,5,6,13,16.0
2132239,4,5,14,9.0
5724581,10,6,14,15.0
2218467,4,4,21,17.0
6118957,11,4,20,75.0
3615023,7,7,17,9.0
6723537,12,5,13,77.0
2406896,5,4,19,4.0
2689085,5,5,15,172.0
1225570,3,2,14,3.0
1788665,3,6,10,10.0
3303197,6,7,21,15.0
6203144,11,5,12,12.0
301311,1,3,18,19.0
1671176,3,1,13,22.0
4228958,7,4,14,15.0
4684622,8,1,12,46.0
1439268,3,7,11,16.0
3555847,6,4,14,8.0
5768645,10,1,20,15.0
3440035,6,4,19,32.0
4112186,7,5,18,9.0
1467923,3,1,13,17.0
4545056,8,5,16,174.0
1088551,2,2,20,29.0
2530542,5,7,9,223.0
4021956,7,2,13,4.0
2194861,4,5,19,4.0
5976527,11,4,15,9.0
3623251,7,2,10,29.0
5317409,9,1,20,32.0
3728107,7,2,8,30.0
4176013,7,2,23,174.0
3261770,6,5,14,32.0
5868628,10,6,20,29.0
1800420,4,7,18,23.0
4549337,8,2,16,34.0
469934,1,3,17,197.0
3341289,6,1,13,3.0
4176238,7,2,18,56.0
4299105,8,5,21,76.0
816195,2,2,12,134.0
2426803,5,3,14,20.0
1698157,3,6,19,12.0
5764716,10,6,10,20.0
6223036,11,7,12,51.0
3697915,7,3,15,27.0
6740765,12,2,9,32.0
5765179,10,1,9,64.0
3418196,6,5,19,65.0
4063874,7,7,21,49.0
526910,1,2,10,25.0
2767800,5,3,11,55.0
5759547,10,1,14,3.0
5569104,10,5,16,48.0
6747817,12,1,7,21.0
2452215,5,4,18,40.0
80219,1,7,18,4.0
3976581,7,4,16,272.0
301085,1,3,21,33.0
1710777,3,7,21,3.0
2176984,4,5,11,37.0
1575043,3,5,21,1.0
6808692,12,2,11,15.0
1194814,3,7,19,30.0
5424182,10,3,16,10.0
6638021,12,3,15,77.0
354706,1,2,20,70.0
5674220,10,4,18,187.0
5211370,9,4,14,35.0
2815388,5,6,19,10.0
2169686,4,5,9,6.0
4382945,8,4,19,17.0
5944569,11,2,12,65.0
6516251,12,4,11,16.0
6146833,11,4,20,38.0
1788492,3,6,12,88.0
3228491,6,2,13,43.0
1000834,2,3,16,6.0
3002711,6,4,21,20.0
3224042,6,7,15,16.0
1025212,2,7,16,31.0
6251283,11,5,21,1.0
1773453,3,2,11,21.0
3905428,7,7,21,34.0
2021567,4,1,12,61.0
6211649,11,4,14,5.0
3099742,6,1,19,9.0
4777113,8,1,20,50.0
3551821,6,4,13,26.0
4238978,8,1,13,12.0
3901424,7,4,16,81.0
989760,2,3,9,36.0
6531157,12,2,14,9.0
346456,1,2,21,15.0
887913,2,5,11,31.0
4310451,8,2,18,55.0
831538,2,1,15,23.0
1763822,3,3,8,36.0
2625035,5,4,14,37.0
4007223,7,5,14,65.0
6807295,12,7,10,78.0
1824233,4,7,14,34.0
3395153,6,4,17,175.0
2803344,5,1,17,22.0
1594739,3,1,17,11.0
3038879,6,7,12,9.0
6805089,12,3,13,82.0
3683684,7,6,12,17.0
536365,1,1,12,19.0
1422728,3,7,19,37.0
2882428,5,2,13,56.0
1616744,3,5,19,32.0
4151701,7,6,11,8.0
887686,2,5,14,65.0
6651135,12,2,10,75.0
93255,1,4,14,33.0
3393682,6,4,8,58.0
5408672,10,5,13,10.0
5861996,10,5,16,15.0
2049693,4,7,18,38.0
1245626,3,1,15,18.0
634024,2,1,18,13.0
479700,1,5,13,11.0
6917310,12,6,12,2.0
6767686,12,7,17,3.0
1908887,4,7,10,18.0
1422764,3,5,22,26.0
6800404,12,4,11,15.0
6529156,12,2,18,52.0
504315,1,3,19,106.0
2453745,5,4,14,2.0
506366,1,4,14,13.0
6442203,11,7,14,31.0
4076083,7,2,21,81.0
3225395,6,6,11,47.0
4131577,7,7,22,13.0
2406586,5,4,8,1.0
3987558,7,4,10,9.0
3072093,6,3,18,53.0
6027115,11,6,17,31.0
14795,1,1,18,28.0
611765,2,1,15,15.0
1009042,2,2,14,21.0
3663182,7,7,15,2.0
6585241,12,1,8,25.0
1829319,4,1,16,62.0
3342129,6,4,10,18.0
4125218,7,3,14,20.0
33105,1,7,13,6.0
3858336,7,3,19,86.0
1164739,2,3,17,71.0
3307751,6,4,17,2.0
6454676,11,4,15,77.0
2456685,5,5,14,20.0
6532644,12,3,14,90.0
4796201,8,6,11,32.0
704842,2,5,15,44.0
6741010,12,2,13,6.0
177056,1,6,18,41.0
394232,1,4,12,9.0
5980881,11,6,10,15.0
1344581,3,6,20,10.0
612200,2,1,17,54.0
1680941,3,7,16,7.0
4492886,8,5,7,229.0
6787108,12,2,20,27.0
2744401,5,3,19,18.0
63395,1,2,14,17.0
2877690,5,3,10,51.0
482830,1,5,21,23.0
1206615,3,3,21,16.0
2302007,4,4,19,30.0
3013533,6,7,18,55.0
6538860,12,5,11,250.0
5110831,9,1,19,19.0
4759101,8,1,12,4.0
6344813,11,6,17,46.0
614914,2,2,17,73.0
1851061,4,1,17,50.0
6672015,12,2,10,26.0
3244961,6,5,10,55.0
6273581,11,7,10,3.0
2298319,4,3,20,84.0
6756297,12,2,10,11.0
6206866,11,1,12,8.0
4648485,8,5,11,34.0
2619745,5,3,14,19.0
1189418,3,5,18,165.0
4788639,8,6,17,9.0
784120,2,3,7,17.0
1847500,4,7,21,10.0
6509,1,6,15,4.0
1268760,3,1,7,24.0
6559320,12,6,19,9.0
1690288,3,1,14,31.0
2873782,5,5,15,11.0
6500760,12,7,14,23.0
6651398,12,4,9,21.0
2315690,4,1,13,8.0
1447574,3,6,12,43.0
271562,1,7,8,59.0
5433404,10,5,20,1.0
2432816,5,5,19,37.0
480427,1,5,22,17.0
5717662,10,3,16,1.0
2678588,5,2,17,7.0
6673638,12,4,12,3.0
5070945,9,4,10,94.0
1182788,3,3,17,56.0
6514248,12,4,17,122.0
3515450,6,7,19,111.0
4477788,8,4,16,68.0
1097123,2,5,16,27.0
487399,1,2,17,18.0
3892519,7,4,11,67.0
6151778,11,5,17,31.0
4259188,8,7,15,22.0
2419275,5,1,8,14.0
988157,2,4,13,5.0
3363519,6,6,17,97.0
211974,1,1,14,107.0
1791230,4,4,17,34.0
2385686,4,1,19,23.0
2450279,5,3,17,16.0
1196501,3,7,11,16.0
6932021,12,5,18,57.0
6677561,12,6,10,51.0
1042311,2,1,14,119.0
2795949,5,3,11,30.0
2420026,5,1,15,228.0
2105221,4,3,18,18.0
365939,1,5,13,32.0
1232073,3,4,14,14.0
3781626,7,2,21,66.0
4768567,8,3,20,10.0
3312888,6,1,21,3.0
3659999,7,6,15,38.0
656081,2,1,11,13.0
4598110,8,7,17,163.0
3505271,6,1,17,26.0
1221576,3,1,8,5.0
6669989,12,6,11,4.0
3491004,6,5,13,2.0
6144772,11,7,14,5.0
3080101,6,5,19,34.0
6152411,11,7,16,272.0
970388,2,4,14,70.0
5996644,11,4,18,11.0
6826772,12,6,7,4.0
3488028,6,7,10,24.0
1225106,3,2,17,12.0
3424280,6,1,21,44.0
4208831,7,4,15,68.0
3266707,6,2,23,46.0
1495085,3,4,18,216.0
6641271,12,7,21,32.0
6648984,12,5,11,7.0
911267,2,4,10,38.0
3829222,7,4,17,60.0
900151,2,5,13,18.0
1584177,3,6,7,11.0
612923,2,2,21,53.0
2454598,5,4,14,19.0
4669915,8,7,22,60.0
6899421,12,5,11,12.0
2861612,5,5,17,20.0
2977234,5,5,11,18.0
6715530,12,5,14,10.0
6742441,12,4,11,24.0
3478139,6,2,18,20.0
1796221,4,5,20,22.0
2884597,5,5,21,43.0
6228537,11,5,17,81.0
3367847,6,5,15,30.0
956183,2,2,14,33.0
2995858,6,2,20,16.0
1536722,3,3,10,111.0
2658451,5,7,20,3.0
6732866,12,1,13,22.0
3685333,7,7,20,36.0
4433407,8,1,14,20.0
4566152,8,6,14,35.0
3170246,6,3,8,17.0
5419613,10,1,14,40.0
6926986,12,1,14,153.0
3544726,6,5,22,25.0
6596017,12,3,14,262.0
6818754,12,3,17,59.0
1107000,2,7,15,65.0
1214810,3,5,13,20.0
2294043,4,4,11,68.0
6821564,12,2,10,10.0
623915,2,5,15,39.0
5065600,9,4,14,23.0
3631825,7,5,20,86.0
5664766,10,4,16,17.0
1664404,3,5,19,31.0
6710732,12,1,11,52.0
6843145,12,1,10,77.0
6928959,12,7,15,79.0
4758443,8,7,16,32.0
4513251,8,5,19,141.0
300721,1,3,17,11.0
6649147,12,3,16,30.0
2314660,4,6,16,57.0
6486662,12,2,18,20.0
335506,1,4,13,55.0
3418365,6,5,14,11.0
4223855,7,7,21,59.0
181243,1,2,22,45.0
3641550,7,1,20,8.0
1874456,4,1,21,25.0
1254978,3,4,19,59.0
1691592,3,5,10,34.0
3550125,6,1,17,1.0
2509602,5,6,11,40.0
2261986,4,1,15,69.0
3855313,7,2,20,45.0
444039,1,4,14,24.0
4338833,8,5,19,18.0
809070,2,4,6,39.0
6719504,12,1,13,60.0
4533235,8,5,9,11.0
6911689,12,7,19,75.0
2518856,5,4,16,12.0
428040,1,7,12,142.0
6312954,11,5,8,22.0
253233,1,6,19,72.0
6544939,12,7,18,28.0
2885346,5,4,12,15.0
2980032,5,1,17,30.0
4468690,8,5,8,35.0
4442379,8,7,10,28.0
6422012,11,6,20,43.0
5446019,10,2,18,27.0
1683870,3,1,15,9.0
3254222,6,5,14,1.0
3832842,7,6,20,99.0
1034140,2,4,11,52.0
6085616,11,7,19,30.0
5311173,9,7,19,75.0
6221321,11,6,18,16.0
5753490,10,6,11,24.0
37219,1,1,16,75.0
2881942,5,6,15,18.0
297032,1,2,17,35.0
6551011,12,2,13,26.0
2255165,4,4,8,19.0
4143860,7,4,19,73.0
1484955,3,3,18,90.0
2021665,4,6,13,22.0
6510837,12,3,10,18.0
3383748,6,1,15,30.0
4027080,7,6,10,4.0
1859687,4,3,18,47.0
2415769,5,7,19,36.0
1429929,3,7,13,60.0
6921052,12,2,14,53.0
3899423,7,2,13,5.0
948356,2,5,19,117.0
5932682,10,3,16,4.0
3502995,6,7,13,25.0
3552414,6,5,23,28.0
3483812,6,4,17,4.0
2292600,4,2,19,45.0
575203,1,3,9,15.0
2494352,5,2,18,10.0
681734,2,2,15,36.0
1266754,3,7,21,25.0
5875641,10,6,11,51.0
3018023,6,1,15,10.0
1218354,3,7,19,25.0
664488,2,3,16,50.0
1127338,2,1,18,104.0
5445892,10,2,18,17.0
3239770,6,7,17,76.0
6646204,12,6,16,11.0
1260830,3,5,18,58.0
1899132,4,2,18,133.0
1071691,2,6,10,11.0
79508,1,7,21,41.0
2197627,4,5,20,7.0
4025274,7,1,20,19.0
5908042,10,3,16,22.0
6932708,12,4,20,65.0
4338303,8,3,19,74.0
5769491,10,3,13,9.0
6647009,12,6,17,57.0
1188205,3,4,20,87.0
6543060,12,6,17,16.0
825063,2,1,18,174.0
1532808,3,7,19,7.0
6525075,12,7,10,5.0
3562705,6,1,16,96.0
6845016,12,6,8,16.0
6525432,12,1,17,1.0
2611058,5,5,21,52.0
6846785,12,2,15,34.0
6675486,12,7,13,27.0
6898486,12,2,15,7.0
1185002,3,4,17,71.0
832255,2,5,19,20.0
1296158,3,1,21,27.0
250307,1,6,17,102.0
654722,2,7,18,22.0
990421,2,3,7,346.0
6236171,11,1,13,22.0
4392770,8,1,19,191.0
5980102,11,5,14,28.0
789298,2,6,15,21.0
5929095,10,7,21,14.0
6768257,12,3,15,15.0
2323757,4,6,19,48.0
560166,1,6,18,120.0
6709859,12,7,11,9.0
2620050,5,5,8,67.0
1395304,3,7,8,20.0
6527246,12,1,20,54.0
282539,1,1,17,72.0
175543,1,5,16,31.0
4921419,9,5,17,20.0
6014189,11,2,19,21.0
6788167,12,6,19,32.0
4125121,7,4,18,91.0
6960107,12,5,17,2.0
78527,1,7,12,30.0
1758173,3,6,17,177.0
6963426,12,4,15,40.0
3031333,6,5,15,19.0
3620580,7,2,16,35.0
6916328,12,4,20,3.0
2995558,6,1,14,12.0
1709826,3,5,11,47.0
639494,2,3,20,21.0
396585,1,2,15,78.0
5440654,10,1,15,17.0
3052870,6,4,19,49.0
1092260,2,1,19,35.0
2930483,5,2,12,17.0
3656133,7,5,20,16.0
706307,2,1,18,33.0
3360077,6,2,17,19.0
4101850,7,1,18,45.0
6223680,11,7,12,117.0
658043,2,1,18,22.0
2621088,5,7,20,20.0
5373010,9,6,12,19.0
45075,1,3,19,30.0
4260644,8,1,21,36.0
3960342,7,2,13,5.0
6640538,12,7,13,7.0
6654727,12,7,14,37.0
1710398,3,2,10,107.0
2775008,5,3,10,9.0
6730369,12,1,18,47.0
425810,1,6,15,58.0
6993500,12,1,13,30.0
256128,1,5,10,19.0
6806611,12,6,12,49.0
6968105,12,5,23,45.0
993836,2,1,10,45.0
22637,1,4,17,33.0
6552885,12,2,8,10.0
901630,2,6,20,6.0
4608300,8,7,17,3.0
3000636,6,3,16,37.0
6588989,12,7,16,79.0
850782,2,7,14,77.0
4591443,8,6,20,99.0
1119845,2,1,19,60.0
3051222,6,4,19,138.0
1442980,3,3,7,28.0
3491304,6,5,21,5.0
1005554,2,7,19,39.0
3430983,6,7,15,34.0
5081003,9,1,20,31.0
6919826,12,1,18,17.0
2346131,4,5,19,12.0
232981,1,1,18,48.0
4594365,8,3,14,29.0
199203,1,6,7,23.0
3176611,6,7,16,11.0
2410425,5,5,17,191.0
193045,1,2,15,21.0
3404314,6,5,12,6.0
3078318,6,5,14,28.0
2876898,5,2,10,35.0
6910808,12,6,16,4.0
6468845,12,4,11,28.0
3726084,7,1,21,68.0
1540618,3,1,12,22.0
6439057,11,4,18,152.0
4861254,9,1,16,23.0
3480909,6,5,14,53.0
2009444,4,3,18,13.0
6592607,12,5,15,183.0
6742414,12,4,12,15.0
677279,2,7,10,237.0
258449,1,3,21,101.0
3504827,6,6,20,99.0
947015,2,3,17,284.0
1203428,3,2,21,5.0
4246828,8,4,19,44.0
4128967,7,3,14,91.0
1529113,3,7,10,11.0
3980061,7,1,13,17.0
380315,1,7,18,35.0
5674399,10,5,12,32.0
2220918,4,4,17,7.0
2037260,4,7,17,50.0
1910424,4,5,9,17.0
1130895,2,7,19,103.0
3029530,6,4,16,22.0
2969432,5,3,16,110.0
3799119,7,7,11,83.0
5884512,10,7,18,122.0
2188646,4,4,16,33.0
2964585,5,4,22,29.0
6853026,12,6,19,37.0
1189638,3,5,22,11.0
6949803,12,4,22,26.0
5856446,10,7,19,1.0
6278429,11,6,20,21.0
3351762,6,5,18,33.0
3719443,7,5,14,16.0
103146,1,5,15,194.0
362601,1,7,14,11.0
2800187,5,3,12,15.0
4752113,8,4,18,49.0
2879264,5,4,9,7.0
3488223,6,3,17,106.0
4449965,8,4,19,2.0
6612476,12,1,8,58.0
309937,1,1,19,17.0
3666364,7,1,18,16.0
3853556,7,3,14,59.0
1075262,2,3,20,34.0
1186971,3,4,19,28.0
6019112,11,3,18,98.0
2157961,4,1,9,15.0
61614,1,2,21,19.0
4037863,7,4,10,20.0
1256216,3,4,7,13.0
1413730,3,7,15,4.0
5576927,10,1,9,150.0
2411407,5,5,20,191.0
680509,2,1,14,6.0
2883071,5,1,16,23.0
2633063,5,5,16,109.0
195910,1,4,12,59.0
714239,2,7,20,86.0
2420898,5,1,9,19.0
1216060,3,6,14,1.0
6847032,12,1,8,60.0
6816875,12,3,13,72.0
3980006,7,1,16,22.0
946766,2,3,9,27.0
6540825,12,6,15,44.0
1756083,3,3,18,42.0
1217620,3,6,12,16.0
2189344,4,5,17,63.0
1668288,3,6,11,2.0
6481143,12,1,15,37.0
6960043,12,4,12,11.0
1254050,3,3,14,10.0
4307893,8,1,21,47.0
1402342,3,3,17,93.0
610067,2,1,19,57.0
1079048,2,2,18,15.0
2104051,4,2,21,10.0
8386,1,6,17,23.0
6545476,12,7,18,16.0
947649,2,4,18,47.0
902855,2,7,20,10.0
5960207,11,7,18,19.0
2077930,4,1,12,133.0
6638632,12,7,20,38.0
1529801,3,2,21,14.0
6518488,12,5,12,24.0
6657194,12,7,18,3.0
1538554,3,6,22,109.0
628448,2,6,15,7.0
2736410,5,2,14,26.0
6501676,12,7,17,47.0
4719497,8,4,20,2.0
1434452,3,3,10,32.0
5801429,10,4,13,58.0
610918,2,1,16,37.0
4474836,8,1,8,36.0
943763,2,5,10,27.0
780220,2,7,14,33.0
1807439,4,2,21,30.0
735348,2,2,16,275.0
1297366,3,1,7,65.0
2791284,5,5,12,66.0
464385,1,3,15,52.0
1238175,3,5,14,13.0
4480240,8,4,22,139.0
1642761,3,7,16,19.0
5580360,10,7,21,18.0
2019098,4,2,17,3.0
2886526,5,6,19,54.0
6152349,11,7,20,80.0
4288217,8,2,11,24.0
4252562,8,5,18,32.0
3811667,7,7,9,5.0
4924940,9,6,15,44.0
75698,1,6,11,19.0
1406653,3,7,21,85.0
5375190,9,1,17,2.0
5891465,10,6,13,15.0
6618071,12,2,19,109.0
4711439,8,5,8,26.0
1546335,3,2,18,20.0
2067136,4,6,15,39.0
1599761,3,4,14,28.0
1413070,3,7,14,12.0
347418,1,6,18,16.0
3003184,6,4,19,42.0
1985642,4,2,8,5.0
176070,1,6,13,77.0
6517588,12,5,21,238.0
1292931,3,7,13,11.0
715002,2,5,14,34.0
3141844,6,1,18,107.0
2747142,5,6,21,61.0
6915495,12,2,15,50.0
4816474,8,2,18,33.0
4941243,9,4,14,17.0
3512897,6,4,16,64.0
4727260,8,7,18,48.0
340747,1,3,12,30.0
5447847,10,3,19,9.0
3923408,7,3,17,12.0
6682941,12,1,19,136.0
1727374,3,4,18,15.0
6720866,12,2,21,19.0
1892365,4,2,13,109.0
5542123,10,5,17,15.0
3233660,6,5,10,10.0
491030,1,4,18,19.0
1432168,3,3,13,69.0
6670329,12,2,17,56.0
1438776,3,7,16,7.0
5686308,10,3,9,14.0
3980401,7,2,19,65.0
801511,2,7,18,19.0
2302212,4,6,17,31.0
439179,1,2,19,42.0
2654490,5,4,23,8.0
69466,1,4,14,35.0
4750078,8,2,11,19.0
4738767,8,5,11,9.0
2089900,4,4,21,19.0
6090796,11,2,19,17.0
1693718,3,7,18,3.0
5957119,11,5,18,83.0
6211569,11,4,18,8.0
1262018,3,6,17,139.0
2662814,5,4,11,13.0
2288085,4,2,18,22.0
3084195,6,7,13,51.0
3229625,6,5,18,67.0
3070733,6,3,18,35.0
5701528,10,5,10,38.0
4676368,8,7,18,2.0
2731119,5,4,19,103.0
4191714,7,7,16,25.0
4791486,8,4,13,15.0
851156,2,7,16,30.0
823310,2,1,17,80.0
897452,2,3,16,23.0
3799120,7,7,10,106.0
3051318,6,4,19,32.0
6623410,12,2,9,3.0
6029474,11,7,15,23.0
880995,2,3,20,4.0
1895540,4,6,12,39.0
296060,1,2,17,7.0
4630184,8,6,10,86.0
410035,1,5,19,47.0
141113,1,4,9,112.0
1619025,3,1,17,18.0
6865411,12,3,11,17.0
3228789,6,2,14,83.0
4062087,7,4,21,15.0
48269,1,4,17,14.0
2341522,4,2,20,88.0
6932289,12,5,19,131.0
6952078,12,3,14,193.0
3667522,7,1,19,13.0
1894007,4,7,15,18.0
3403209,6,2,18,15.0
290771,1,1,9,30.0
254739,1,1,12,33.0
3208945,6,5,15,21.0
4745337,8,4,17,22.0
2895118,5,6,16,36.0
2006964,4,6,9,114.0
2740637,5,5,18,15.0
3982991,7,5,10,37.0
1068616,2,3,15,94.0
3097431,6,1,13,20.0
363217,1,1,14,19.0
4333760,8,5,18,14.0
3279603,6,5,18,243.0
5057500,9,3,18,4.0
2077393,4,7,14,13.0
3816986,7,3,18,76.0
3203800,6,2,12,14.0
1100118,2,1,16,17.0
410685,1,2,17,54.0
3128782,6,5,17,42.0
4787762,8,5,7,138.0
1402093,3,1,19,18.0
5840304,10,4,17,45.0
58335,1,1,21,33.0
608178,2,7,11,10.0
284779,1,3,18,114.0
2432392,5,5,11,31.0
3573072,6,5,17,88.0
2009280,4,3,13,15.0
4484905,8,7,17,111.0
4757564,8,5,20,133.0
6858486,12,2,17,97.0
6976514,12,3,13,9.0
3272826,6,7,16,61.0
1360183,3,7,16,111.0
338081,1,3,17,43.0
1780171,3,7,17,17.0
2023875,4,2,13,25.0
6563859,12,7,20,30.0
1123502,2,1,18,6.0
2580314,5,4,13,32.0
6654890,12,5,21,69.0
241771,1,6,21,48.0
368368,1,2,15,13.0
735821,2,3,18,89.0
2600912,5,4,9,78.0
1985807,4,2,9,19.0
4132907,7,3,16,56.0
1000281,2,5,9,137.0
77753,1,7,11,2.0
5173949,9,7,18,29.0
3494648,6,2,19,46.0
617806,2,3,18,12.0
5292617,9,1,11,34.0
2076756,4,7,18,33.0
4206877,7,3,18,217.0
5993082,11,3,17,9.0
1699848,3,7,15,7.0
293655,1,3,12,44.0
6958035,12,7,17,22.0
5614946,10,2,10,59.0
2944180,5,5,12,11.0
2786370,5,5,13,37.0
6851168,12,7,12,61.0
6552645,12,2,12,52.0
3051239,6,4,17,46.0
2808159,5,4,18,7.0
2943359,5,4,10,8.0
3597073,6,6,20,17.0
3234758,6,7,17,29.0
7005152,12,3,13,79.0
4837038,8,1,13,16.0
5314254,9,2,12,9.0
2437803,5,6,19,57.0
2992652,5,5,18,5.0
1215610,3,6,9,5.0
4156812,7,3,21,37.0
643792,2,4,18,37.0
459600,1,2,15,43.0
4787755,8,5,17,133.0
577279,1,2,16,24.0
4184227,7,4,20,56.0
1234863,3,4,17,11.0
995866,2,5,16,11.0
851181,2,7,20,62.0
6449457,11,7,16,112.0
6632036,12,1,16,65.0
527304,1,5,20,58.0
5461092,10,7,10,15.0
1319331,3,1,18,37.0
3761623,7,4,21,27.0
1709829,3,1,11,20.0
101431,1,7,16,51.0
3059413,6,6,11,217.0
3648749,7,3,13,6.0
1791875,4,4,20,58.0
950511,2,1,17,12.0
2270439,4,5,19,145.0
2717305,5,5,17,34.0
2306908,4,4,21,65.0
3574204,6,3,19,24.0
3427809,6,7,18,44.0
2658665,5,7,7,58.0
6232500,11,6,20,61.0
3000484,6,3,19,109.0
3736527,7,1,8,17.0
850840,2,7,20,33.0
77800,1,7,18,181.0
5058392,9,1,18,32.0
2775785,5,4,13,19.0
66082,1,3,14,61.0
3260178,6,4,21,42.0
4763991,8,6,20,72.0
248994,1,6,11,1.0
5277026,9,5,16,30.0
4074493,7,2,17,170.0
670364,2,5,20,20.0
3537186,6,7,14,6.0
3227367,6,5,10,7.0
5045962,9,4,17,14.0
3542057,6,1,13,27.0
6030488,11,7,13,59.0
1126164,2,6,16,43.0
574069,1,4,17,11.0
3230485,6,4,6,194.0
3929291,7,1,20,4.0
6160630,11,3,17,143.0
3549921,6,1,13,52.0
3560930,6,1,19,22.0
3020893,6,2,21,30.0
409442,1,2,9,79.0
6616815,12,6,7,191.0
4258180,8,7,21,15.0
5731388,10,2,18,18.0
5070094,9,3,18,72.0
4022484,7,5,20,65.0
7006212,12,3,17,18.0
5633451,10,1,10,22.0
3110999,6,5,19,48.0
3028692,6,4,18,16.0
2375265,4,7,16,4.0
1057531,2,5,17,44.0
5766024,10,4,15,16.0
4037468,7,5,18,30.0
5311829,9,7,19,103.0
6262727,11,5,8,15.0
6649900,12,5,10,21.0
6830741,12,2,17,3.0
3127054,6,2,16,107.0
2099888,4,5,16,25.0
6398595,11,1,17,109.0
6037056,11,5,21,12.0
5611226,10,5,18,18.0
3685224,7,7,20,2.0
5167836,9,5,11,14.0
4609074,8,1,19,168.0
6190511,11,2,16,31.0
675640,2,7,20,18.0
2736359,5,2,17,17.0
4550462,8,2,17,30.0
657892,2,1,14,61.0
2040091,4,5,9,101.0
5591267,10,1,16,20.0
869894,2,1,15,44.0
1884026,4,5,11,35.0
3410959,6,5,19,23.0
659649,2,2,17,15.0
3519680,6,1,14,26.0
1863839,4,5,19,11.0
2328800,4,7,19,30.0
3441880,6,2,9,43.0
1818537,4,5,16,11.0
224686,1,3,19,28.0
4636825,8,1,17,2.0
6640103,12,2,13,21.0
2474792,5,4,20,6.0
2175926,4,5,19,120.0
3417746,6,1,10,12.0
1560315,3,1,19,2.0
524708,1,2,10,7.0
6669004,12,7,12,37.0
837,1,4,17,21.0
4626686,8,1,13,29.0
236927,1,1,13,78.0
3551526,6,4,12,26.0
2382218,4,5,16,27.0
3050318,6,4,14,14.0
1125645,2,5,17,4.0
1519035,3,3,17,96.0
3974794,7,1,19,23.0
1751008,3,3,17,90.0
1662139,3,5,16,26.0
980374,2,5,15,2.0
607214,2,7,15,8.0
265407,1,2,14,3.0
629329,2,7,13,12.0
1056304,2,6,17,31.0
4929949,9,1,14,14.0
1411931,3,1,19,182.0
1640234,3,4,16,13.0
6593120,12,6,11,34.0
1276829,3,7,13,9.0
832667,2,6,17,92.0
5961135,11,7,20,19.0
1540637,3,1,18,12.0
944345,2,6,11,21.0
2860049,5,2,12,14.0
4898001,9,5,15,18.0
6185799,11,5,9,2.0
2635490,5,2,10,62.0
6225491,11,1,10,55.0
2960747,5,3,15,8.0
5977626,11,5,16,61.0
1159084,2,5,10,111.0
6809898,12,2,16,9.0
58444,1,1,17,43.0
5700906,10,2,21,4.0
431869,1,2,21,47.0
2877784,5,4,11,25.0
3672982,7,3,13,7.0
6502437,12,7,18,13.0
775506,2,4,17,93.0
5600586,10,2,18,7.0
2043535,4,2,22,17.0
49789,1,5,19,30.0
5314090,9,5,19,10.0
1129502,2,5,6,17.0
2137219,4,3,16,10.0
6426787,11,7,17,17.0
403610,1,4,21,24.0
669431,2,5,18,93.0
3283262,6,1,15,11.0
3093325,6,3,17,60.0
4825960,8,6,17,66.0
433762,1,5,15,9.0
543811,1,5,16,55.0
2989968,5,2,18,180.0
479614,1,5,16,9.0
4789536,8,1,17,5.0
2377255,4,1,13,5.0
830870,2,3,15,64.0
3689585,7,1,19,12.0
833264,2,5,21,103.0
6440260,11,3,19,34.0
2147000,4,7,14,17.0
5743208,10,4,14,15.0
993751,2,1,11,104.0
3478152,6,6,18,1.0
6953332,12,7,12,18.0
5763907,10,7,20,62.0
5941985,11,1,20,67.0
6515014,12,4,17,18.0
1573156,3,7,21,17.0
1480293,3,7,13,52.0
6296607,11,1,12,37.0
262366,1,6,21,2.0
45947,1,4,17,106.0
4803942,8,5,13,19.0
6518223,12,5,16,58.0
1269871,3,1,15,141.0
4947201,9,6,11,56.0
295971,1,2,14,12.0
6744929,12,6,12,37.0
5475645,10,4,14,14.0
2581491,5,5,16,67.0
1227934,3,2,11,22.0
2906311,5,1,19,70.0
3921572,7,2,19,149.0
6931473,12,2,20,41.0
781258,2,1,15,42.0
1350356,3,1,19,46.0
4049633,7,2,17,45.0
2370845,4,3,17,38.0
5584749,10,6,21,140.0
793778,2,2,12,122.0
5908734,10,2,17,20.0
199788,1,7,7,27.0
3605601,7,4,15,33.0
141859,1,5,18,84.0
527418,1,6,12,13.0
1046282,2,5,16,72.0
2478197,5,5,20,45.0
664390,2,3,9,21.0
1446603,3,5,15,1.0
5992517,11,2,19,8.0
1336743,3,1,16,25.0
4666024,8,6,18,5.0
3456695,6,7,19,69.0
415452,1,3,13,9.0
3791079,7,1,15,73.0
470888,1,2,14,87.0
2786584,5,5,13,45.0
695609,2,7,12,84.0
5487735,10,2,15,70.0
4462824,8,1,18,4.0
6640519,12,3,11,32.0
6734951,12,2,11,11.0
2497957,5,4,8,9.0
675637,2,7,17,25.0
620504,2,4,14,35.0
419967,1,5,15,14.0
3390331,6,1,12,19.0
5642924,10,2,13,8.0
6935293,12,5,11,17.0
3603065,6,3,21,24.0
6262251,11,5,13,88.0
1008000,2,3,17,4.0
247968,1,4,19,49.0
810683,2,5,12,98.0
6185955,11,5,19,21.0
4733525,8,3,9,26.0
3712561,7,4,16,15.0
2896326,5,6,9,54.0
2689265,5,5,21,40.0
5598011,10,5,19,54.0
4739389,8,6,11,43.0
5224634,9,1,14,21.0
4490419,8,2,11,43.0
3501038,6,4,18,8.0
2619709,5,2,19,61.0
306385,1,5,1,12.0
5064698,9,3,18,23.0
6745526,12,6,11,50.0
5955877,11,5,17,52.0
2220386,4,5,17,26.0
3228428,6,3,14,24.0
5201123,9,3,13,17.0
1722729,3,4,16,22.0
6951646,12,2,1,45.0
2273377,4,6,20,34.0
2316441,4,3,16,8.0
1225549,3,2,19,77.0
400043,1,4,19,84.0
354727,1,3,18,24.0
1665842,3,5,15,41.0
3118547,6,7,20,35.0
2468232,5,2,21,34.0
1189783,3,5,15,1.0
5849101,10,3,13,47.0
502188,1,2,17,82.0
138703,1,1,15,45.0
2755677,5,4,20,44.0
4165284,7,4,19,47.0
2411220,5,5,15,21.0
3043444,6,2,17,21.0
1316690,3,4,19,17.0
458354,1,4,16,70.0
4804736,8,6,10,147.0
411736,1,1,18,185.0
4817327,8,1,14,44.0
6517331,12,5,10,10.0
5075720,9,3,20,57.0
6914532,12,4,10,68.0
2281474,4,5,17,24.0
805669,2,2,10,240.0
6677988,12,6,18,84.0
3359308,6,1,21,40.0
996330,2,5,12,11.0
4023186,7,7,17,108.0
2635794,5,5,16,85.0
6836259,12,5,18,19.0
255251,1,1,16,40.0
2962487,5,3,18,10.0
243442,1,5,10,34.0
6629741,12,6,10,27.0
5830475,10,7,13,36.0
4794749,8,3,14,66.0
1178472,3,2,12,19.0
2360706,4,7,14,80.0
983595,2,1,21,95.0
5868716,10,7,20,2.0
2365953,4,4,11,17.0
1699644,3,5,21,1.0
6887287,12,3,16,8.0
1079385,2,6,16,15.0
1194050,3,6,15,22.0
4809778,8,7,21,112.0
6542284,12,6,11,28.0
202342,1,1,10,37.0
951929,2,3,18,15.0
4109717,7,2,18,1.0
4958559,9,7,20,88.0
3446077,6,5,18,145.0
1675987,3,3,10,9.0
2077821,4,1,10,69.0
2996050,6,2,16,24.0
2169846,4,4,14,11.0
4178300,7,6,15,47.0
6960974,12,6,15,54.0
2364137,4,4,10,25.0
1122671,2,7,21,39.0
361627,1,5,17,207.0
4043064,7,2,18,10.0
6688843,12,2,13,22.0
1546861,3,3,14,35.0
4758945,8,6,19,10.0
6137691,11,2,20,42.0
3205789,6,3,21,213.0
679555,2,1,20,12.0
863037,2,3,19,62.0
5771774,10,7,19,55.0
3494072,6,2,17,59.0
6822295,12,1,11,15.0
618218,2,3,8,12.0
4785668,8,1,21,123.0
6899924,12,2,16,1.0
6950483,12,6,10,11.0
416777,1,4,8,20.0
3284681,6,2,17,92.0
1293704,3,1,14,141.0
3752936,7,1,15,19.0
6656808,12,1,21,19.0
2884532,5,2,13,52.0
772513,2,2,12,23.0
4277885,8,6,13,19.0
3131510,6,1,16,144.0
2310598,4,1,20,47.0
5966946,11,2,12,54.0
250497,1,5,23,205.0
5641909,10,1,12,23.0
464128,1,2,19,44.0
3419622,6,4,13,39.0
3446536,6,5,12,120.0
3515123,6,3,18,75.0
679272,2,1,17,46.0
3403103,6,3,18,33.0
1402289,3,5,11,44.0
506932,1,2,16,41.0
3452457,6,1,9,11.0
3274704,6,1,18,53.0
802436,2,7,22,28.0
3287276,6,4,18,33.0
6883679,12,5,19,26.0
6531952,12,3,20,51.0
5556130,10,1,11,21.0
3278805,6,4,20,19.0
2299952,4,5,21,72.0
6542510,12,6,17,13.0
605963,2,6,20,16.0
3232184,6,7,17,47.0
2466327,5,1,20,17.0
3014476,6,7,21,79.0
2011475,4,4,13,32.0
3094390,6,7,18,129.0
6106572,11,4,18,15.0
5728582,10,5,17,140.0
715173,2,1,10,70.0
411077,1,2,19,181.0
98138,1,4,12,53.0
5412462,10,6,17,9.0
6634602,12,1,17,29.0
673040,2,6,12,6.0
6268759,11,7,14,44.0
5862667,10,6,17,6.0
3941830,7,3,17,20.0
247270,1,6,19,33.0
3881281,7,2,19,177.0
1218187,3,7,18,37.0
6547976,12,1,18,10.0
3550452,6,2,16,40.0
1049216,2,5,15,66.0
2689463,5,5,18,29.0
234568,1,6,16,15.0
4245829,8,3,13,5.0
590115,1,3,23,36.0
4689586,8,4,12,7.0
1591878,3,5,19,46.0
1663425,3,1,14,27.0
5600406,10,7,13,183.0
4041018,7,3,18,9.0
3098400,6,2,9,25.0
1609994,3,4,12,1.0
6962748,12,3,15,50.0
3804986,7,3,15,45.0
3263437,6,6,17,86.0
5719078,10,5,15,15.0
50660,1,5,18,12.0
6736527,12,2,18,1.0
4716055,8,3,8,73.0
4666656,8,7,14,15.0
6159361,11,3,17,11.0
216790,1,4,19,28.0
447345,1,3,11,1.0
3415337,6,2,14,35.0
4723298,8,7,21,73.0
3502066,6,2,15,15.0
1546669,3,2,10,15.0
4269244,8,3,10,8.0
4240158,8,2,21,46.0
2459781,5,6,15,11.0
3992076,7,3,16,4.0
6802866,12,7,16,92.0
3009365,6,5,20,24.0
3123472,6,6,11,21.0
2667876,5,1,18,53.0
1918220,4,2,10,18.0
6310531,11,6,17,146.0
4563452,8,2,12,35.0
33321,1,7,18,30.0
5215246,9,1,9,25.0
1188861,3,5,21,102.0
3922239,7,2,16,17.0
1757578,3,4,16,33.0
6749239,12,2,13,25.0
2354442,4,1,14,58.0
1419127,3,3,15,74.0
6951520,12,2,19,34.0
2679223,5,3,18,40.0
1778202,3,5,12,15.0
6029135,11,7,17,9.0
3219153,6,3,16,63.0
1702980,3,5,18,63.0
1397532,3,3,13,1.0
6118903,11,7,12,10.0
3517978,6,4,14,202.0
561045,1,1,16,6.0
309654,1,1,12,32.0
3120849,6,3,16,20.0
3652757,7,4,15,26.0
1802487,4,7,12,7.0
5552730,10,1,13,55.0
3888145,7,7,19,75.0
2842131,5,1,9,19.0
2916912,5,5,16,86.0
1284088,3,7,18,37.0
4737822,8,4,15,62.0
6677480,12,7,18,41.0
407618,1,4,15,75.0
3297753,6,1,11,1.0
1796447,4,5,10,21.0
2295401,4,5,17,89.0
4011573,7,4,21,20.0
279334,1,6,9,22.0
3223430,6,4,15,33.0
213863,1,2,20,33.0
1532131,3,4,15,29.0
6517970,12,5,16,11.0
586596,1,4,21,73.0
613693,2,2,14,78.0
1741943,3,1,22,32.0
3510352,6,5,20,100.0
1224537,3,1,9,41.0
