,Month,DayOfWeek,Time,NASDelay
1257490,3,4,19,4.0
3220969,6,4,16,30.0
6320212,11,7,17,36.0
1485992,3,4,12,18.0
1573825,3,3,18,2.0
4410719,8,1,20,91.0
281070,1,7,15,18.0
5320619,9,4,12,16.0
4796584,8,7,21,4.0
2678023,5,2,21,3.0
347038,1,4,17,12.0
4479753,8,1,7,5.0
3104099,6,2,9,7.0
2039748,4,2,18,9.0
1612198,3,1,7,5.0
4797449,8,4,15,93.0
3975633,7,3,16,58.0
6427841,11,6,14,4.0
4213904,7,6,11,19.0
2668567,5,1,11,5.0
3930000,7,2,16,20.0
2169418,4,3,14,37.0
754929,2,3,17,100.0
2823701,5,3,13,10.0
432169,1,3,13,19.0
1132076,2,2,9,39.0
755259,2,3,17,94.0
331771,1,6,16,11.0
3112701,6,1,14,6.0
480041,1,5,15,118.0
4107493,7,3,18,40.0
3477948,6,1,17,30.0
3108792,6,1,9,3.0
6527282,12,1,11,20.0
1682759,3,2,9,126.0
778529,2,6,8,25.0
1941033,4,6,12,40.0
4464250,8,2,16,20.0
4782768,8,3,21,12.0
6222734,11,7,15,51.0
1678353,3,2,6,47.0
4212307,7,4,7,9.0
1028870,2,6,13,12.0
668801,2,5,8,4.0
3076887,6,5,15,73.0
1638439,3,1,11,27.0
2996116,6,2,20,17.0
6857746,12,3,8,19.0
717157,2,4,21,10.0
4055352,7,2,15,26.0
4797583,8,5,16,1.0
984409,2,5,8,25.0
4738072,8,4,18,9.0
2200880,4,2,16,29.0
1525591,3,7,20,47.0
597749,1,2,11,20.0
515516,1,6,17,18.0
4480240,8,4,22,16.0
4220043,7,4,6,34.0
6608244,12,5,14,20.0
6607888,12,5,17,69.0
3487082,6,1,8,28.0
291699,1,2,18,34.0
1582095,3,2,13,35.0
2010733,4,6,23,16.0
1078033,2,2,12,27.0
506804,1,4,14,3.0
4102597,7,2,18,31.0
5820361,10,1,6,22.0
3307822,6,4,17,54.0
1887869,4,2,7,48.0
1162378,2,1,12,33.0
525369,1,7,14,235.0
663457,2,3,17,10.0
4998042,9,3,16,23.0
2386288,4,2,12,1.0
1687703,3,5,7,18.0
4122386,7,4,15,7.0
5765000,10,1,12,45.0
2797108,5,5,16,57.0
608658,2,7,18,31.0
616850,2,3,12,9.0
5298239,9,4,12,19.0
3909850,7,3,11,3.0
2943289,5,4,16,70.0
1098643,2,2,21,11.0
1860681,4,4,21,5.0
3234861,6,3,19,49.0
257036,1,2,6,11.0
4487162,8,3,6,1.0
2545751,5,1,14,4.0
5161493,9,2,8,25.0
5347452,9,7,18,21.0
3258684,6,3,20,7.0
1424941,3,7,8,21.0
1093263,2,4,9,27.0
4227590,7,3,11,26.0
4638220,8,3,13,7.0
4104598,7,2,11,4.0
3320905,6,5,18,8.0
6638334,12,3,20,7.0
266337,1,2,9,21.0
1282334,3,5,15,3.0
1386609,3,2,10,42.0
4948424,9,4,11,58.0
4202866,7,4,15,118.0
458901,1,5,21,5.0
1127958,2,2,12,33.0
1536776,3,3,6,25.0
5235918,9,7,10,11.0
2885192,5,5,13,4.0
2686443,5,4,15,1.0
410962,1,3,19,16.0
1028134,2,3,21,38.0
5196142,9,4,17,21.0
4957648,9,4,11,21.0
3904672,7,6,20,13.0
3588400,6,6,18,52.0
2067009,4,6,10,22.0
918468,2,5,9,13.0
6900561,12,3,7,45.0
3815972,7,3,17,1.0
2943835,5,5,16,16.0
1158342,2,5,21,65.0
1631527,3,1,14,22.0
6330790,11,7,19,22.0
114597,1,7,11,193.0
4446663,8,2,13,31.0
491906,1,1,16,15.0
3329318,6,5,12,26.0
6776296,12,1,16,27.0
4006088,7,1,14,4.0
4410193,8,1,15,28.0
402039,1,1,6,9.0
635710,2,2,19,15.0
1540653,3,1,14,6.0
1531239,3,1,7,10.0
1751128,3,7,12,28.0
5164748,9,7,13,19.0
3090147,6,3,20,42.0
3046121,6,2,18,6.0
1319329,3,1,9,24.0
1610682,3,1,21,15.0
4270771,8,4,9,23.0
1688999,3,6,21,2.0
6185809,11,5,18,15.0
1410155,3,4,16,302.0
6300566,11,3,10,22.0
1661442,3,4,21,5.0
3980246,7,1,6,21.0
2374206,4,6,14,14.0
3599451,6,1,9,42.0
6618668,12,7,11,26.0
6509225,12,2,8,66.0
4092009,7,5,21,29.0
1622432,3,4,16,74.0
945254,2,1,15,15.0
3477378,6,7,16,17.0
969288,2,2,10,7.0
3983219,7,5,16,28.0
5411979,10,6,14,19.0
1917390,4,3,19,25.0
3412097,6,5,13,97.0
3931180,7,2,18,14.0
4633199,8,7,16,4.0
4559708,8,2,7,69.0
4459438,8,7,21,6.0
1017847,2,6,11,16.0
6389918,11,7,15,13.0
976706,2,5,12,2.0
1787892,3,6,9,39.0
2228809,4,3,15,43.0
612254,2,1,16,5.0
3112908,6,2,8,25.0
6233920,11,5,12,17.0
1401016,3,1,18,110.0
2302070,4,1,18,24.0
1033358,2,7,12,27.0
1066794,2,2,13,91.0
5465389,10,1,15,18.0
3914100,7,2,11,3.0
757844,2,1,7,31.0
913211,2,5,9,80.0
325324,1,4,17,4.0
6167847,11,4,13,30.0
5496665,10,4,13,29.0
6552135,12,2,14,6.0
1198397,3,1,13,2.0
364873,1,4,17,28.0
2567276,5,3,20,20.0
636381,2,2,7,16.0
1662349,3,1,15,5.0
2349844,4,3,15,10.0
2775150,5,3,11,17.0
4440256,8,5,13,1.0
1286142,3,7,17,4.0
1992518,4,5,11,17.0
5434021,10,6,10,10.0
6645962,12,7,11,23.0
6922641,12,6,14,21.0
3048433,6,3,16,13.0
2359062,4,3,7,15.0
113007,1,5,12,23.0
1694902,3,1,9,163.0
1750531,3,6,18,15.0
2346108,4,2,6,15.0
2870448,5,6,15,74.0
2543857,5,4,13,21.0
6830313,12,3,5,39.0
6628414,12,1,20,21.0
5773189,10,5,6,6.0
884222,2,5,13,1.0
6853880,12,1,8,31.0
5096730,9,7,14,16.0
3160339,6,1,17,203.0
698442,2,5,7,4.0
3563013,6,4,12,51.0
4069719,7,2,4,13.0
641300,2,3,16,7.0
3074387,6,4,18,3.0
1619356,3,4,14,15.0
6858757,12,1,14,14.0
433463,1,3,7,5.0
3806868,7,4,9,18.0
3559829,6,4,14,30.0
1032736,2,3,7,20.0
4337418,8,1,19,66.0
5203340,9,5,16,10.0
1051399,2,3,16,2.0
5216888,9,5,14,4.0
5284481,9,5,17,18.0
6825527,12,1,16,1.0
760290,2,5,11,54.0
2292076,4,5,10,16.0
2747715,5,7,10,4.0
5341094,9,1,15,11.0
6660074,12,6,9,28.0
1466609,3,7,18,2.0
4112747,7,3,17,69.0
2631979,5,4,9,36.0
6505668,12,1,18,2.0
4723813,8,6,16,35.0
1012070,2,4,16,9.0
6222499,11,7,13,18.0
2204875,4,2,13,87.0
4940748,9,4,16,17.0
473732,1,4,10,4.0
3519375,6,6,10,10.0
885013,2,5,7,4.0
6535911,12,4,9,4.0
4492542,8,1,12,16.0
4715812,8,2,11,9.0
478215,1,7,15,28.0
2312277,4,7,13,57.0
3208816,6,5,17,163.0
1131402,2,1,17,28.0
80335,1,7,18,21.0
3596729,6,5,11,3.0
2146963,4,7,15,1.0
1869846,4,7,19,3.0
3340328,6,5,14,16.0
2148492,4,2,18,16.0
6565847,12,5,11,21.0
2965658,5,3,15,39.0
1409140,3,1,19,17.0
2631378,5,7,10,56.0
2186264,4,3,7,2.0
3987021,7,3,16,10.0
1014752,2,7,13,28.0
2283425,4,1,15,1.0
4387060,8,5,18,13.0
946166,2,2,12,28.0
1422637,3,2,18,5.0
4388948,8,2,10,42.0
4582258,8,1,8,40.0
4958772,9,3,18,51.0
3023831,6,3,18,1.0
6692068,12,7,16,4.0
2057184,4,5,15,156.0
2842552,5,5,18,27.0
6589766,12,1,11,51.0
2640913,5,5,15,13.0
3776815,7,7,17,2.0
712679,2,7,7,15.0
1449427,3,1,22,16.0
4403054,8,5,15,18.0
3102428,6,4,13,28.0
5644587,10,4,20,15.0
6795958,12,4,9,2.0
3938890,7,6,15,77.0
5724048,10,5,14,34.0
6592425,12,5,11,211.0
4100001,7,3,8,15.0
1285089,3,3,9,74.0
2689577,5,5,18,1.0
5158572,9,1,15,18.0
6904713,12,6,19,10.0
6886289,12,3,13,9.0
4179875,7,2,13,21.0
2141146,4,7,10,2.0
5206986,9,7,12,38.0
4888112,9,2,13,2.0
2814531,5,5,7,10.0
5366859,9,1,10,17.0
6678951,12,2,19,107.0
5336729,9,5,21,15.0
4657974,8,1,20,3.0
1954987,4,2,8,5.0
2782764,5,2,9,6.0
6355086,11,1,21,20.0
3264264,6,7,11,31.0
3122178,6,4,15,23.0
5272174,9,7,17,16.0
1891099,4,4,10,10.0
3030152,6,5,14,97.0
6047058,11,6,11,40.0
4785407,8,1,11,171.0
2914739,5,5,15,6.0
3927786,7,7,16,11.0
1336238,3,7,11,12.0
6171591,11,1,9,17.0
4177623,7,5,18,41.0
3338418,6,5,13,11.0
3498612,6,3,8,5.0
1127180,2,1,16,45.0
3022711,6,3,7,9.0
755459,2,3,15,7.0
1129660,2,5,12,37.0
5783609,10,5,17,17.0
6994826,12,1,6,64.0
4341196,8,6,10,2.0
5962679,11,7,14,124.0
6997317,12,3,18,29.0
2364380,4,5,23,10.0
3310309,6,5,17,21.0
2229619,4,5,10,2.0
2540593,5,5,16,20.0
6771333,12,7,18,11.0
1999855,4,2,19,35.0
6967720,12,4,18,25.0
1876354,4,1,20,15.0
2669868,5,2,19,18.0
4147276,7,4,17,35.0
2401566,5,3,18,3.0
1778790,3,6,9,30.0
1337697,3,2,5,19.0
5728540,10,5,8,1.0
3952644,7,2,8,16.0
4763222,8,2,20,16.0
6781185,12,3,7,45.0
3539495,6,3,9,28.0
1582201,3,1,6,22.0
218183,1,7,10,4.0
2642357,5,3,13,27.0
5010398,9,4,14,1.0
4416135,8,5,6,12.0
588609,1,2,6,54.0
2121505,4,5,13,27.0
1695356,3,3,8,30.0
828754,2,2,9,18.0
5247200,9,2,17,52.0
3781454,7,2,20,62.0
1330945,3,5,8,23.0
3868971,7,3,14,4.0
4661215,8,3,15,24.0
6538226,12,5,6,54.0
6473700,12,5,14,2.0
5359952,9,2,12,194.0
4529146,8,4,19,33.0
494003,1,4,9,4.0
935160,2,5,12,27.0
5748286,10,3,20,17.0
4101468,7,5,17,35.0
914832,2,1,15,1.0
645221,2,4,18,9.0
6527340,12,1,17,6.0
6261892,11,4,13,24.0
1614053,3,5,7,15.0
413728,1,2,17,27.0
3237731,6,5,22,3.0
4861949,9,1,18,39.0
6655157,12,3,16,15.0
525549,1,1,14,27.0
1519007,3,3,6,16.0
3484696,6,3,10,20.0
6518731,12,5,17,1.0
3365868,6,2,15,54.0
6969691,12,1,11,8.0
3489340,6,5,17,8.0
6046202,11,7,13,53.0
6518975,12,5,11,2.0
3197236,6,5,18,119.0
5176613,9,5,9,60.0
3223103,6,7,7,166.0
3425959,6,1,12,21.0
3580564,6,5,0,3.0
2648169,5,6,9,1.0
997139,2,4,9,20.0
1624807,3,3,6,7.0
6243676,11,5,12,31.0
5050093,9,7,6,27.0
2090062,4,4,18,9.0
3197172,6,5,17,116.0
2123307,4,7,12,5.0
5011753,9,5,19,8.0
887756,2,5,16,4.0
59507,1,1,21,20.0
5343993,9,7,19,2.0
6748989,12,2,20,5.0
4180831,7,4,17,107.0
3240932,6,1,7,13.0
241667,1,1,12,6.0
3779787,7,1,15,38.0
6781253,12,2,16,26.0
884275,2,5,20,57.0
1621436,3,4,9,8.0
2911843,5,7,16,40.0
1693280,3,4,20,16.0
6464059,11,4,12,36.0
3547851,6,4,13,3.0
4167236,7,1,18,21.0
6927063,12,4,17,9.0
1653228,3,3,14,219.0
2729526,5,5,13,17.0
1953478,4,7,15,20.0
515347,1,4,16,83.0
621041,2,4,7,18.0
1423218,3,1,18,31.0
3315771,6,7,19,14.0
3296505,6,1,12,21.0
403776,1,2,8,45.0
6796452,12,5,9,12.0
2007469,4,5,11,136.0
5501536,10,5,15,109.0
6095766,11,3,12,3.0
3233101,6,1,14,6.0
3418537,6,4,6,35.0
2014362,4,4,20,10.0
922615,2,2,15,9.0
5679974,10,2,14,5.0
6615774,12,1,16,8.0
4128502,7,3,21,17.0
932357,2,1,19,21.0
2894772,5,3,13,11.0
5413004,10,6,15,2.0
3567788,6,6,21,8.0
2179956,4,5,7,47.0
4782661,8,3,17,14.0
128767,1,3,6,4.0
1005102,2,1,19,1.0
6229097,11,5,17,12.0
591738,1,5,7,63.0
863865,2,3,11,1.0
1615547,3,3,10,18.0
5233159,9,1,7,7.0
400843,1,6,19,6.0
3169593,6,3,7,48.0
3929430,7,1,7,11.0
6666065,12,3,12,30.0
100458,1,7,21,32.0
3590952,6,1,14,7.0
3274988,6,1,7,26.0
2429856,5,4,21,13.0
3823098,7,7,19,70.0
4954332,9,2,21,60.0
1028576,2,5,14,23.0
3852784,7,4,18,52.0
6124279,11,7,18,13.0
824078,2,3,16,3.0
336330,1,5,19,5.0
5703420,10,6,8,33.0
3227584,6,5,18,17.0
4137792,7,3,18,37.0
3772180,7,7,14,24.0
3751279,7,6,15,18.0
6839790,12,3,12,10.0
928634,2,2,9,12.0
747958,2,5,17,16.0
2365931,4,1,18,22.0
2347934,4,3,14,6.0
6823605,12,3,13,6.0
370820,1,6,20,62.0
3428876,6,4,11,15.0
7004812,12,2,6,20.0
3475109,6,1,13,113.0
855921,2,4,8,18.0
1211654,3,4,9,18.0
3433018,6,5,8,46.0
3199416,6,7,13,52.0
1091120,2,1,15,42.0
2987890,5,1,21,19.0
2297140,4,1,11,17.0
4390247,8,4,12,15.0
3300225,6,5,15,63.0
6353681,11,5,16,51.0
2298444,4,4,6,17.0
3205152,6,3,11,131.0
5049163,9,3,10,74.0
4688631,8,5,7,40.0
4826082,8,6,22,5.0
2035294,4,4,9,15.0
4144722,7,4,16,12.0
6218648,11,3,7,31.0
4733743,8,4,16,6.0
6597387,12,5,14,53.0
203143,1,2,10,132.0
1012500,2,5,12,2.0
2301011,4,5,11,38.0
5177881,9,7,18,12.0
3225977,6,5,10,19.0
6759842,12,7,9,9.0
1680032,3,1,12,10.0
3930458,7,2,19,17.0
2350297,4,2,20,191.0
6722591,12,4,17,3.0
2177236,4,4,8,21.0
522976,1,7,11,16.0
312032,1,3,16,7.0
3013024,6,7,13,1.0
2957333,5,3,17,2.0
6235386,11,4,7,17.0
1728405,3,6,14,24.0
303478,1,3,11,19.0
2210671,4,5,7,50.0
4654779,8,4,19,11.0
2219840,4,7,21,4.0
2205545,4,3,13,34.0
4167955,7,2,20,100.0
2164703,4,4,11,2.0
4029899,7,3,19,92.0
276632,1,4,12,34.0
296905,1,2,19,5.0
3235058,6,1,16,108.0
703693,2,3,14,99.0
2941649,5,1,17,23.0
834710,2,5,18,2.0
5366248,9,7,7,11.0
1008805,2,1,10,11.0
5862577,10,5,15,132.0
4350756,8,3,14,16.0
5432553,10,5,12,8.0
4142997,7,4,10,58.0
3228713,6,1,10,5.0
4389217,8,2,12,11.0
3978890,7,7,11,53.0
3899290,7,2,9,29.0
3597454,6,6,12,22.0
6986960,12,3,17,301.0
339707,1,2,6,20.0
240378,1,2,16,210.0
3134035,6,5,16,51.0
717692,2,1,11,1.0
6979396,12,7,6,1.0
594094,1,7,16,17.0
1424424,3,4,13,61.0
6568289,12,2,8,21.0
1220674,3,7,14,33.0
875969,2,6,13,17.0
2375064,4,7,18,17.0
3217525,6,5,22,10.0
4162959,7,3,12,2.0
6804987,12,3,13,30.0
6253340,11,7,20,71.0
1342076,3,2,7,20.0
750388,2,2,11,33.0
6747322,12,1,8,35.0
3310451,6,6,17,18.0
6982576,12,2,17,36.0
234072,1,1,17,61.0
3782625,7,3,16,1.0
6396311,11,3,21,15.0
2629791,5,1,13,9.0
2157084,4,7,13,17.0
3438281,6,1,13,28.0
101494,1,1,15,22.0
3508688,6,3,13,31.0
4539503,8,1,19,13.0
1586733,3,3,6,5.0
249173,1,5,20,10.0
3932214,7,3,9,19.0
6512653,12,3,6,27.0
2813867,5,2,9,3.0
425668,1,2,8,31.0
2137456,4,2,20,29.0
3075184,6,4,8,18.0
3431962,6,3,19,33.0
1075441,2,4,11,5.0
5535640,10,7,16,75.0
3407190,6,6,18,14.0
3563291,6,3,8,49.0
4835800,8,7,11,2.0
4229829,7,4,7,38.0
1504431,3,6,16,16.0
3256523,6,1,17,1.0
6314715,11,7,9,15.0
3809653,7,6,14,94.0
872327,2,3,11,35.0
6873771,12,5,11,17.0
6952096,12,4,7,7.0
3412604,6,3,16,23.0
5913344,10,3,16,140.0
286469,1,4,9,16.0
1851844,4,1,20,5.0
423769,1,4,22,21.0
5669033,10,7,18,27.0
115606,1,6,8,10.0
649789,2,6,19,2.0
2914724,5,4,15,36.0
4032128,7,1,10,18.0
6889116,12,2,17,42.0
3442091,6,5,15,20.0
6466643,12,3,17,5.0
1637782,3,7,14,9.0
692221,2,5,11,5.0
5219611,9,6,18,38.0
6854638,12,6,10,16.0
517607,1,6,18,22.0
1162744,2,1,9,30.0
3627708,7,4,21,12.0
2759307,5,2,20,98.0
3312734,6,1,6,5.0
6172093,11,1,11,24.0
2546079,5,1,12,126.0
3991802,7,2,11,14.0
6764943,12,3,6,3.0
2223691,4,4,17,8.0
4857535,9,7,15,1.0
5861801,10,3,19,16.0
6780398,12,5,10,201.0
1002613,2,4,19,27.0
4718171,8,5,14,60.0
4488338,8,5,10,86.0
69577,1,4,12,6.0
5207228,9,7,18,2.0
6253392,11,7,17,48.0
2683041,5,6,18,30.0
2158110,4,1,6,15.0
3107284,6,2,8,6.0
2524936,5,6,20,20.0
4071703,7,4,16,2.0
5833149,10,1,13,28.0
6296472,11,7,16,57.0
5929083,10,7,14,9.0
4173537,7,5,14,29.0
710372,2,1,11,48.0
5394701,10,1,7,32.0
498168,1,7,20,3.0
3833326,7,2,22,23.0
912555,2,5,7,9.0
5680096,10,2,21,21.0
1751492,3,7,9,13.0
6898645,12,6,22,32.0
6819208,12,2,13,16.0
1410583,3,4,10,109.0
275046,1,2,7,17.0
83330,1,1,9,11.0
2271192,4,7,11,9.0
3521326,6,2,13,38.0
2339722,4,5,11,15.0
4168204,7,2,13,68.0
6609483,12,1,8,19.0
6983539,12,1,15,12.0
6674896,12,6,17,53.0
6796286,12,4,6,31.0
3281642,6,7,18,11.0
6687735,12,4,6,22.0
3339396,6,1,12,16.0
3115568,6,5,20,96.0
6402159,11,4,18,35.0
1065429,2,7,12,14.0
2327350,4,5,17,57.0
6950470,12,6,7,25.0
6772002,12,5,10,13.0
3709383,7,4,9,16.0
1300688,3,5,13,34.0
2351204,4,1,12,26.0
181699,1,2,16,118.0
6213989,11,6,18,15.0
4007708,7,4,19,1.0
1140840,2,5,11,20.0
564915,1,4,11,31.0
1590920,3,2,18,44.0
2966664,5,2,10,6.0
2100410,4,6,18,24.0
4360322,8,1,6,1.0
6620644,12,1,12,10.0
6137244,11,3,9,22.0
5666663,10,5,18,35.0
172036,1,3,9,84.0
3234309,6,4,10,1.0
4067209,7,3,22,48.0
4775753,8,5,18,19.0
2121953,4,4,16,2.0
5831138,10,5,21,3.0
666121,2,4,7,16.0
3397514,6,1,13,39.0
5491568,10,4,17,7.0
512556,1,2,13,2.0
2039170,4,2,10,32.0
1289557,3,1,14,55.0
6505492,12,1,12,9.0
1492120,3,1,11,22.0
948113,2,5,15,28.0
6238036,11,6,14,51.0
498440,1,7,14,8.0
524708,1,2,10,59.0
6427984,11,6,17,44.0
4804500,8,3,18,33.0
6784843,12,6,15,19.0
4442396,8,7,15,16.0
401585,1,4,13,66.0
6912021,12,1,16,17.0
3960466,7,3,21,11.0
4178195,7,6,20,4.0
4170272,7,6,13,7.0
1288310,3,1,14,8.0
4752379,8,6,12,19.0
6205559,11,7,16,17.0
2024295,4,6,10,25.0
1191567,3,5,17,1.0
505750,1,5,9,15.0
6616212,12,2,15,36.0
6716474,12,6,19,99.0
621505,2,4,8,22.0
494781,1,3,7,15.0
3733302,7,4,19,161.0
5211710,9,3,19,18.0
3338832,6,6,14,36.0
1191172,3,5,17,4.0
390276,1,4,12,4.0
1718148,3,7,16,62.0
6096904,11,5,8,13.0
3941302,7,7,16,12.0
2062902,4,3,17,24.0
560670,1,7,20,26.0
2247916,4,5,22,18.0
2078735,4,1,8,24.0
5688975,10,3,12,14.0
2464109,5,1,17,24.0
6047692,11,5,20,19.0
6036907,11,5,18,82.0
3382799,6,3,8,2.0
163123,1,2,8,37.0
1701511,3,3,18,8.0
2618564,5,3,21,5.0
3779595,7,3,8,24.0
2893814,5,1,10,26.0
6899390,12,5,8,32.0
6925100,12,5,14,11.0
5874458,10,3,7,29.0
3710052,7,6,11,20.0
2900923,5,5,17,14.0
5384876,9,2,6,19.0
3505890,6,1,15,7.0
6629329,12,4,15,14.0
226257,1,3,18,23.0
5105365,9,7,17,7.0
6226235,11,1,10,3.0
1845004,4,6,16,2.0
4783260,8,4,6,16.0
1457384,3,7,15,10.0
913527,2,1,14,1.0
2821699,5,3,19,6.0
4500794,8,3,9,11.0
549417,1,7,19,21.0
2014363,4,5,20,1.0
4547220,8,7,12,15.0
4170896,7,7,19,87.0
4401260,8,2,7,22.0
410607,1,7,16,25.0
157735,1,7,16,2.0
4497928,8,7,14,1.0
2027428,4,4,19,10.0
163537,1,2,19,138.0
2210303,4,2,9,26.0
4205018,7,2,16,4.0
2329193,4,1,7,2.0
6765517,12,4,6,75.0
234426,1,4,9,17.0
4676213,8,3,7,21.0
6950533,12,6,12,5.0
3926447,7,6,13,8.0
3341017,6,7,14,15.0
5755082,10,2,18,7.0
4724183,8,4,17,7.0
3189277,6,7,14,14.0
514141,1,6,17,16.0
2682101,5,5,8,17.0
610646,2,1,14,16.0
49247,1,5,18,8.0
4563772,8,1,19,26.0
1859109,4,3,9,17.0
4738420,8,6,21,2.0
1283122,3,1,9,13.0
6745781,12,6,0,7.0
1027835,2,1,9,28.0
2729170,5,5,22,3.0
5904657,10,1,7,27.0
2917812,5,4,11,21.0
1017540,2,3,13,22.0
4767328,8,1,7,19.0
1023638,2,7,13,3.0
2093143,4,7,8,11.0
3556192,6,6,11,44.0
1064444,2,7,13,41.0
6677151,12,6,16,56.0
6656404,12,1,17,9.0
4602191,8,6,15,13.0
2276391,4,5,17,23.0
4801544,8,7,11,20.0
3889472,7,1,22,1.0
4748967,8,6,14,15.0
1704043,3,5,16,9.0
3097989,6,7,15,17.0
1280017,3,7,11,6.0
6941509,12,2,7,15.0
4671144,8,5,9,2.0
6235467,11,5,8,24.0
2908302,5,3,7,22.0
4272617,8,4,20,10.0
4928300,9,7,13,16.0
6231018,11,4,19,25.0
2260516,4,3,12,6.0
5233164,9,4,19,11.0
4782417,8,2,17,15.0
579724,1,6,17,8.0
6174108,11,3,18,17.0
6890656,12,6,11,77.0
1692519,3,7,10,22.0
4604699,8,2,9,25.0
5437870,10,7,19,1.0
3199584,6,7,6,33.0
2202033,4,7,14,172.0
5151067,9,7,18,6.0
4000304,7,5,6,16.0
2909739,5,2,6,11.0
589038,1,2,11,18.0
6637231,12,5,15,4.0
5205334,9,5,9,40.0
484519,1,2,11,4.0
1416403,3,1,10,20.0
4801495,8,6,6,15.0
1293491,3,7,18,2.0
1722343,3,4,17,9.0
3207846,6,5,12,18.0
2723659,5,3,13,34.0
1266408,3,7,21,9.0
6621116,12,1,13,8.0
4572674,8,2,12,75.0
3843941,7,5,6,32.0
892789,2,6,9,20.0
4349868,8,3,18,1.0
321086,1,3,15,18.0
4217956,7,2,17,32.0
1297550,3,1,16,126.0
6964555,12,6,20,20.0
348535,1,3,23,20.0
4662908,8,7,10,82.0
611520,2,1,11,52.0
611800,2,1,18,3.0
1543592,3,5,21,8.0
5605881,10,5,7,21.0
1487323,3,5,20,25.0
6472328,12,5,14,42.0
616855,2,3,14,27.0
5171617,9,4,16,1.0
6507774,12,2,19,84.0
5345204,9,4,14,28.0
5957008,11,5,20,24.0
3570486,6,7,19,16.0
4877028,9,5,19,2.0
3516033,6,7,19,3.0
4659753,8,6,7,125.0
3252879,6,1,8,15.0
1899540,4,4,13,27.0
3439591,6,5,9,1.0
5666538,10,5,16,26.0
2068030,4,7,18,21.0
158667,1,1,7,2.0
6029744,11,7,14,228.0
4206503,7,1,17,124.0
2274816,4,5,18,26.0
945753,2,1,5,15.0
547206,1,3,20,21.0
1350329,3,1,6,79.0
91764,1,4,12,7.0
4141852,7,4,16,6.0
6805996,12,5,15,6.0
6724595,12,6,13,6.0
4575477,8,6,9,16.0
700401,2,4,17,34.0
3320697,6,3,21,114.0
1688354,3,5,20,7.0
3750813,7,5,17,33.0
3311010,6,6,18,5.0
6617592,12,4,13,9.0
3380866,6,4,9,4.0
1648739,3,5,7,15.0
110432,1,3,9,21.0
1765464,3,7,14,10.0
6102046,11,3,17,2.0
2714856,5,4,16,1.0
1250493,3,2,7,204.0
3957913,7,7,12,288.0
6556825,12,2,9,119.0
3517289,6,6,7,16.0
653691,2,7,15,1.0
6359239,11,5,19,2.0
4799828,8,4,19,5.0
2737143,5,5,14,32.0
3902078,7,4,17,8.0
5836374,10,2,6,12.0
4689149,8,3,17,3.0
4384153,8,6,6,18.0
3042873,6,2,19,6.0
3464090,6,7,9,16.0
6952530,12,5,14,10.0
1591283,3,5,15,282.0
1707506,3,6,15,32.0
181222,1,2,15,215.0
1454835,3,5,19,23.0
1036206,2,1,6,27.0
2190443,4,2,13,8.0
1335798,3,6,8,82.0
6585788,12,2,12,109.0
3885860,7,5,8,18.0
1703408,3,1,19,131.0
1672502,3,4,20,4.0
6617827,12,6,9,20.0
3788622,7,7,13,133.0
1439797,3,7,21,1.0
1903259,4,6,17,33.0
2933327,5,5,15,82.0
6842431,12,3,10,85.0
3572341,6,3,11,20.0
6821851,12,3,14,1.0
325019,1,3,14,11.0
110981,1,5,18,7.0
1622449,3,7,16,59.0
283072,1,2,17,25.0
1692620,3,1,18,19.0
6611838,12,6,19,42.0
4548877,8,1,13,89.0
2324945,4,2,18,10.0
25043,1,4,16,15.0
2770616,5,5,8,5.0
3474258,6,5,10,33.0
5846012,10,1,8,11.0
3368580,6,6,13,18.0
6232472,11,5,13,69.0
6808666,12,2,9,15.0
1073112,2,1,7,15.0
580685,1,3,18,60.0
5625118,10,1,20,24.0
254960,1,4,15,158.0
2208877,4,5,15,12.0
439897,1,4,13,1.0
2208050,4,5,12,17.0
2230731,4,4,18,28.0
862972,2,3,18,7.0
6951849,12,3,7,32.0
4800581,8,4,20,18.0
5447267,10,3,13,5.0
5335173,9,2,9,45.0
2845975,5,7,13,27.0
3149338,6,3,13,3.0
2710879,5,3,16,17.0
172441,1,3,13,91.0
6989114,12,7,20,19.0
856476,2,4,20,39.0
1492182,3,1,11,18.0
1022190,2,3,13,21.0
964355,2,3,12,17.0
1349091,3,1,6,37.0
2001682,4,3,20,23.0
4504021,8,5,15,73.0
4590532,8,5,23,2.0
1741971,3,1,15,31.0
405182,1,7,14,21.0
4557523,8,5,11,15.0
3363036,6,6,22,5.0
420188,1,2,8,44.0
5500704,10,6,15,20.0
5911613,10,5,13,22.0
6572638,12,3,16,40.0
6694595,12,1,13,213.0
2811223,5,5,11,12.0
5223380,9,5,10,70.0
4744670,8,7,12,3.0
432689,1,2,21,80.0
2734982,5,4,18,20.0
2501460,5,1,19,19.0
3447525,6,4,16,81.0
1405552,3,7,9,28.0
932542,2,1,12,23.0
483779,1,3,17,16.0
4985074,9,6,16,10.0
5330848,9,2,8,1.0
2351951,4,7,8,45.0
447657,1,2,19,4.0
4287559,8,2,21,8.0
236309,1,2,9,3.0
3135388,6,6,19,20.0
1111954,2,5,20,25.0
2717123,5,2,20,46.0
4722689,8,1,20,25.0
382191,1,7,16,7.0
2284552,4,5,9,5.0
2924506,5,2,7,24.0
2485672,5,5,8,17.0
2129894,4,3,6,36.0
412552,1,3,17,1.0
6566705,12,4,6,16.0
5028848,9,3,17,19.0
6973967,12,7,15,8.0
1191281,3,5,11,28.0
3090763,6,7,20,2.0
2303297,4,6,12,1.0
7001544,12,7,17,29.0
1569955,3,1,12,3.0
4821895,8,2,10,3.0
5391677,10,7,6,15.0
2261533,4,6,9,1.0
3868462,7,2,9,47.0
3736625,7,5,13,6.0
1093312,2,2,15,27.0
6908367,12,4,19,25.0
1173558,2,3,10,16.0
247387,1,1,18,21.0
4175472,7,1,13,53.0
442569,1,3,13,20.0
6828271,12,6,7,2.0
3112448,6,5,17,106.0
6998404,12,4,20,5.0
1699278,3,2,11,73.0
6256809,11,4,15,9.0
2012057,4,2,20,1.0
588152,1,2,21,1.0
125454,1,5,14,31.0
1991697,4,4,10,34.0
4218477,7,2,20,18.0
3696257,7,3,16,16.0
1778555,3,6,12,76.0
6270628,11,3,8,25.0
3629973,7,4,19,17.0
4513193,8,5,21,17.0
1171928,2,2,20,21.0
3184164,6,4,21,5.0
4165301,7,4,21,12.0
3686704,7,7,10,65.0
6235382,11,4,11,18.0
1302591,3,5,18,24.0
1507859,3,2,14,18.0
1420775,3,4,9,17.0
1628400,3,5,7,14.0
366205,1,6,20,32.0
850760,2,7,11,2.0
70579,1,4,17,3.0
4097824,7,3,18,148.0
6258777,11,6,18,8.0
1402828,3,1,11,137.0
5491874,10,3,13,78.0
546866,1,2,18,36.0
6347599,11,6,12,31.0
5841279,10,6,12,30.0
5168245,9,5,16,3.0
3014795,6,7,21,15.0
683143,2,2,16,32.0
6613158,12,2,16,23.0
3289340,6,5,16,216.0
2010150,4,1,14,8.0
3522237,6,6,17,23.0
4415892,8,5,14,20.0
1485613,3,3,11,14.0
2457760,5,5,19,1.0
269488,1,5,7,39.0
4353525,8,2,10,23.0
5343927,9,7,21,6.0
276694,1,4,18,29.0
3585780,6,4,16,106.0
2965747,5,5,20,6.0
3962352,7,2,19,92.0
6967060,12,3,19,5.0
3839673,7,1,10,129.0
6060317,11,3,15,115.0
6253111,11,6,21,38.0
996675,2,7,16,4.0
440687,1,4,8,24.0
3267621,6,3,20,2.0
3767863,7,5,14,35.0
4154459,7,5,12,6.0
1686108,3,1,20,31.0
1402365,3,5,17,19.0
4097809,7,2,18,27.0
3413611,6,6,18,20.0
6349537,11,6,15,78.0
6562163,12,2,7,40.0
1664646,3,1,16,17.0
4308885,8,1,15,50.0
3260120,6,4,9,21.0
3894630,7,5,10,17.0
117352,1,3,9,8.0
2557945,5,4,17,36.0
6242863,11,3,13,18.0
5693626,10,3,17,79.0
5409902,10,5,19,2.0
4767064,8,7,7,4.0
4486351,8,5,5,23.0
2441289,5,1,15,1.0
399006,1,5,16,15.0
1954884,4,2,13,79.0
2810306,5,1,11,12.0
1912796,4,6,6,26.0
866805,2,6,9,19.0
2304002,4,3,19,26.0
502871,1,4,13,1.0
1818560,4,5,18,19.0
5908011,10,3,17,120.0
1071400,2,5,18,10.0
6937836,12,6,21,20.0
6690443,12,2,7,27.0
1503553,3,5,11,20.0
2103948,4,2,17,20.0
6675875,12,7,6,26.0
6980477,12,5,18,36.0
6199679,11,7,10,127.0
1538712,3,6,20,9.0
3502971,6,6,14,35.0
1521312,3,2,14,33.0
897726,2,3,16,4.0
717050,2,6,11,29.0
4792894,8,7,21,28.0
2302784,4,1,10,3.0
59183,1,1,19,18.0
6273299,11,7,15,100.0
1710618,3,5,13,2.0
4146917,7,6,11,1.0
253367,1,7,11,6.0
1281854,3,1,16,54.0
2961440,5,3,11,12.0
2382630,4,6,14,154.0
2965951,5,1,12,32.0
4395234,8,5,22,22.0
5241648,9,5,19,18.0
1100075,2,1,20,24.0
503947,1,5,19,12.0
6563389,12,1,16,24.0
2898040,5,3,13,22.0
1389664,3,4,20,16.0
4566960,8,5,9,1.0
3285382,6,2,15,6.0
3548949,6,6,14,49.0
1262297,3,6,7,13.0
3560995,6,4,16,18.0
5414288,10,7,13,2.0
843057,2,2,13,25.0
6613219,12,2,10,14.0
2950119,5,7,17,3.0
1696642,3,7,13,46.0
133030,1,7,12,127.0
6693978,12,1,14,24.0
6718849,12,1,9,20.0
109982,1,4,15,6.0
5838481,10,4,15,52.0
4832710,8,4,18,88.0
1029557,2,6,8,1.0
1125227,2,5,19,16.0
2528397,5,4,9,6.0
5072443,9,4,13,137.0
4787598,8,5,18,9.0
1875293,4,1,19,8.0
868654,2,7,6,5.0
3332781,6,1,20,58.0
621144,2,4,19,33.0
4917767,9,4,15,6.0
995329,2,1,19,4.0
6800362,12,4,21,3.0
2738195,5,1,19,18.0
2487062,5,7,15,32.0
1303009,3,7,12,8.0
5137583,9,1,16,7.0
2828900,5,1,15,6.0
2060491,4,1,14,8.0
1487464,3,5,0,5.0
557274,1,1,17,18.0
976634,2,5,6,4.0
3481734,6,3,8,10.0
255098,1,5,17,13.0
1556406,3,1,14,8.0
5828766,10,3,13,25.0
1048738,2,1,12,16.0
3350434,6,3,14,2.0
2906515,5,7,12,3.0
4815572,8,3,14,49.0
3741692,7,7,22,58.0
6654418,12,4,8,24.0
6922128,12,1,19,24.0
3236837,6,5,14,43.0
5149166,9,4,5,20.0
4646619,8,2,9,104.0
1433711,3,7,19,2.0
1761384,3,2,8,41.0
2293869,4,4,21,24.0
3474746,6,4,15,45.0
2690906,5,5,15,17.0
2025835,4,3,12,32.0
6155176,11,7,8,56.0
6645003,12,3,9,20.0
7004971,12,2,9,20.0
6893510,12,6,17,16.0
6194801,11,7,17,15.0
3924096,7,4,19,9.0
6569821,12,7,17,38.0
453212,1,4,13,11.0
408366,1,7,10,11.0
6894775,12,6,15,9.0
825710,2,7,17,28.0
2032766,4,6,11,19.0
6031021,11,7,12,6.0
6920407,12,3,12,15.0
3484842,6,6,11,1.0
6821616,12,2,9,2.0
3933333,7,4,11,5.0
6680124,12,1,12,78.0
5999011,11,4,12,25.0
3241103,6,2,7,38.0
4768437,8,3,13,8.0
3863552,7,3,12,97.0
2339555,4,5,16,164.0
1645695,3,3,10,25.0
3232226,6,3,19,9.0
6222750,11,7,14,25.0
6870311,12,4,18,5.0
856054,2,4,7,17.0
896528,2,2,6,22.0
1970113,4,2,16,6.0
3904388,7,6,11,16.0
4824587,8,5,11,1.0
6081831,11,5,11,1.0
6050688,11,1,12,72.0
68148,1,4,11,29.0
1040101,2,5,9,41.0
6049200,11,3,15,89.0
2325373,4,3,18,15.0
6457090,11,5,6,34.0
221366,1,3,12,117.0
982244,2,6,12,21.0
4465940,8,7,8,45.0
617052,2,3,17,40.0
2906994,5,5,15,5.0
6919835,12,3,18,16.0
1964364,4,5,22,3.0
3408672,6,5,11,30.0
3340129,6,4,20,34.0
629527,2,7,19,2.0
829910,2,6,7,15.0
5126355,9,5,20,32.0
6580071,12,1,14,20.0
338911,1,7,11,18.0
73093,1,5,18,17.0
1388125,3,3,19,33.0
1299386,3,2,8,6.0
2263397,4,1,13,27.0
321823,1,3,15,14.0
1727167,3,3,17,115.0
4875742,9,5,20,3.0
6770241,12,6,12,4.0
1099970,2,5,16,2.0
3413795,6,2,12,62.0
68120,1,4,18,38.0
4785834,8,1,12,39.0
1905750,4,3,9,10.0
1741584,3,7,13,23.0
2194584,4,4,16,10.0
1813675,4,4,17,15.0
2221584,4,2,15,1.0
6751889,12,5,14,29.0
3308058,6,4,17,33.0
2608240,5,5,11,112.0
4500846,8,3,20,14.0
6564317,12,7,9,16.0
937650,2,1,21,15.0
6882154,12,1,10,4.0
1542618,3,4,17,13.0
3369587,6,7,19,44.0
3361206,6,3,16,23.0
1875702,4,1,7,30.0
5619618,10,4,22,5.0
2824302,5,3,19,3.0
4536490,8,6,16,4.0
4061615,7,6,7,2.0
1067397,2,1,8,32.0
4204881,7,2,17,11.0
6857578,12,3,16,4.0
516824,1,5,10,9.0
3195855,6,4,6,3.0
4744183,8,2,16,1.0
1293204,3,5,15,3.0
3596141,6,5,7,22.0
159216,1,2,8,18.0
6107671,11,1,10,17.0
423337,1,6,16,39.0
2341336,4,1,18,77.0
1141061,2,4,19,59.0
705283,2,4,18,48.0
6911394,12,1,19,7.0
4145484,7,4,17,7.0
5232731,9,4,13,6.0
2141160,4,7,8,14.0
134494,1,2,17,166.0
641453,2,3,18,4.0
1343918,3,5,5,29.0
4822473,8,4,19,186.0
6089832,11,1,13,23.0
3460568,6,4,17,113.0
3242982,6,2,17,13.0
1707964,3,1,16,12.0
655131,2,1,13,2.0
2013407,4,3,11,19.0
3323911,6,1,16,103.0
6504132,12,1,14,75.0
5056640,9,6,6,21.0
4781865,8,1,16,8.0
162270,1,7,9,7.0
1663206,3,3,8,5.0
3436978,6,3,17,39.0
6402691,11,5,7,21.0
4218631,7,3,20,39.0
1031902,2,6,6,8.0
5140466,9,5,9,15.0
869296,2,1,21,1.0
4871883,9,4,15,4.0
4333406,8,3,15,43.0
6414524,11,5,12,36.0
4200731,7,4,19,11.0
2432133,5,5,12,11.0
5908341,10,3,14,40.0
4376233,8,1,19,3.0
6513365,12,4,19,15.0
6964299,12,6,8,36.0
2813575,5,2,9,6.0
2970740,5,1,6,35.0
4176493,7,3,10,38.0
546579,1,2,13,17.0
3012207,6,6,11,4.0
3710217,7,3,21,12.0
637991,2,2,15,101.0
818969,2,2,18,18.0
6799691,12,3,16,18.0
2867404,5,5,15,67.0
2342622,4,3,12,18.0
2363263,4,5,12,19.0
4148062,7,7,0,4.0
2987169,5,7,10,21.0
953744,2,5,18,8.0
3870807,7,1,12,23.0
4547181,8,7,17,34.0
6835931,12,5,11,23.0
7007198,12,4,6,8.0
4214241,7,6,9,19.0
6743691,12,5,18,24.0
2179726,4,3,8,12.0
1502130,3,2,20,6.0
4923794,9,6,19,6.0
5929292,10,7,17,4.0
6028232,11,7,12,18.0
3669794,7,2,13,10.0
85073,1,2,22,2.0
6397929,11,5,13,91.0
1147583,2,6,9,63.0
1415301,3,2,6,34.0
2988438,5,1,9,37.0
6657129,12,1,6,15.0
4124030,7,3,14,16.0
6137880,11,2,16,16.0
5999861,11,5,19,5.0
128030,1,1,15,6.0
5979378,11,5,10,52.0
431117,1,1,10,16.0
4779992,8,5,19,25.0
1083938,2,7,16,21.0
1143317,2,5,16,114.0
1737673,3,1,8,7.0
2656164,5,5,17,21.0
1711374,3,4,15,19.0
985044,2,3,17,7.0
1619169,3,1,7,21.0
6075021,11,7,19,12.0
1497186,3,5,21,2.0
572398,1,3,18,21.0
3103170,6,5,14,156.0
3564736,6,1,18,16.0
1305747,3,1,9,24.0
3584915,6,3,16,27.0
3436066,6,3,14,42.0
6145779,11,3,15,22.0
335106,1,5,13,35.0
5728727,10,5,18,26.0
1858292,4,3,13,5.0
2346817,4,5,12,21.0
1240188,3,6,14,1.0
6605296,12,6,12,55.0
529311,1,6,11,6.0
5353449,9,7,21,20.0
6738778,12,1,11,4.0
5651489,10,3,14,24.0
3767308,7,1,19,9.0
346339,1,2,18,5.0
4011845,7,3,19,67.0
3177043,6,7,10,43.0
2667856,5,1,9,17.0
4726024,8,2,20,1.0
3470358,6,5,19,38.0
6788204,12,7,10,10.0
6974397,12,6,19,30.0
5728756,10,5,10,65.0
5304286,9,4,12,24.0
456679,1,2,7,22.0
4157734,7,5,12,4.0
1590416,3,6,11,70.0
2660036,5,1,16,45.0
3234670,6,6,15,41.0
1498373,3,6,18,19.0
4782519,8,3,13,5.0
5675250,10,5,15,104.0
3482747,6,6,19,38.0
3260827,6,4,12,18.0
467238,1,3,10,15.0
942456,2,3,11,30.0
6906948,12,1,6,12.0
524832,1,6,18,4.0
2780386,5,5,8,5.0
4980834,9,5,15,5.0
4833374,8,5,17,40.0
6662717,12,7,11,23.0
3399852,6,5,13,13.0
2127217,4,5,17,269.0
2158224,4,1,8,44.0
4154140,7,4,15,36.0
886480,2,5,16,3.0
6619673,12,4,10,14.0
1155745,2,3,13,6.0
1135763,2,5,19,34.0
4182794,7,3,8,47.0
145323,1,3,15,243.0
5172260,9,5,20,16.0
4596389,8,5,10,15.0
1036909,2,2,15,18.0
3248263,6,7,17,24.0
6901452,12,7,18,10.0
1707452,3,4,18,2.0
6199580,11,7,10,10.0
3014342,6,7,19,14.0
898248,2,4,18,24.0
3797029,7,6,13,6.0
4389193,8,2,9,2.0
5618717,10,3,6,23.0
3114124,6,6,17,3.0
6963855,12,5,18,24.0
2912436,5,6,7,21.0
6822392,12,3,14,17.0
6177982,11,6,11,38.0
1400103,3,1,6,27.0
987293,2,7,19,1.0
2882783,5,7,17,18.0
4420204,8,7,14,19.0
285513,1,4,20,19.0
3854083,7,3,18,18.0
5047920,9,4,16,33.0
6744173,12,5,21,8.0
5350198,9,1,10,38.0
2703793,5,3,17,19.0
3385900,6,6,12,3.0
455488,1,4,5,10.0
4059100,7,3,13,28.0
6683289,12,3,17,19.0
1762216,3,1,15,7.0
6965667,12,1,22,1.0
3235991,6,5,17,21.0
1635760,3,7,16,11.0
4626571,8,1,10,20.0
429736,1,5,6,18.0
6103068,11,4,10,84.0
2877011,5,6,11,32.0
896955,2,3,21,16.0
2997701,6,2,8,4.0
1509954,3,5,17,24.0
3011180,6,6,18,79.0
910694,2,5,8,5.0
3916806,7,3,21,7.0
854800,2,3,7,25.0
1496531,3,5,16,52.0
3272189,6,6,16,58.0
3036200,6,7,7,8.0
6610554,12,4,10,20.0
2964824,5,6,21,15.0
6859805,12,7,7,8.0
2881152,5,7,13,3.0
2727637,5,2,17,8.0
3525687,6,3,10,21.0
94235,1,6,10,8.0
1413429,3,2,18,7.0
2280262,4,5,18,21.0
78503,1,7,20,11.0
2873207,5,6,9,3.0
75804,1,6,18,3.0
1357610,3,6,6,29.0
1068724,2,3,19,7.0
3775797,7,7,13,246.0
6869608,12,2,13,27.0
2674127,5,5,6,24.0
2787198,5,2,20,3.0
5147346,9,1,12,14.0
4344840,8,5,13,42.0
240002,1,2,9,41.0
3784895,7,4,15,9.0
3737910,7,7,17,24.0
7005336,12,3,9,19.0
3013807,6,7,16,19.0
1704073,3,4,9,36.0
762507,2,2,12,24.0
1179093,3,2,16,1.0
2297232,4,4,13,18.0
3865178,7,3,13,19.0
2414483,5,7,18,5.0
3329896,6,6,17,58.0
3474359,6,7,7,21.0
844162,2,3,17,32.0
191252,1,1,18,117.0
272915,1,1,9,21.0
1710997,3,1,1,15.0
1660982,3,1,14,2.0
760089,2,4,15,28.0
5138091,9,2,11,15.0
916012,2,3,6,37.0
3285737,6,3,14,37.0
3581067,6,7,16,10.0
713782,2,1,8,62.0
1475179,3,7,13,47.0
241817,1,5,22,43.0
6799615,12,2,16,7.0
6646001,12,7,21,9.0
5589384,10,7,19,5.0
3784619,7,4,17,24.0
2236977,4,1,19,30.0
6611182,12,5,10,43.0
327922,1,1,21,91.0
6887764,12,5,7,34.0
92032,1,4,13,87.0
894994,2,1,13,4.0
3569774,6,6,11,29.0
2068907,4,1,22,10.0
292812,1,3,19,3.0
2548339,5,5,18,7.0
2480251,5,5,6,1.0
4725579,8,5,10,39.0
1765169,3,6,6,53.0
3975639,7,3,15,4.0
2151899,4,7,17,17.0
226114,1,1,10,15.0
6486912,12,2,6,25.0
6758984,12,1,11,14.0
2027025,4,5,18,9.0
3887271,7,7,17,83.0
6564087,12,7,14,125.0
4784699,8,6,8,4.0
1183117,3,3,17,16.0
6477033,12,6,17,5.0
3320953,6,1,14,3.0
3241184,6,7,8,44.0
1743304,3,5,12,4.0
91670,1,4,16,10.0
3289060,6,5,10,20.0
5905229,10,7,12,14.0
2664846,5,5,15,165.0
4179951,7,2,20,36.0
2401214,5,3,17,10.0
3441156,6,2,13,6.0
6655612,12,2,16,12.0
3562867,6,4,20,66.0
2545455,5,7,19,35.0
2877124,5,2,16,20.0
6919261,12,3,20,14.0
4386728,8,5,15,16.0
259208,1,4,7,16.0
2821269,5,1,12,7.0
4188445,7,2,17,3.0
6502493,12,7,9,15.0
6513061,12,4,13,1.0
2344514,4,6,15,1.0
900257,2,5,15,55.0
3108979,6,6,9,2.0
1134832,2,3,19,12.0
6841517,12,6,16,74.0
6562349,12,2,10,20.0
1083650,2,1,20,6.0
2226966,4,4,21,19.0
2140861,4,6,13,15.0
4629132,8,1,18,5.0
1599841,3,3,11,85.0
5310491,9,5,11,28.0
2353230,4,3,22,9.0
1145953,2,4,19,1.0
49518,1,5,13,7.0
1898351,4,4,13,17.0
4587512,8,4,15,11.0
6246137,11,6,10,20.0
4353067,8,3,7,3.0
1583616,3,2,10,10.0
6613302,12,2,15,38.0
3900230,7,3,17,1.0
1620342,3,1,11,27.0
3914090,7,2,10,10.0
1470312,3,3,18,20.0
2885179,5,6,13,6.0
5936464,10,5,12,17.0
4188491,7,6,20,1.0
1141433,2,5,21,22.0
3052528,6,4,6,16.0
1467038,3,1,16,14.0
1610465,3,3,11,21.0
2294674,4,7,17,4.0
413150,1,4,10,114.0
1406020,3,7,6,31.0
3852147,7,2,8,18.0
5502413,10,4,12,127.0
6797709,12,6,16,13.0
3968377,7,1,19,27.0
3508522,6,3,19,98.0
6203415,11,5,14,101.0
2825575,5,3,8,19.0
711365,2,4,19,10.0
6922136,12,2,19,35.0
6472956,12,5,10,24.0
1735728,3,4,18,90.0
78545,1,7,14,17.0
3005913,6,4,11,21.0
242921,1,3,18,1.0
946698,2,3,16,10.0
1461887,3,4,11,43.0
4769588,8,6,17,5.0
866493,2,5,21,15.0
2566744,5,3,10,54.0
2358274,4,1,16,170.0
6043554,11,4,17,194.0
3634592,7,6,18,27.0
5030377,9,4,17,27.0
6437913,11,6,9,7.0
2302478,4,6,7,39.0
4198142,7,6,16,5.0
4948956,9,6,14,37.0
4802092,8,5,16,73.0
2372814,4,5,14,58.0
2330752,4,4,10,20.0
3114111,6,5,10,12.0
3031912,6,5,17,2.0
6273341,11,7,19,27.0
655355,2,1,15,64.0
6951080,12,1,7,1.0
3145617,6,6,17,32.0
1150168,2,1,16,57.0
1709843,3,5,16,31.0
6337243,11,2,11,29.0
3589667,6,7,21,10.0
931363,2,7,17,9.0
4839444,8,3,13,16.0
1080522,2,3,11,1.0
240571,1,4,19,32.0
1893099,4,4,15,21.0
1544133,3,6,15,8.0
3215486,6,4,7,18.0
1294950,3,7,17,12.0
5669451,10,1,16,19.0
3853644,7,2,18,4.0
4132387,7,1,7,26.0
1319778,3,2,14,133.0
2925622,5,4,16,3.0
6449345,11,6,6,17.0
6776201,12,6,13,9.0
4468846,8,5,14,51.0
1341477,3,1,18,25.0
6462687,11,3,16,26.0
1585595,3,5,16,5.0
2846730,5,5,11,75.0
1749868,3,4,11,16.0
2911328,5,5,20,19.0
5351996,9,7,11,4.0
3413040,6,5,16,3.0
6150716,11,6,8,8.0
4809980,8,2,11,32.0
3056256,6,5,9,16.0
2350365,4,5,10,3.0
6860550,12,6,9,14.0
4047659,7,1,6,5.0
6930196,12,7,17,66.0
1383944,3,1,6,38.0
1537562,3,4,19,19.0
3866654,7,1,6,38.0
2293169,4,7,8,27.0
6321545,11,4,13,55.0
991396,2,3,12,54.0
3346181,6,4,16,16.0
5373807,9,6,15,17.0
3574722,6,1,8,30.0
107137,1,4,12,5.0
6892474,12,3,16,32.0
4058962,7,1,6,15.0
214251,1,2,10,115.0
2867001,5,4,16,28.0
4664748,8,1,15,10.0
2360067,4,1,18,21.0
6325238,11,6,13,65.0
2566592,5,3,16,5.0
852485,2,1,16,25.0
3442821,6,3,8,17.0
861624,2,2,6,5.0
2844936,5,7,21,16.0
3470050,6,6,8,15.0
3702245,7,2,12,1.0
5914070,10,2,20,26.0
3302739,6,7,10,80.0
2617744,5,4,10,50.0
4636735,8,5,9,9.0
6994873,12,1,14,18.0
2402000,5,3,12,7.0
5982525,11,6,7,55.0
2880164,5,5,10,18.0
1085374,2,1,15,13.0
1072343,2,5,12,29.0
4144215,7,4,16,183.0
1209392,3,4,17,6.0
2445577,5,2,15,1.0
6838217,12,1,11,1.0
2003162,4,4,20,14.0
2142733,4,2,14,44.0
1117540,2,5,23,7.0
994814,2,5,6,22.0
4111551,7,4,14,32.0
598319,1,3,6,15.0
2912439,5,2,7,20.0
1027921,2,6,19,20.0
5347291,9,4,7,19.0
6712960,12,3,13,19.0
422175,1,2,13,46.0
1496963,3,5,7,6.0
3638473,7,7,14,12.0
2794721,5,3,6,2.0
2460885,5,6,11,4.0
5964427,11,1,15,2.0
2406340,5,4,12,7.0
3544955,6,6,20,136.0
3571739,6,5,13,112.0
3882103,7,3,18,134.0
3517788,6,1,20,1.0
1589985,3,5,14,20.0
3200563,6,7,16,6.0
3515195,6,1,12,5.0
1028893,2,7,12,17.0
1330926,3,5,15,12.0
1483734,3,2,10,268.0
4946509,9,4,11,1.0
3339816,6,3,8,24.0
2606351,5,5,11,27.0
181551,1,2,20,151.0
3921500,7,2,7,43.0
4145162,7,2,18,23.0
3343107,6,7,14,3.0
434312,1,3,7,19.0
3903710,7,5,20,17.0
110470,1,2,14,78.0
449497,1,4,13,12.0
2275815,4,3,11,45.0
3044092,6,2,11,1.0
4130011,7,5,9,20.0
341032,1,4,15,24.0
2012312,4,6,19,19.0
5517994,10,4,22,33.0
1147954,2,4,18,1.0
1456913,3,7,21,5.0
6683158,12,1,9,34.0
6741662,12,3,11,2.0
1132189,2,3,17,10.0
6714062,12,4,9,8.0
2515167,5,5,11,11.0
6687277,12,2,10,19.0
1334251,3,3,7,18.0
2828682,5,5,21,21.0
2924398,5,2,20,16.0
2633037,5,3,21,39.0
4577,1,5,6,8.0
3921524,7,2,16,6.0
2878983,5,2,13,25.0
67579,1,3,10,9.0
2604374,5,6,15,133.0
5535911,10,1,15,49.0
3542359,6,1,18,19.0
3124369,6,5,13,35.0
4549917,8,2,15,123.0
1503191,3,6,13,6.0
645425,2,4,11,20.0
258155,1,3,23,8.0
3013746,6,7,21,5.0
562611,1,4,12,19.0
4969061,9,1,9,30.0
1133280,2,5,19,24.0
4307621,8,1,17,17.0
939224,2,5,17,12.0
3810930,7,7,16,14.0
3368581,6,6,15,19.0
256449,1,2,22,15.0
6798725,12,1,12,1.0
1331335,3,5,7,21.0
2503436,5,3,18,98.0
5306896,9,4,17,2.0
2005473,4,4,16,9.0
403491,1,2,11,4.0
3418135,6,7,18,18.0
2283213,4,2,13,32.0
4127173,7,4,21,4.0
4983198,9,3,17,28.0
6046173,11,7,10,21.0
2725937,5,3,9,18.0
6427319,11,7,18,17.0
1297778,3,2,8,33.0
3485458,6,5,12,3.0
2111605,4,7,17,6.0
3323433,6,7,8,17.0
979022,2,4,12,4.0
399367,1,5,17,19.0
1063663,2,2,10,13.0
6743214,12,4,13,7.0
3456903,6,4,21,15.0
6632605,12,7,10,108.0
5121693,9,1,13,6.0
2512477,5,5,14,23.0
2921122,5,1,17,10.0
1331855,3,6,8,20.0
5703832,10,3,6,15.0
4394241,8,4,19,94.0
3094757,6,3,21,57.0
418474,1,4,9,16.0
1196348,3,7,12,5.0
4105542,7,6,17,21.0
2369992,4,3,17,48.0
3148298,6,1,13,16.0
4575973,8,4,18,125.0
3103797,6,6,7,24.0
6976611,12,3,6,28.0
2197761,4,6,12,27.0
2904708,5,6,18,7.0
6840706,12,5,17,6.0
1040581,2,4,14,18.0
6575439,12,7,19,1.0
4343585,8,1,11,40.0
78129,1,7,11,78.0
3897485,7,1,19,10.0
6921585,12,6,19,8.0
6642492,12,3,21,10.0
2593574,5,6,12,56.0
5155317,9,2,17,53.0
1548950,3,5,19,20.0
2829089,5,4,16,29.0
5776055,10,1,13,24.0
3263294,6,6,10,14.0
2029871,4,1,19,30.0
2946464,5,3,9,10.0
934928,2,4,8,14.0
6786739,12,7,18,16.0
1301874,3,1,18,15.0
4059034,7,5,21,31.0
4834802,8,6,12,18.0
1409894,3,1,17,15.0
6052680,11,6,18,17.0
298504,1,3,13,9.0
4170821,7,7,18,120.0
708042,2,3,6,28.0
2704078,5,3,16,21.0
5584735,10,2,12,22.0
4231225,7,5,7,59.0
1134433,2,2,19,29.0
5936154,10,5,14,19.0
1696876,3,1,9,34.0
4123477,7,2,19,7.0
4088926,7,6,19,6.0
6932705,12,1,20,2.0
1601980,3,5,12,52.0
3771830,7,3,14,3.0
3807878,7,5,8,104.0
6806648,12,6,18,71.0
4323113,8,5,20,8.0
1016820,2,3,10,31.0
2865916,5,2,19,39.0
3153739,6,3,12,20.0
5804055,10,1,17,4.0
3686244,7,7,18,15.0
238489,1,5,13,28.0
3899459,7,2,20,31.0
2610801,5,6,6,17.0
2144496,4,4,5,29.0
272723,1,1,16,22.0
623191,2,5,19,24.0
3830788,7,4,21,25.0
5488984,10,7,10,16.0
6768529,12,4,6,22.0
4847879,9,3,20,2.0
6562505,12,2,20,14.0
682092,2,2,20,6.0
1305902,3,5,9,6.0
2545873,5,1,12,123.0
443703,1,7,15,16.0
3451135,6,4,15,8.0
3511852,6,2,13,6.0
5088041,9,7,18,48.0
1405408,3,3,19,36.0
6965333,12,7,6,32.0
4751834,8,2,16,6.0
6711497,12,2,7,26.0
3435079,6,1,17,40.0
3424599,6,1,21,29.0
509344,1,1,15,9.0
903196,2,1,9,42.0
462197,1,2,14,1.0
757854,2,1,16,59.0
4329625,8,2,19,7.0
6676719,12,1,11,27.0
4570620,8,7,14,6.0
2481086,5,6,9,27.0
3072738,6,3,18,3.0
6576213,12,5,11,17.0
4758992,8,1,10,3.0
5132084,9,2,17,34.0
3487098,6,5,8,28.0
4989943,9,2,17,1.0
165896,1,6,9,12.0
4161807,7,7,7,24.0
167741,1,2,18,15.0
1072171,2,5,7,11.0
501401,1,6,21,4.0
6390439,11,7,11,27.0
4173302,7,4,23,19.0
4430506,8,6,19,1.0
247753,1,2,10,9.0
125739,1,2,16,15.0
2987268,5,7,11,5.0
611630,2,1,10,67.0
1292145,3,6,9,64.0
1109790,2,7,22,11.0
1846340,4,7,8,1.0
1749444,3,1,10,59.0
534855,1,5,13,18.0
5955102,11,5,21,1.0
5353770,9,4,17,19.0
1613203,3,6,17,7.0
1728968,3,7,20,20.0
2591377,5,4,20,12.0
3031251,6,5,17,5.0
8932,1,7,20,4.0
1307867,3,7,10,23.0
4873790,9,4,14,15.0
4574922,8,3,10,23.0
1985634,4,2,11,59.0
4250354,8,5,21,4.0
6513668,12,4,16,29.0
6626963,12,4,18,8.0
520194,1,3,11,9.0
1576865,3,4,19,1.0
3911678,7,2,12,11.0
1245319,3,1,21,15.0
2314210,4,4,19,22.0
4825087,8,5,14,4.0
6766580,12,5,11,34.0
5415989,10,7,11,4.0
748333,2,5,15,18.0
677273,2,7,11,14.0
1676818,3,4,11,4.0
2239470,4,5,8,46.0
6410033,11,4,10,39.0
4411696,8,2,17,19.0
4459905,8,7,23,17.0
6977964,12,1,20,9.0
3831951,7,3,14,16.0
3451392,6,5,21,30.0
535242,1,6,7,10.0
1497262,3,5,18,15.0
3991892,7,2,11,44.0
1005326,2,6,6,11.0
1427765,3,2,11,18.0
3469957,6,7,11,15.0
6762357,12,5,7,16.0
1212162,3,5,7,23.0
4523384,8,6,8,10.0
1894245,4,5,6,39.0
4740493,8,6,18,7.0
6029849,11,7,11,6.0
1011527,2,6,10,23.0
2280716,4,7,10,4.0
898246,2,4,18,20.0
5584713,10,1,12,3.0
5287671,9,7,21,7.0
6835571,12,4,6,7.0
821348,2,1,14,19.0
3416666,6,3,15,33.0
5305620,9,5,17,41.0
1214161,3,5,20,5.0
3270703,6,5,14,28.0
2986551,5,7,13,12.0
6684058,12,2,6,27.0
2985355,5,5,17,11.0
1696554,3,1,11,106.0
3690541,7,1,20,1.0
1459741,3,2,11,23.0
4718228,8,4,19,7.0
4331730,8,7,8,16.0
4336093,8,7,11,2.0
6865379,12,2,13,30.0
4682231,8,4,13,51.0
2641124,5,1,13,3.0
2776715,5,4,15,20.0
1944665,4,5,13,54.0
6721893,12,3,9,61.0
3561586,6,6,19,36.0
1281812,3,2,19,27.0
1334941,3,4,13,33.0
6613319,12,2,15,5.0
3545524,6,7,15,52.0
5491109,10,4,17,146.0
3567707,6,4,7,23.0
2655626,5,5,17,59.0
2342945,4,3,19,11.0
512779,1,2,13,58.0
3937744,7,3,15,17.0
838535,2,7,14,3.0
1704639,3,1,16,26.0
4762872,8,5,12,11.0
2495803,5,3,14,4.0
1290142,3,1,14,4.0
3478673,6,3,19,6.0
1671352,3,3,13,10.0
5409899,10,5,13,19.0
6671701,12,1,22,6.0
3207350,6,4,18,18.0
3595959,6,5,19,43.0
1475627,3,7,14,22.0
2121723,4,5,10,66.0
283117,1,2,12,71.0
1299946,3,4,14,18.0
1154788,2,3,15,28.0
4493890,8,7,13,10.0
1530858,3,6,8,16.0
2188432,4,1,13,121.0
6616809,12,2,7,16.0
4310218,8,2,21,14.0
1660390,3,4,7,19.0
4050191,7,5,12,15.0
2277136,4,4,13,2.0
6088966,11,4,16,1.0
2851551,5,4,15,43.0
4992852,9,7,14,67.0
1902114,4,3,13,30.0
5313396,9,7,9,6.0
500756,1,4,14,28.0
1045248,2,5,12,14.0
4060452,7,3,16,20.0
6634608,12,7,17,161.0
3499719,6,4,14,14.0
3923760,7,4,19,21.0
5583835,10,5,13,27.0
4348753,8,2,12,22.0
4027996,7,1,15,1.0
869986,2,1,17,21.0
2205774,4,2,11,8.0
3154580,6,5,14,24.0
1255506,3,4,13,7.0
973512,2,7,21,3.0
1212556,3,5,17,44.0
6509656,12,3,19,4.0
5723573,10,4,8,105.0
1332105,3,7,18,9.0
4832244,8,4,15,11.0
2369321,4,2,16,3.0
2274672,4,4,9,21.0
5786492,10,5,18,36.0
2019231,4,5,6,33.0
750285,2,2,6,17.0
6618581,12,2,13,49.0
6596253,12,4,8,20.0
2626826,5,3,13,23.0
2208453,4,5,11,35.0
4460475,8,4,11,4.0
2820048,5,5,17,36.0
5888576,10,7,17,42.0
457835,1,2,12,5.0
4593309,8,1,17,30.0
1394004,3,7,13,15.0
6920372,12,2,19,4.0
6917212,12,2,15,1.0
4993606,9,2,13,16.0
1273066,3,7,11,3.0
4556776,8,2,10,66.0
2200685,4,2,8,17.0
3143784,6,4,11,30.0
3547175,6,3,12,24.0
544279,1,7,13,23.0
6174888,11,3,8,40.0
335203,1,3,21,4.0
708764,2,5,13,51.0
471384,1,2,19,1.0
4071336,7,3,6,28.0
5726568,10,2,13,4.0
6498031,12,6,10,20.0
1536511,3,3,9,9.0
6444497,11,4,11,149.0
835449,2,7,11,1.0
3151814,6,7,18,234.0
6535977,12,4,18,22.0
3757884,7,1,18,17.0
2993426,5,5,21,1.0
4599438,8,2,16,10.0
1896371,4,1,10,28.0
4141045,7,3,18,28.0
1248287,3,2,11,1.0
6850107,12,7,10,18.0
3861194,7,3,16,95.0
2640866,5,3,13,7.0
4189202,7,3,17,206.0
981624,2,3,10,18.0
953740,2,5,16,30.0
4722152,8,4,6,31.0
6789604,12,1,11,15.0
1806092,4,2,12,18.0
3358919,6,7,18,15.0
4438250,8,4,13,8.0
2325085,4,3,16,2.0
3963434,7,6,8,14.0
2486317,5,5,13,4.0
1636231,3,7,14,13.0
1550630,3,1,23,20.0
2403033,5,3,19,2.0
4054969,7,4,15,46.0
620007,2,4,8,27.0
6139688,11,3,10,38.0
3055,1,5,16,1.0
4731172,8,4,11,47.0
6239540,11,3,12,7.0
4043149,7,3,19,26.0
461467,1,2,15,11.0
6448460,11,6,9,16.0
352627,1,6,14,10.0
1544446,3,6,16,10.0
1720369,3,6,18,1.0
5427618,10,4,14,3.0
2482751,5,6,11,39.0
6587281,12,4,20,15.0
1122450,2,6,12,16.0
1514421,3,6,11,22.0
6610631,12,4,13,6.0
6998922,12,4,8,31.0
3738458,7,2,12,2.0
6176304,11,4,9,20.0
3357696,6,6,14,49.0
5856390,10,6,14,19.0
130622,1,4,7,32.0
5394412,10,1,21,1.0
3426394,6,6,15,55.0
620630,2,4,20,11.0
6650292,12,3,7,48.0
2592880,5,5,10,2.0
2174109,4,7,14,28.0
4660044,8,3,8,29.0
104055,1,7,18,7.0
2257223,4,2,10,19.0
1691945,3,7,16,3.0
4253177,8,5,6,7.0
4990565,9,3,10,15.0
308558,1,7,8,15.0
5317983,9,5,13,143.0
3235517,6,4,20,9.0
5796387,10,4,22,6.0
2755998,5,4,11,10.0
2556423,5,6,20,8.0
2976687,5,5,9,186.0
6749569,12,2,7,12.0
884221,2,5,19,17.0
1107200,2,1,15,21.0
1623787,3,6,10,35.0
3453637,6,4,15,53.0
1387405,3,3,19,56.0
2302120,4,7,20,16.0
5272480,9,5,14,107.0
1300493,3,5,12,36.0
6394857,11,4,12,15.0
2781859,5,2,6,4.0
553304,1,7,21,20.0
5228704,9,1,12,19.0
6621297,12,1,15,1.0
2496098,5,2,14,4.0
4141585,7,5,20,15.0
403839,1,3,11,10.0
3067058,6,2,17,20.0
1081716,2,7,12,22.0
2331800,4,6,21,5.0
859799,2,7,18,15.0
2262764,4,2,18,26.0
6044658,11,2,20,8.0
6594046,12,1,16,36.0
1374809,3,2,16,17.0
6849168,12,3,14,28.0
2119225,4,4,14,14.0
121618,1,5,13,54.0
5461688,10,7,16,3.0
6786721,12,7,16,22.0
2285878,4,6,11,21.0
6592636,12,5,10,123.0
1024612,2,3,19,40.0
5278979,9,4,14,17.0
2121766,4,5,10,99.0
6979608,12,6,12,81.0
340039,1,6,12,56.0
6047020,11,6,14,152.0
1495503,3,4,8,8.0
6380236,11,7,16,132.0
3220887,6,5,9,28.0
3852503,7,7,17,166.0
2868785,5,1,7,20.0
11502,1,7,13,11.0
5319758,9,2,8,18.0
1787275,3,5,18,14.0
4578123,8,5,10,24.0
4031234,7,4,15,131.0
2377106,4,1,11,11.0
2292596,4,4,19,64.0
3290168,6,6,15,66.0
2137455,4,2,14,14.0
4795266,8,4,15,1.0
2947775,5,5,16,142.0
6619220,12,2,19,17.0
1684300,3,6,13,6.0
4118577,7,4,8,65.0
6228377,11,1,18,29.0
4330833,8,4,9,5.0
6426586,11,7,14,70.0
1734918,3,3,22,3.0
6510603,12,3,17,6.0
6657721,12,3,18,8.0
273439,1,1,12,13.0
2631126,5,6,17,38.0
949711,2,7,19,114.0
5310678,9,4,11,20.0
3932025,7,3,9,26.0
2359040,4,6,12,23.0
2454344,5,4,17,2.0
4064796,7,3,8,7.0
1790241,3,1,17,28.0
4775038,8,3,18,7.0
2145167,4,5,20,6.0
4571665,8,2,6,48.0
4986130,9,1,16,35.0
2275752,4,5,14,9.0
2050456,4,7,7,25.0
6653802,12,2,13,23.0
3892096,7,3,18,12.0
3733132,7,7,15,10.0
6746701,12,7,13,10.0
3414502,6,5,15,14.0
3563546,6,1,17,200.0
3069260,6,2,14,2.0
2365199,4,3,7,21.0
328676,1,3,12,14.0
2512065,5,2,8,22.0
4835624,8,7,6,38.0
124008,1,4,14,35.0
3957727,7,2,11,17.0
2553809,5,2,20,2.0
5907482,10,4,20,61.0
1065445,2,2,12,29.0
1220030,3,7,17,8.0
1681928,3,1,17,7.0
1753189,3,3,17,1.0
816455,2,2,14,21.0
6078364,11,5,16,33.0
3363735,6,6,10,24.0
1772319,3,1,0,17.0
527277,1,2,15,73.0
1670463,3,6,21,35.0
3722652,7,7,21,46.0
5295990,9,6,17,13.0
3542030,6,7,17,37.0
3574116,6,1,18,17.0
1888614,4,4,19,7.0
6947936,12,6,6,16.0
1522174,3,5,11,14.0
1027759,2,1,13,18.0
567137,1,2,16,116.0
3956118,7,5,11,10.0
448596,1,3,19,24.0
3074509,6,4,19,21.0
3544333,6,5,17,124.0
6936247,12,1,10,13.0
1912850,4,6,15,5.0
4173312,7,4,18,140.0
6809709,12,3,16,9.0
4452300,8,6,7,8.0
3532275,6,4,16,1.0
2746954,5,6,14,5.0
6802190,12,6,11,4.0
4202402,7,5,0,14.0
3436093,6,1,17,2.0
5288349,9,5,11,9.0
844684,2,6,10,291.0
1293851,3,3,16,157.0
2604430,5,6,19,66.0
3963603,7,6,8,24.0
2076459,4,7,16,11.0
3840862,7,4,16,37.0
6418131,11,6,16,23.0
713840,2,3,18,10.0
252327,1,1,13,11.0
3716883,7,6,8,10.0
4773048,8,6,7,17.0
3241522,6,6,17,11.0
3780040,7,5,13,48.0
6597722,12,6,8,36.0
2453006,5,4,9,6.0
6256348,11,3,14,14.0
3116570,6,7,16,32.0
2802083,5,5,14,23.0
3404365,6,4,21,64.0
6120281,11,1,6,6.0
2846139,5,5,17,47.0
5091913,9,3,13,14.0
2102843,4,1,6,15.0
6664596,12,2,11,49.0
2598307,5,2,6,58.0
122194,1,2,15,15.0
226591,1,7,8,57.0
2274603,4,3,14,19.0
4596528,8,5,18,60.0
6207215,11,1,16,13.0
6367720,11,6,12,8.0
6838883,12,5,15,43.0
3569370,6,1,11,20.0
3575828,6,1,19,33.0
4460133,8,1,14,3.0
1487512,3,5,10,71.0
311035,1,2,10,12.0
2767924,5,3,10,28.0
6466523,12,3,19,2.0
5081325,9,1,14,12.0
1936510,4,5,6,15.0
1663958,3,6,13,14.0
6751932,12,5,14,2.0
6341613,11,7,15,26.0
6579336,12,2,13,62.0
2990032,5,2,12,21.0
5648061,10,7,14,13.0
3935135,7,4,16,17.0
5210783,9,2,8,5.0
1512165,3,2,20,103.0
6620605,12,2,13,6.0
6525049,12,7,18,13.0
4763159,8,1,18,120.0
4166146,7,6,6,15.0
606916,2,7,12,7.0
6851205,12,7,17,1.0
848011,2,5,8,8.0
1781314,3,1,1,4.0
866392,2,5,19,19.0
6790043,12,2,13,4.0
1129779,2,6,10,49.0
6774515,12,5,17,16.0
6309755,11,5,8,148.0
1544325,3,6,17,1.0
4989848,9,1,10,54.0
4168727,7,3,19,45.0
837415,2,2,17,11.0
1119727,2,1,12,44.0
5097868,9,1,15,80.0
3119545,6,4,15,19.0
2868591,5,7,15,36.0
1583232,3,2,11,5.0
6668052,12,7,6,45.0
574709,1,2,11,54.0
5335506,9,3,17,13.0
1661100,3,2,17,8.0
419048,1,4,6,10.0
2994474,5,6,6,24.0
2669112,5,2,17,111.0
2935586,5,3,17,8.0
3973928,7,7,14,269.0
1301189,3,1,16,5.0
6778067,12,7,18,10.0
1108843,2,5,15,33.0
5622772,10,6,10,137.0
2887293,5,4,18,16.0
421744,1,5,20,11.0
3623943,7,2,14,8.0
2204990,4,3,14,9.0
1284493,3,1,10,42.0
3623136,7,2,8,39.0
3224130,6,5,11,3.0
3579338,6,4,21,7.0
3035158,6,6,16,5.0
3829964,7,4,18,102.0
3156370,6,1,7,11.0
865560,2,5,17,16.0
1906732,4,7,18,14.0
2520813,5,7,16,18.0
3880657,7,2,20,26.0
5626354,10,2,15,17.0
834548,2,4,13,41.0
1787441,3,5,19,1.0
2952847,5,1,19,4.0
1424118,3,3,7,47.0
2273412,4,1,16,9.0
2252036,4,3,8,59.0
1532840,3,7,18,5.0
751479,2,4,11,18.0
759236,2,3,10,17.0
4726757,8,2,6,23.0
6717303,12,6,16,16.0
1805410,4,1,12,4.0
3955261,7,4,12,247.0
6677260,12,6,13,54.0
3484228,6,1,20,3.0
490518,1,2,9,10.0
5286161,9,5,17,119.0
6366655,11,4,16,25.0
2863808,5,5,19,15.0
492822,1,1,20,5.0
3520719,6,4,22,9.0
2123829,4,1,11,2.0
3101887,6,2,11,42.0
4336381,8,6,10,21.0
4741375,8,4,21,19.0
3124127,6,6,15,23.0
3468892,6,6,22,14.0
4744257,8,4,13,20.0
2480894,5,6,14,23.0
6232984,11,6,16,1.0
342914,1,1,9,5.0
3927520,7,7,15,38.0
1817089,4,5,15,1.0
3599154,6,7,14,6.0
4591574,8,6,13,16.0
5291931,9,7,14,7.0
7001791,12,7,14,76.0
6884836,12,1,14,17.0
4379959,8,7,18,63.0
6998001,12,4,15,27.0
3237271,6,7,16,42.0
1258755,3,5,21,16.0
4829391,8,2,21,1.0
6386218,11,7,19,3.0
4841133,8,4,15,334.0
4711455,8,4,7,18.0
2984225,5,4,14,23.0
468464,1,2,19,9.0
5917801,10,4,17,22.0
5019201,9,4,11,8.0
1084102,2,1,17,28.0
1101806,2,3,11,24.0
5057662,9,7,21,17.0
5284123,9,6,12,24.0
5053129,9,3,16,17.0
4848111,9,4,21,2.0
256247,1,2,14,20.0
3192469,6,2,19,19.0
6846943,12,1,6,6.0
3457162,6,5,18,8.0
370747,1,6,9,31.0
4798235,8,4,18,5.0
4800691,8,1,14,62.0
6678638,12,7,12,55.0
6501028,12,7,17,6.0
1650168,3,5,11,2.0
6507752,12,2,7,43.0
4674515,8,5,11,15.0
1948130,4,4,19,32.0
3345699,6,2,18,12.0
5275700,9,1,7,9.0
2359009,4,7,6,16.0
3355539,6,3,11,15.0
346685,1,3,11,12.0
3584284,6,3,11,21.0
2610267,5,6,18,57.0
1249879,3,2,10,22.0
2133695,4,4,10,16.0
5292791,9,1,12,18.0
6137187,11,5,19,93.0
4124630,7,2,11,32.0
893824,2,7,16,17.0
996071,2,1,19,115.0
3250428,6,2,8,5.0
4652812,8,5,17,17.0
4591719,8,6,22,9.0
1631732,3,7,21,18.0
2971986,5,5,8,15.0
6881006,12,3,9,7.0
3218018,6,5,11,18.0
958628,2,5,8,35.0
6747274,12,1,18,46.0
1121530,2,5,18,14.0
4665861,8,3,17,44.0
1572096,3,5,17,3.0
5102583,9,5,18,67.0
446158,1,2,18,9.0
2838755,5,5,16,6.0
1955032,4,2,10,30.0
874714,2,5,9,3.0
4342052,8,2,11,5.0
3077714,6,5,17,20.0
4027210,7,6,6,17.0
5045911,9,1,15,7.0
6769241,12,7,16,4.0
6315940,11,5,8,1.0
162945,1,1,16,69.0
3401338,6,2,18,46.0
1304048,3,3,14,6.0
4463621,8,1,20,3.0
2155927,4,5,19,16.0
719705,2,2,13,52.0
2903150,5,3,12,5.0
420688,1,2,11,54.0
2644504,5,3,7,11.0
4744345,8,6,14,37.0
5670267,10,1,6,16.0
904656,2,2,13,52.0
3394521,6,1,10,6.0
2640882,5,5,13,10.0
6118230,11,1,16,12.0
3568300,6,4,17,6.0
497493,1,2,19,6.0
4360652,8,4,8,20.0
6789526,12,1,12,16.0
3008211,6,5,15,6.0
2518151,5,1,13,10.0
4363820,8,5,17,53.0
3496303,6,5,14,38.0
4112476,7,3,19,9.0
6479153,12,7,18,20.0
2266411,4,7,9,53.0
1717691,3,6,19,30.0
2590068,5,4,10,22.0
3474239,6,7,10,39.0
1015854,2,5,16,1.0
1920789,4,5,7,15.0
3775177,7,4,20,19.0
4274277,8,5,15,3.0
2377178,4,1,7,16.0
2085881,4,3,12,33.0
1600822,3,5,11,17.0
4440066,8,5,12,25.0
5083495,9,3,20,2.0
2549681,5,1,6,17.0
1547145,3,3,17,2.0
2302496,4,3,7,20.0
2326251,4,3,8,13.0
4282975,8,7,19,24.0
2201481,4,1,14,22.0
5608341,10,1,7,11.0
6870361,12,7,11,24.0
5859416,10,3,18,24.0
6248227,11,6,10,9.0
1482019,3,7,16,4.0
4360312,8,1,16,30.0
700139,2,4,6,19.0
744477,2,1,15,206.0
1147059,2,6,12,3.0
2212870,4,1,12,15.0
4388329,8,1,17,33.0
281752,1,1,9,39.0
5136791,9,7,6,44.0
1642996,3,6,12,15.0
1643528,3,3,6,57.0
1842569,4,5,15,26.0
3392803,6,6,10,1.0
1246127,3,1,12,8.0
3074007,6,4,14,10.0
1426389,3,7,17,16.0
3557900,6,7,13,132.0
2325758,4,2,19,26.0
6573220,12,3,16,211.0
1041300,2,2,21,20.0
2279230,4,7,20,13.0
2937184,5,6,16,18.0
2361211,4,2,19,34.0
1576693,3,7,8,84.0
3780161,7,2,16,41.0
5718012,10,3,16,6.0
3119305,6,2,7,42.0
443772,1,4,13,26.0
5300229,9,1,13,29.0
1623697,3,6,11,12.0
1589270,3,2,18,4.0
4116053,7,7,18,21.0
1701653,3,7,7,28.0
5116602,9,4,17,3.0
1544046,3,6,15,211.0
6562935,12,1,14,15.0
290950,1,1,7,26.0
1744568,3,4,16,25.0
409876,1,1,15,51.0
389056,1,2,11,30.0
6944032,12,3,14,4.0
3397306,6,3,14,5.0
6029296,11,7,13,18.0
3756613,7,6,11,17.0
1338497,3,3,16,28.0
1954587,4,2,12,10.0
3487177,6,4,10,42.0
4584288,8,7,6,3.0
1169823,2,7,17,27.0
5098586,9,1,13,14.0
6488162,12,3,20,154.0
6507645,12,2,17,2.0
1336210,3,7,16,30.0
6215767,11,1,9,9.0
1113824,2,3,20,9.0
2779208,5,6,20,7.0
2240846,4,7,19,24.0
4223782,7,7,16,85.0
4991333,9,4,10,7.0
598160,1,3,8,19.0
3562597,6,4,9,23.0
3550057,6,1,6,16.0
6866235,12,6,11,82.0
1230436,3,3,19,7.0
1005677,2,3,19,9.0
4941999,9,6,15,20.0
1418144,3,5,20,1.0
3500598,6,1,6,47.0
2893500,5,5,6,39.0
58351,1,1,12,19.0
5384365,9,1,13,15.0
2293684,4,3,13,46.0
4039591,7,6,17,12.0
5838489,10,5,15,22.0
2976209,5,5,22,16.0
2858940,5,3,11,17.0
975452,2,3,7,34.0
1090829,2,5,16,19.0
6957682,12,7,18,14.0
2901363,5,1,13,24.0
278128,1,5,9,4.0
3122411,6,1,20,90.0
6964570,12,6,9,14.0
1895353,4,5,12,6.0
4586051,8,6,5,23.0
6316493,11,3,15,4.0
3301959,6,6,15,8.0
610575,2,1,10,24.0
4612725,8,6,16,29.0
6631455,12,3,17,21.0
253765,1,4,17,14.0
366671,1,6,13,17.0
3451413,6,5,21,18.0
759814,2,4,13,36.0
6203220,11,5,17,112.0
5376739,9,2,11,36.0
2008642,4,7,15,6.0
6210826,11,4,21,15.0
1913857,4,4,11,18.0
2068406,4,7,10,26.0
9363,1,7,17,16.0
834737,2,4,18,67.0
6789445,12,1,19,40.0
6203794,11,5,8,41.0
1937808,4,7,15,16.0
4680420,8,7,16,15.0
5326908,9,6,9,14.0
3157391,6,3,15,90.0
6496,1,6,10,8.0
6982264,12,3,18,3.0
1024704,2,4,14,11.0
1069305,2,7,6,17.0
648127,2,5,21,4.0
2115273,4,2,19,11.0
1110873,2,2,17,4.0
6541763,12,6,7,9.0
5969493,11,2,13,4.0
4445382,8,2,16,5.0
5266226,9,1,15,2.0
3027518,6,4,6,13.0
1505812,3,6,16,11.0
4502611,8,4,15,7.0
2057322,4,5,20,8.0
3948702,7,2,16,1.0
3181558,6,3,16,33.0
118072,1,4,9,213.0
644890,2,4,16,2.0
6773584,12,7,17,39.0
3672574,7,3,8,7.0
1604013,3,5,12,5.0
5127128,9,5,18,17.0
2186047,4,1,16,56.0
1698293,3,4,9,11.0
4056194,7,5,7,36.0
4281199,8,7,15,8.0
6492512,12,4,10,44.0
1096515,2,2,9,20.0
1017034,2,4,10,24.0
6072101,11,7,14,2.0
3512132,6,4,19,56.0
6605286,12,6,8,19.0
1529151,3,7,13,19.0
131515,1,5,9,16.0
2189291,4,5,20,157.0
6611456,12,6,11,167.0
232415,1,6,8,20.0
3413152,6,7,19,10.0
842369,2,1,8,17.0
2603481,5,5,6,17.0
6048594,11,4,13,5.0
6894383,12,1,21,20.0
3419194,6,1,7,57.0
3282575,6,7,10,8.0
424685,1,7,17,43.0
6483406,12,1,9,18.0
5699450,10,1,11,2.0
5876647,10,1,22,15.0
1788218,3,6,16,115.0
3576194,6,3,8,16.0
6443372,11,5,17,75.0
5218927,9,5,17,14.0
6605091,12,5,16,27.0
3947983,7,2,17,126.0
4387566,8,6,11,126.0
1970492,4,2,19,3.0
3224032,6,4,15,16.0
6535921,12,4,15,24.0
5858883,10,2,14,60.0
5083100,9,2,12,44.0
6618077,12,2,19,7.0
705550,2,6,12,5.0
1072075,2,6,8,18.0
6498948,12,6,14,4.0
2021894,4,4,19,44.0
3411919,6,7,12,261.0
6204258,11,6,17,59.0
682817,2,2,19,13.0
4765140,8,1,16,2.0
6662904,12,5,14,22.0
3115178,6,1,17,78.0
624081,2,5,15,35.0
6572735,12,3,13,125.0
4070182,7,3,15,11.0
1191724,3,5,10,12.0
2397,1,5,20,43.0
1059428,2,1,6,45.0
6286656,11,5,14,3.0
873722,2,4,17,20.0
4225498,7,1,8,2.0
4087740,7,6,17,79.0
8723,1,7,19,5.0
417022,1,3,22,25.0
3409231,6,6,11,23.0
4255766,8,6,8,76.0
488092,1,3,17,41.0
917193,2,4,11,12.0
5939496,10,1,9,42.0
3988483,7,5,12,3.0
6652126,12,2,14,2.0
3858634,7,7,13,8.0
144225,1,2,16,33.0
971070,2,1,15,16.0
705387,2,4,16,30.0
3902347,7,4,14,19.0
980252,2,6,13,71.0
2206438,4,1,6,21.0
1941708,4,1,11,5.0
1843955,4,6,15,12.0
4258847,8,7,15,70.0
3489797,6,7,21,25.0
2140145,4,5,13,1.0
3038576,6,7,13,4.0
3507849,6,4,9,63.0
1339792,3,5,11,10.0
80165,1,7,19,5.0
1904347,4,4,18,29.0
1285142,3,3,8,29.0
2090167,4,4,13,15.0
934343,2,2,20,15.0
5340178,9,6,11,17.0
1308837,3,7,16,151.0
3839722,7,2,15,12.0
2500853,5,5,6,9.0
3684008,7,6,18,1.0
5708244,10,6,6,22.0
158654,1,1,20,21.0
2085211,4,3,21,5.0
2947424,5,4,17,19.0
3701579,7,4,20,112.0
3462042,6,4,20,4.0
3386983,6,4,11,11.0
2515480,5,7,17,119.0
2916862,5,3,21,12.0
4804935,8,2,6,58.0
5839983,10,5,7,17.0
4396913,8,1,21,9.0
1287564,3,4,16,12.0
3009651,6,6,15,8.0
5140147,9,5,16,1.0
66054,1,3,17,2.0
1140534,2,3,7,12.0
3801135,7,1,16,64.0
701715,2,5,6,34.0
3513574,6,4,17,82.0
3642595,7,1,8,27.0
3323039,6,1,12,2.0
2204575,4,4,8,30.0
584026,1,6,14,16.0
1980821,4,2,19,31.0
5221116,9,5,16,25.0
590628,1,4,7,19.0
2276376,4,4,16,16.0
2248510,4,1,13,8.0
3885588,7,5,10,21.0
3254322,6,7,23,3.0
6359392,11,4,16,15.0
4569314,8,5,8,15.0
4274623,8,5,12,4.0
430175,1,6,19,2.0
5468898,10,2,9,6.0
1777483,3,5,6,52.0
1131639,2,2,19,13.0
401429,1,2,14,6.0
6573957,12,2,18,208.0
4178755,7,7,13,252.0
3454031,6,5,19,17.0
4063599,7,7,11,29.0
1605355,3,1,9,3.0
1329800,3,3,19,10.0
5746335,10,2,11,3.0
4869161,9,3,13,30.0
2838805,5,4,19,15.0
5587398,10,2,18,34.0
6995558,12,2,16,17.0
1002650,2,5,13,27.0
5833829,10,2,15,8.0
1277998,3,7,17,10.0
520962,1,1,19,2.0
504648,1,2,18,16.0
6907908,12,2,17,11.0
6872776,12,4,6,39.0
4138496,7,4,17,47.0
161376,1,5,7,60.0
5663960,10,3,8,19.0
4024361,7,3,18,67.0
6847361,12,2,9,2.0
6964737,12,6,9,7.0
6923583,12,3,14,10.0
3550347,6,2,19,32.0
2419499,5,1,6,18.0
1467257,3,1,6,32.0
4215077,7,7,18,15.0
6324946,11,7,7,18.0
2539615,5,5,9,96.0
2941538,5,7,17,48.0
3555237,6,7,18,21.0
3399752,6,2,21,1.0
394573,1,4,15,9.0
6738768,12,1,18,7.0
5122371,9,1,9,31.0
2474041,5,4,12,17.0
2982227,5,3,18,13.0
6091225,11,5,18,16.0
6564160,12,7,15,71.0
2955989,5,1,8,18.0
60692,1,1,7,55.0
2732631,5,2,10,17.0
3854525,7,1,17,24.0
6843383,12,1,8,27.0
1915438,4,4,12,27.0
6750293,12,3,7,32.0
5245592,9,6,17,6.0
985018,2,5,17,5.0
1585813,3,7,6,13.0
1499068,3,7,8,11.0
2713444,5,5,9,17.0
1660269,3,3,8,47.0
6697004,12,3,16,4.0
1212658,3,5,13,3.0
3681418,7,5,11,10.0
6552646,12,2,11,4.0
4981167,9,5,9,20.0
5578909,10,3,8,50.0
6176779,11,5,6,16.0
2867869,5,1,16,15.0
5337596,9,7,17,29.0
453088,1,1,15,54.0
6195386,11,7,10,28.0
1707200,3,4,12,13.0
3654238,7,4,21,4.0
773966,2,3,11,22.0
397451,1,4,17,7.0
6555737,12,3,13,16.0
560305,1,7,12,17.0
6169127,11,5,15,8.0
4114136,7,2,9,6.0
4057899,7,2,12,65.0
2021384,4,4,10,13.0
1121625,2,5,15,9.0
521154,1,7,21,3.0
6496286,12,5,14,8.0
2973882,5,5,7,50.0
791670,2,1,16,115.0
1074515,2,7,17,7.0
4247436,8,4,21,3.0
3974103,7,1,9,13.0
6797538,12,6,10,19.0
2039485,4,3,16,13.0
391293,1,6,8,106.0
3508195,6,6,11,12.0
3416345,6,3,11,6.0
1517097,3,7,19,3.0
5608901,10,5,17,7.0
2912282,5,7,13,20.0
3468358,6,7,17,2.0
4581395,8,4,14,25.0
426370,1,4,17,31.0
2220363,4,5,16,60.0
5014043,9,7,11,98.0
2239953,4,1,14,8.0
3553145,6,7,16,206.0
4012593,7,7,10,16.0
1157353,2,7,14,99.0
5361573,9,5,17,53.0
3923589,7,3,15,355.0
6386386,11,1,20,4.0
6161843,11,7,11,20.0
1088487,2,1,15,6.0
1502369,3,7,21,26.0
4785479,8,1,8,3.0
4402865,8,5,17,3.0
836496,2,5,17,19.0
1199833,3,1,6,24.0
6603098,12,1,17,100.0
4031739,7,1,16,123.0
6459963,11,1,8,8.0
3993376,7,4,13,10.0
3418041,6,7,17,10.0
2617884,5,4,10,16.0
5327677,9,1,13,1.0
2368936,4,2,21,43.0
1594937,3,6,13,48.0
1898140,4,3,19,69.0
706812,2,5,16,3.0
2593463,5,6,7,1.0
942334,2,3,7,93.0
6912350,12,6,17,4.0
2749296,5,2,7,35.0
6639221,12,3,6,24.0
1976771,4,6,12,4.0
1584824,3,3,11,8.0
2603158,5,5,10,8.0
2424466,5,2,11,8.0
2287974,4,3,12,26.0
3500104,6,4,16,6.0
5784533,10,7,9,10.0
1182853,3,3,18,11.0
2057110,4,5,9,19.0
212806,1,1,18,146.0
3245009,6,4,17,6.0
985081,2,2,15,23.0
153594,1,7,14,14.0
5651411,10,2,12,2.0
4655737,8,2,6,11.0
1010039,2,5,21,7.0
2213227,4,1,21,40.0
5630972,10,6,20,36.0
4787482,8,4,19,22.0
3475337,6,5,13,11.0
6147218,11,7,13,16.0
6612866,12,2,10,3.0
3480296,6,6,13,4.0
3410767,6,5,11,18.0
2457581,5,5,18,20.0
1954358,4,1,9,16.0
3094414,6,1,8,1.0
3841747,7,7,17,11.0
919026,2,5,11,1.0
4219118,7,3,18,38.0
2297663,4,4,13,33.0
4053053,7,3,21,16.0
3942395,7,2,16,51.0
2067852,4,7,7,22.0
3221236,6,4,9,39.0
2504987,5,2,9,11.0
6965115,12,7,8,23.0
4746567,8,2,15,5.0
6712134,12,2,7,40.0
1750904,3,6,9,17.0
2560830,5,6,9,1.0
3962471,7,2,19,11.0
4329573,8,5,10,6.0
822666,2,6,17,40.0
1693607,3,5,6,38.0
3111099,6,2,18,26.0
4566893,8,7,12,106.0
3441403,6,6,10,24.0
6361558,11,4,10,41.0
1992425,4,5,16,8.0
3387239,6,3,19,2.0
878056,2,1,6,18.0
6951563,12,2,11,14.0
5207986,9,6,7,33.0
874419,2,5,8,33.0
4730649,8,5,11,13.0
956705,2,2,19,12.0
1614211,3,1,10,26.0
6322150,11,5,16,17.0
3245640,6,1,14,11.0
3898680,7,2,7,35.0
6614187,12,5,12,7.0
1690049,3,7,19,16.0
2076738,4,7,9,3.0
3194479,6,4,10,12.0
2370948,4,3,11,16.0
5639677,10,7,16,13.0
3073861,6,4,15,39.0
3005429,6,4,16,1.0
4062370,7,1,19,17.0
162758,1,1,21,20.0
3730897,7,2,14,8.0
2020100,4,2,14,19.0
2208081,4,6,0,7.0
5558774,10,6,12,68.0
5053616,9,3,13,12.0
4051341,7,3,13,7.0
2107450,4,5,11,10.0
2816960,5,5,17,18.0
3981426,7,3,8,15.0
2345122,4,3,13,19.0
3481285,6,7,18,5.0
2031859,4,4,16,130.0
2576415,5,2,17,24.0
585509,1,3,20,2.0
4822697,8,4,17,7.0
7000244,12,5,11,22.0
6948517,12,1,7,3.0
1811673,4,3,20,17.0
7005429,12,3,10,67.0
994089,2,4,13,33.0
247212,1,7,14,11.0
1289042,3,5,13,9.0
637876,2,2,20,36.0
3822406,7,7,8,18.0
2383400,4,6,12,11.0
2807447,5,5,15,14.0
6513170,12,4,15,9.0
4028077,7,7,17,15.0
1737249,3,7,15,15.0
4751095,8,5,9,3.0
2655632,5,5,8,19.0
3367007,6,4,14,50.0
545192,1,2,17,24.0
4840563,8,3,20,7.0
6607067,12,3,20,7.0
3408661,6,1,11,20.0
2363785,4,2,17,1.0
2118743,4,5,19,1.0
409915,1,2,18,6.0
707657,2,2,17,19.0
3527867,6,1,15,9.0
6156507,11,7,11,27.0
3077323,6,5,10,7.0
6986397,12,4,7,19.0
1061602,2,5,21,5.0
3558498,6,3,10,26.0
3280581,6,6,14,18.0
5519275,10,5,9,25.0
118528,1,5,12,1.0
302186,1,4,8,1.0
2992866,5,5,11,23.0
1510052,3,1,18,23.0
1907609,4,4,17,9.0
5619669,10,4,20,13.0
2936027,5,4,16,16.0
4637238,8,3,16,104.0
384125,1,2,10,5.0
6958705,12,2,18,68.0
1008864,2,4,16,16.0
5908828,10,2,17,65.0
6988831,12,1,16,15.0
445789,1,2,16,17.0
6804731,12,3,6,15.0
6952703,12,5,11,35.0
5454760,10,5,13,3.0
3245914,6,2,16,19.0
2457458,5,5,6,15.0
3077970,6,5,10,5.0
6925312,12,3,6,39.0
6648671,12,5,18,3.0
3183890,6,4,15,1.0
4943527,9,2,19,6.0
2756796,5,5,20,13.0
6904631,12,1,14,7.0
6803974,12,2,9,4.0
2874286,5,6,14,12.0
2581560,5,5,6,25.0
3927018,7,6,18,8.0
4467880,8,3,21,18.0
885173,2,5,10,36.0
243002,1,5,8,22.0
99882,1,6,6,18.0
2550563,5,2,11,12.0
6439146,11,4,17,99.0
5942679,11,1,15,19.0
4996765,9,2,17,19.0
4176925,7,4,13,51.0
4748461,8,3,23,5.0
5594825,10,7,16,62.0
1610846,3,3,9,32.0
1536064,3,2,9,22.0
4117897,7,3,19,31.0
3954668,7,4,14,184.0
6419904,11,2,18,35.0
1332023,3,7,10,17.0
3364519,6,7,11,39.0
3491422,6,3,16,10.0
464483,1,7,13,11.0
4465033,8,2,9,39.0
6022611,11,5,14,6.0
3229834,6,7,17,4.0
1616844,3,5,21,6.0
6892809,12,4,17,152.0
1469101,3,2,9,16.0
2044030,4,2,9,80.0
1147863,2,4,19,33.0
6899239,12,2,7,83.0
4117926,7,2,11,49.0
3887564,7,7,10,2.0
3505908,6,5,15,111.0
2337827,4,2,6,5.0
716295,2,1,8,25.0
5603154,10,1,10,19.0
5660999,10,4,19,17.0
492350,1,5,18,7.0
4286382,8,1,6,10.0
2301132,4,5,10,12.0
6530877,12,2,15,2.0
4065459,7,4,10,25.0
6657910,12,1,18,22.0
1899908,4,1,17,43.0
638567,2,2,7,55.0
851916,2,1,11,40.0
1642997,3,6,12,18.0
1440993,3,1,13,2.0
1084329,2,1,21,6.0
1001120,2,5,15,18.0
6954799,12,1,9,33.0
3786845,7,5,10,15.0
5014161,9,7,11,71.0
6374816,11,4,11,25.0
4135475,7,2,9,18.0
2496142,5,3,16,25.0
6869973,12,7,7,66.0
6260046,11,1,14,7.0
846043,2,3,17,27.0
5102910,9,5,15,17.0
3344418,6,5,16,22.0
4659171,8,7,18,3.0
1496086,3,4,10,50.0
1902015,4,3,15,17.0
4044768,7,7,19,10.0
6707137,12,5,13,12.0
2596280,5,1,15,125.0
1451315,3,2,15,12.0
4985996,9,1,9,15.0
4348011,8,5,13,46.0
4147000,7,5,18,2.0
6779322,12,1,10,26.0
6875647,12,3,11,25.0
3833667,7,7,15,10.0
3697009,7,3,11,32.0
6310092,11,4,13,19.0
6912019,12,5,16,149.0
4989335,9,1,14,38.0
3220104,6,5,15,15.0
4865906,9,2,9,172.0
5445436,10,2,11,21.0
4992028,9,6,13,53.0
3377702,6,5,12,13.0
3210215,6,6,12,8.0
5524410,10,5,10,3.0
4674709,8,2,18,37.0
6646348,12,5,6,82.0
3204214,6,2,6,16.0
6231258,11,7,6,22.0
1531388,3,1,17,15.0
3922033,7,2,18,105.0
2246198,4,4,19,24.0
3563208,6,3,18,97.0
753497,2,7,12,16.0
2191184,4,6,7,17.0
6417172,11,4,16,87.0
4809216,8,2,19,2.0
1151827,2,5,16,17.0
4567920,8,5,13,7.0
1025408,2,7,18,40.0
226148,1,4,8,17.0
2547442,5,4,20,39.0
6665313,12,2,17,42.0
334633,1,3,16,20.0
510538,1,4,15,6.0
6614662,12,6,11,59.0
456290,1,7,6,14.0
1602592,3,4,20,7.0
3731956,7,3,19,105.0
5028941,9,3,6,4.0
1457571,3,7,16,28.0
6640428,12,1,8,16.0
6348027,11,4,11,26.0
5962403,11,7,18,43.0
2008532,4,6,12,3.0
3774737,7,4,17,22.0
1579297,3,5,13,8.0
3721098,7,7,21,79.0
4174189,7,6,21,25.0
1433115,3,2,6,157.0
2366815,4,7,7,26.0
4222280,7,5,11,8.0
1576992,3,7,8,4.0
3203476,6,2,7,19.0
6709776,12,7,20,45.0
1008555,2,5,17,15.0
4513195,8,5,15,28.0
5875872,10,6,14,29.0
1758273,3,4,17,2.0
1281535,3,4,6,6.0
1814925,4,4,19,8.0
555557,1,5,19,32.0
6927936,12,6,10,23.0
1473985,3,6,17,31.0
1626933,3,2,10,17.0
3905140,7,7,7,15.0
3708033,7,7,16,4.0
6350482,11,4,6,27.0
389099,1,4,12,20.0
2983146,5,4,18,36.0
5392945,10,7,20,9.0
1463828,3,5,14,26.0
297388,1,2,14,17.0
4182559,7,4,11,33.0
5098541,9,1,6,22.0
1761927,3,7,17,15.0
6836381,12,4,18,25.0
1026139,2,4,18,14.0
1970159,4,2,14,11.0
5060934,9,5,13,83.0
2010824,4,2,8,30.0
1913030,4,7,19,107.0
6980680,12,5,10,319.0
6974090,12,7,12,96.0
3544650,6,5,7,16.0
4502838,8,4,16,41.0
721069,2,5,12,5.0
6631479,12,7,18,24.0
2812126,5,5,22,25.0
1721852,3,2,19,10.0
5486745,10,3,11,16.0
3239213,6,2,11,34.0
6563692,12,7,18,57.0
5955005,11,5,16,7.0
346283,1,4,18,27.0
3495877,6,1,18,6.0
3349964,6,3,15,269.0
2934207,5,7,15,42.0
253045,1,7,10,22.0
2240495,4,1,16,16.0
5075442,9,3,9,4.0
1455740,3,6,16,8.0
3900082,7,3,19,131.0
3498599,6,4,8,27.0
4403675,8,6,6,26.0
1630868,3,6,13,9.0
1702926,3,6,18,10.0
4094587,7,4,17,17.0
6192799,11,5,17,19.0
3599393,6,1,18,20.0
3594516,6,4,19,2.0
6203495,11,5,5,22.0
5103423,9,5,9,20.0
543991,1,6,13,6.0
1660743,3,7,14,16.0
6205046,11,6,7,16.0
255716,1,7,10,4.0
3424126,6,4,12,30.0
4387783,8,7,14,22.0
2479207,5,5,17,8.0
6575623,12,6,8,11.0
4592554,8,7,19,2.0
401935,1,5,9,7.0
1775757,3,3,8,36.0
5928332,10,6,8,21.0
4609784,8,2,8,21.0
874373,2,4,11,8.0
5472763,10,4,11,9.0
2048682,4,6,17,5.0
3980238,7,1,13,4.0
1529113,3,7,10,12.0
2224436,4,1,18,6.0
3442384,6,3,12,6.0
6240479,11,6,12,15.0
4491599,8,5,12,8.0
6907470,12,2,19,47.0
1503795,3,5,12,5.0
5730466,10,1,21,2.0
868507,2,7,7,15.0
6923416,12,6,10,67.0
3434039,6,7,19,33.0
4066924,7,6,10,74.0
702725,2,2,16,83.0
6670676,12,7,7,45.0
6532912,12,3,13,2.0
6936063,12,5,18,3.0
2866396,5,4,11,23.0
1794008,4,5,17,25.0
875568,2,5,17,21.0
3039417,6,1,17,204.0
3526225,6,4,19,2.0
6977337,12,2,8,9.0
1128678,2,4,15,4.0
1727839,3,5,9,14.0
507691,1,4,19,40.0
3456464,6,7,17,23.0
535384,1,6,20,2.0
4015696,7,3,19,11.0
2503529,5,3,6,17.0
3704104,7,2,15,1.0
4468994,8,3,18,31.0
1304106,3,5,18,6.0
1555743,3,7,13,27.0
254374,1,2,11,13.0
2374253,4,6,6,3.0
2833906,5,1,22,8.0
1218589,3,7,20,5.0
2817128,5,6,15,30.0
614224,2,2,15,26.0
4806756,8,5,11,25.0
6552113,12,2,16,2.0
5480382,10,4,13,82.0
4312221,8,2,18,2.0
3522608,6,7,12,77.0
1030422,2,4,21,42.0
163269,1,2,21,15.0
6198802,11,7,14,19.0
3704124,7,6,17,18.0
5886649,10,3,12,2.0
4016427,7,3,7,2.0
914306,2,6,9,2.0
6567374,12,3,12,16.0
3215986,6,4,9,69.0
2217617,4,7,9,21.0
1523274,3,1,7,15.0
910028,2,3,11,14.0
1941170,4,7,20,13.0
2667698,5,1,8,18.0
3784104,7,3,16,142.0
5664843,10,4,9,2.0
3979615,7,1,16,18.0
4783232,8,4,18,16.0
6836299,12,1,12,17.0
3590331,6,7,20,7.0
5222343,9,5,18,17.0
1504443,3,4,16,21.0
2463039,5,7,16,1.0
2145149,4,5,16,14.0
4657131,8,2,18,21.0
6558482,12,7,12,9.0
5702496,10,1,16,28.0
6678467,12,1,10,85.0
4572975,8,3,12,14.0
6885505,12,5,13,3.0
6684245,12,6,13,27.0
50254,1,5,22,1.0
2823099,5,4,18,44.0
2502937,5,3,8,15.0
885979,2,5,17,13.0
2207719,4,5,20,17.0
1225280,3,2,19,5.0
3976422,7,4,21,6.0
6905378,12,1,19,32.0
488060,1,3,14,10.0
6142794,11,1,18,3.0
577519,1,5,7,50.0
5021371,9,5,8,9.0
4113714,7,3,8,15.0
516207,1,6,7,12.0
2187008,4,6,16,33.0
3547556,6,4,7,18.0
1022969,2,6,6,18.0
2290402,4,4,7,17.0
1745671,3,4,15,135.0
6765082,12,4,15,4.0
1995351,4,6,17,38.0
459387,1,1,10,9.0
3984292,7,7,17,95.0
519173,1,3,19,66.0
4653868,8,7,18,20.0
2956623,5,4,14,25.0
2044914,4,3,17,31.0
6014726,11,2,21,11.0
5677473,10,7,14,27.0
3848455,7,2,10,10.0
6634026,12,5,14,6.0
1002522,2,2,11,4.0
2354303,4,4,14,46.0
4267002,8,3,21,11.0
2030310,4,2,8,15.0
3001565,6,3,16,2.0
3109216,6,2,16,50.0
6880661,12,6,10,15.0
6748993,12,2,14,16.0
3801194,7,1,17,88.0
1135283,2,2,11,24.0
3594277,6,3,16,7.0
620289,2,4,9,16.0
6176086,11,4,12,46.0
4137754,7,3,16,50.0
1143144,2,2,9,49.0
5916704,10,5,9,21.0
2505052,5,1,19,1.0
1108465,2,4,12,20.0
3184349,6,4,21,1.0
1767106,3,4,9,16.0
2660430,5,2,20,22.0
6514514,12,4,11,11.0
6721396,12,3,8,39.0
2539202,5,5,7,81.0
4126777,7,1,13,21.0
6932577,12,4,15,12.0
901451,2,6,7,57.0
965596,2,6,16,4.0
4308995,8,1,19,27.0
2218308,4,4,18,23.0
3154950,6,5,13,1.0
2242992,4,2,10,4.0
1447329,3,6,15,24.0
2609489,5,4,13,4.0
1299711,3,4,16,16.0
4778235,8,4,11,9.0
1765658,3,4,18,11.0
4390613,8,4,9,4.0
6030686,11,7,19,30.0
6864045,12,2,17,52.0
3239139,6,4,19,44.0
4156961,7,3,16,27.0
3103521,6,1,20,34.0
3663116,7,7,18,38.0
5159810,9,6,18,17.0
93882,1,4,15,77.0
6517755,12,5,15,16.0
208295,1,5,12,261.0
2088988,4,4,15,3.0
2117859,4,5,16,15.0
651375,2,6,12,10.0
1407447,3,7,17,7.0
2809636,5,3,12,2.0
1502506,3,5,12,4.0
3070717,6,3,15,58.0
503394,1,5,19,6.0
2209829,4,5,21,16.0
1002853,2,5,11,22.0
5699180,10,2,13,7.0
4118727,7,4,17,39.0
2467871,5,2,19,12.0
6054951,11,2,21,17.0
4293982,8,4,16,46.0
5800184,10,4,12,1.0
2605584,5,1,15,16.0
6518211,12,5,11,31.0
6324700,11,5,16,12.0
6839316,12,7,12,60.0
6463481,11,4,8,26.0
2250918,4,4,21,15.0
2679816,5,3,10,16.0
444142,1,2,18,6.0
5274264,9,6,10,5.0
2395031,5,1,8,24.0
92882,1,4,20,1.0
1728934,3,6,12,39.0
3422632,6,6,19,2.0
518729,1,5,8,20.0
299344,1,3,7,1.0
6972185,12,2,7,106.0
2911346,5,2,20,14.0
762027,2,1,19,1.0
1696359,3,2,7,10.0
203026,1,2,21,31.0
1779851,3,7,6,7.0
4551491,8,3,10,18.0
5643573,10,3,10,46.0
812403,2,1,14,37.0
233317,1,5,18,3.0
4154796,7,6,18,8.0
4109390,7,6,13,14.0
6692067,12,6,16,97.0
4335832,8,6,11,15.0
5243945,9,3,13,28.0
3861154,7,7,9,170.0
1616969,3,1,17,7.0
522829,1,1,20,98.0
2864394,5,4,7,25.0
4710206,8,3,11,24.0
4457,1,5,21,30.0
6433895,11,4,20,5.0
4977770,9,1,14,127.0
1537990,3,5,15,21.0
4455216,8,4,22,51.0
2999375,6,3,16,15.0
891836,2,5,21,19.0
5613418,10,1,11,1.0
4115078,7,1,14,27.0
6970893,12,3,9,40.0
3208536,6,5,20,21.0
4109217,7,2,11,11.0
2349711,4,2,18,25.0
2008287,4,5,12,23.0
4984285,9,5,15,7.0
5763307,10,7,14,34.0
1752435,3,5,13,117.0
1548194,3,4,19,20.0
1159379,2,5,18,149.0
6208299,11,2,14,2.0
4471635,8,7,13,37.0
6367301,11,2,17,102.0
1685305,3,2,21,4.0
1897051,4,3,14,10.0
942083,2,3,21,8.0
3866598,7,5,17,12.0
2374400,4,6,13,3.0
6224279,11,5,9,126.0
6603689,12,2,9,24.0
1129562,2,5,16,1.0
401529,1,3,9,4.0
5565806,10,3,15,12.0
3708235,7,1,14,10.0
6676946,12,2,15,15.0
5938637,10,7,17,16.0
1811093,4,3,17,5.0
1152382,2,5,15,27.0
990173,2,1,21,51.0
909564,2,7,16,227.0
6048524,11,4,20,108.0
6541041,12,6,10,56.0
4132328,7,2,18,51.0
1386730,3,2,18,86.0
4179160,7,1,19,16.0
2267313,4,1,12,8.0
1330918,3,5,16,21.0
67218,1,3,12,4.0
3002696,6,4,16,2.0
2849856,5,4,6,17.0
989459,2,3,11,2.0
4841111,8,4,17,19.0
186098,1,5,9,92.0
6169076,11,5,13,7.0
717014,2,5,20,6.0
5867257,10,1,6,17.0
514063,1,7,10,15.0
2352223,4,2,14,46.0
4804246,8,1,6,8.0
1150947,2,5,15,46.0
1212666,3,5,16,11.0
2267964,4,1,22,59.0
3673486,7,3,15,87.0
2579392,5,4,21,1.0
2353526,4,3,20,25.0
1539779,3,7,9,15.0
3030057,6,5,14,14.0
4186572,7,3,6,16.0
307354,1,6,8,32.0
4474212,8,5,14,1.0
3698086,7,3,10,18.0
1306322,3,1,13,20.0
5502874,10,3,20,26.0
1510457,3,2,16,1.0
2734996,5,4,19,22.0
6910225,12,2,21,17.0
4481023,8,1,9,87.0
1601300,3,5,15,11.0
4181567,7,4,17,47.0
78194,1,7,12,179.0
904628,2,2,15,50.0
6603277,12,1,10,14.0
6796307,12,4,10,7.0
2430615,5,4,19,2.0
6779635,12,5,12,103.0
4220553,7,4,17,221.0
3147937,6,1,5,16.0
2280508,4,5,15,20.0
6707705,12,5,7,5.0
2294740,4,6,17,1.0
4998994,9,4,16,10.0
3218633,6,4,19,51.0
2233016,4,4,14,3.0
3579481,6,5,16,35.0
486460,1,4,15,1.0
2681654,5,5,7,21.0
6510381,12,3,7,32.0
956769,2,2,11,6.0
332167,1,3,20,16.0
2857250,5,1,17,2.0
1016332,2,3,17,23.0
2777297,5,5,12,7.0
931754,2,5,7,26.0
6446342,11,1,17,19.0
261990,1,6,11,34.0
114654,1,7,19,18.0
6185532,11,5,9,32.0
3607695,7,4,6,16.0
5701449,10,5,11,96.0
899991,2,5,13,55.0
6598306,12,7,13,25.0
3351855,6,5,13,38.0
3238221,6,1,18,40.0
2188030,4,2,8,16.0
1373796,3,1,8,32.0
6770025,12,2,6,45.0
6730856,12,1,9,4.0
1288786,3,5,9,11.0
6852029,12,7,15,23.0
573578,1,6,11,21.0
6865650,12,2,10,45.0
6607047,12,3,21,8.0
617554,2,3,19,15.0
1094105,2,5,18,21.0
4063926,7,4,13,27.0
5078913,9,6,18,17.0
6300095,11,2,20,13.0
3778031,7,3,10,27.0
4839250,8,2,20,20.0
1603413,3,5,13,54.0
5519834,10,7,18,140.0
3555054,6,4,17,3.0
2024869,4,1,14,8.0
3527379,6,7,6,15.0
230597,1,2,13,21.0
6841784,12,2,11,178.0
6632924,12,7,13,12.0
5674342,10,5,19,25.0
6396800,11,4,19,1.0
5769126,10,1,19,8.0
5353533,9,2,18,16.0
5146939,9,1,12,9.0
2312900,4,7,19,18.0
3448513,6,7,14,32.0
4293786,8,3,11,1.0
1975256,4,5,13,7.0
2502023,5,5,11,98.0
6564308,12,7,18,68.0
3536448,6,6,15,22.0
2913109,5,5,19,4.0
402400,1,1,13,4.0
54482,1,6,17,59.0
4840783,8,4,17,18.0
1538945,3,6,9,168.0
480814,1,1,11,21.0
6462424,11,3,12,22.0
904352,2,2,13,7.0
3862795,7,7,18,75.0
247429,1,4,18,145.0
6387419,11,5,17,33.0
6327814,11,1,9,7.0
6108626,11,7,8,36.0
2850201,5,3,6,18.0
6608247,12,5,10,2.0
1585120,3,4,11,17.0
1229916,3,3,7,8.0
2423568,5,2,18,6.0
1120304,2,2,17,5.0
77354,1,7,11,1.0
3408176,6,7,19,39.0
4007573,7,7,16,2.0
2561283,5,7,10,15.0
6311184,11,2,10,61.0
6654788,12,2,12,15.0
2845648,5,5,6,15.0
17097,1,2,7,6.0
3446426,6,7,14,8.0
2808962,5,4,16,56.0
2101200,4,6,17,18.0
1622783,3,1,8,19.0
4941638,9,5,15,114.0
6236212,11,5,9,13.0
5223153,9,1,16,7.0
3475169,6,1,16,52.0
6994368,12,1,6,24.0
5843041,10,2,8,15.0
3239477,6,3,8,25.0
758622,2,2,6,17.0
718680,2,5,14,94.0
5913988,10,2,13,19.0
4149551,7,7,21,33.0
3412811,6,7,15,163.0
50259,1,5,14,2.0
1474956,3,7,13,36.0
1267571,3,7,16,8.0
6761396,12,7,12,2.0
5614852,10,6,6,8.0
6337431,11,1,15,2.0
675814,2,7,21,13.0
2381040,4,4,12,7.0
1165089,2,3,17,17.0
4518761,8,3,19,18.0
2401987,5,3,16,3.0
533967,1,3,11,3.0
33108,1,7,12,10.0
2964512,5,4,18,39.0
1747039,3,1,15,8.0
6227439,11,1,10,19.0
2260055,4,1,14,38.0
6413685,11,4,20,16.0
3001793,6,3,16,23.0
3697934,7,3,8,4.0
6516945,12,5,18,2.0
1402170,3,3,6,21.0
3071709,6,3,19,8.0
3473538,6,4,12,21.0
5521691,10,2,14,20.0
4225403,7,1,17,32.0
3765030,7,1,13,7.0
1249298,3,2,12,14.0
6880040,12,4,21,23.0
4592413,8,7,16,14.0
5320261,9,4,13,8.0
4866390,9,2,9,85.0
2610691,5,3,13,1.0
3242837,6,3,8,29.0
1433941,3,6,8,23.0
4157169,7,4,16,4.0
6293481,11,7,5,1.0
1078700,2,5,6,3.0
2621599,5,2,15,24.0
2704447,5,4,8,3.0
86664,1,2,11,15.0
315399,1,5,21,17.0
326298,1,5,6,12.0
1035061,2,5,6,6.0
6868628,12,7,8,1.0
5499098,10,1,15,34.0
6564960,12,6,6,12.0
6355423,11,4,18,38.0
4747280,8,2,15,3.0
4103512,7,6,6,19.0
5835624,10,4,16,91.0
3004413,6,4,6,20.0
2117203,4,1,11,9.0
6524498,12,7,15,65.0
5872415,10,1,6,24.0
4317879,8,4,16,25.0
1845580,4,6,13,5.0
5719366,10,5,18,6.0
3593966,6,3,19,29.0
911266,2,3,10,2.0
2633785,5,6,13,27.0
4574641,8,3,8,22.0
262501,1,6,21,15.0
4458254,8,5,19,30.0
584695,1,3,19,12.0
6544229,12,7,9,12.0
1763267,3,4,19,4.0
6648447,12,1,10,122.0
322826,1,4,21,2.0
875580,2,5,18,10.0
2657721,5,7,18,17.0
3049219,6,3,14,20.0
4852635,9,5,10,3.0
50344,1,5,14,1.0
160859,1,5,13,46.0
1192046,3,6,10,6.0
1208785,3,4,7,15.0
2264584,4,4,7,1.0
5605916,10,2,18,17.0
1616496,3,4,8,30.0
6443642,11,5,8,15.0
5494497,10,7,19,32.0
291264,1,1,9,26.0
3508090,6,5,18,22.0
3549653,6,7,12,47.0
1536084,3,2,8,46.0
6617531,12,1,18,3.0
5314210,9,2,12,4.0
1657582,3,2,12,25.0
2371250,4,4,17,33.0
1535664,3,2,17,7.0
3147653,6,7,15,51.0
1459449,3,2,20,71.0
803955,2,1,9,84.0
5665835,10,5,13,16.0
6634260,12,7,6,19.0
1023207,2,5,12,22.0
1686568,3,6,15,1.0
6519096,12,5,6,9.0
6729505,12,3,11,7.0
3057152,6,6,18,47.0
1644254,3,3,5,28.0
2841922,5,3,17,17.0
1283256,3,1,8,8.0
5851347,10,5,9,6.0
5861528,10,2,9,12.0
2819338,5,5,14,5.0
3905781,7,7,9,21.0
514227,1,2,16,2.0
2360840,4,7,15,132.0
5352830,9,3,11,14.0
5873836,10,3,13,1.0
1763329,3,3,8,43.0
6174023,11,3,13,15.0
2450556,5,3,16,9.0
1663817,3,4,14,21.0
3808090,7,5,18,184.0
2912229,5,2,8,15.0
4793878,8,2,17,42.0
6868799,12,2,17,36.0
4591993,8,6,12,10.0
5085330,9,4,18,36.0
1752222,3,1,6,30.0
1990732,4,4,18,12.0
3156306,6,1,19,108.0
6573311,12,2,17,58.0
6496660,12,5,12,3.0
5024287,9,7,9,13.0
1046491,2,7,14,52.0
4477109,8,4,21,6.0
2965010,5,2,11,15.0
1200477,3,1,11,6.0
1625343,3,4,18,23.0
3607411,7,4,20,13.0
6688608,12,7,16,1.0
4352686,8,4,16,2.0
4105695,7,4,14,5.0
4836873,8,1,14,78.0
2099093,4,5,18,19.0
6884906,12,1,19,21.0
6827943,12,6,11,32.0
2128108,4,7,12,1.0
3136634,6,1,23,16.0
5169882,9,1,15,3.0
5899404,10,2,19,25.0
2230527,4,5,18,37.0
5651005,10,2,5,33.0
4346938,8,5,7,26.0
1661043,3,7,8,19.0
2928453,5,4,10,64.0
1499031,3,7,7,16.0
5718337,10,4,11,4.0
422607,1,2,18,28.0
153605,1,7,21,28.0
2933113,5,5,20,4.0
1158564,2,5,18,17.0
3691206,7,2,17,2.0
3490736,6,3,12,18.0
1472240,3,5,19,47.0
2718113,5,5,15,26.0
6708192,12,6,7,19.0
5062435,9,6,11,9.0
3299992,6,4,13,23.0
5920901,10,7,22,4.0
6978117,12,1,7,35.0
5056098,9,3,17,18.0
2434606,5,5,17,11.0
5139574,9,4,9,21.0
5532043,10,6,15,17.0
3474112,6,7,13,21.0
5045073,9,5,10,157.0
4071647,7,5,12,5.0
3651398,7,4,18,9.0
3512145,6,3,19,30.0
504211,1,1,6,16.0
1089470,2,6,11,5.0
1876563,4,2,7,16.0
2628947,5,4,12,25.0
4582753,8,2,10,11.0
121113,1,5,11,52.0
2839171,5,1,19,5.0
779945,2,7,18,29.0
571918,1,2,19,18.0
470347,1,2,14,10.0
2935518,5,3,8,23.0
2083328,4,2,19,25.0
116534,1,2,16,18.0
1077721,2,5,17,39.0
6172323,11,1,21,31.0
6174032,11,3,18,18.0
6676243,12,3,18,4.0
2819538,5,4,15,48.0
334248,1,5,11,18.0
4156366,7,2,14,5.0
1699705,3,4,18,2.0
2946298,5,2,16,40.0
3135770,6,7,17,17.0
6720051,12,2,7,111.0
5314444,9,2,14,30.0
4727959,8,6,15,39.0
3417378,6,6,13,31.0
516043,1,3,19,8.0
6235349,11,4,9,14.0
1974272,4,5,21,6.0
6513616,12,4,10,7.0
411173,1,2,9,41.0
3406861,6,7,20,25.0
3596000,6,5,17,1.0
759515,2,4,16,69.0
3576432,6,2,17,17.0
1101294,2,7,12,29.0
445565,1,2,6,56.0
6218580,11,3,6,32.0
3125029,6,2,17,5.0
3540575,6,5,16,18.0
3536737,6,6,8,23.0
707856,2,1,10,15.0
4410494,8,1,21,2.0
556360,1,6,11,25.0
2603242,5,5,6,63.0
4079449,7,4,12,31.0
993281,2,5,15,10.0
6603204,12,1,12,22.0
2203605,4,4,19,31.0
6305711,11,7,18,12.0
1629376,3,1,21,40.0
2918947,5,4,15,4.0
5706005,10,4,10,7.0
2617878,5,5,10,27.0
159475,1,3,14,1.0
112652,1,4,6,31.0
1824267,4,7,11,3.0
6929112,12,2,12,22.0
1695305,3,7,6,17.0
6408233,11,6,8,20.0
3770712,7,1,14,15.0
2998054,6,2,20,3.0
3673558,7,3,17,1.0
6230006,11,6,14,17.0
620347,2,4,14,83.0
2413458,5,6,10,27.0
1778044,3,5,19,1.0
3292139,6,1,16,21.0
2633928,5,2,15,17.0
2872166,5,2,8,41.0
1674117,3,6,17,71.0
5499842,10,7,17,19.0
2561778,5,7,20,7.0
4333518,8,5,19,6.0
419906,1,4,11,33.0
5544858,10,7,8,20.0
697435,2,5,14,16.0
4851625,9,5,9,15.0
3163240,6,6,16,19.0
1102031,2,2,14,28.0
1189446,3,5,17,13.0
161597,1,6,12,3.0
5881071,10,5,11,21.0
3253630,6,3,13,14.0
518059,1,4,19,17.0
2815883,5,7,6,20.0
5557214,10,5,10,17.0
4560121,8,5,7,8.0
4697918,8,5,21,16.0
2852293,5,4,14,8.0
6414973,11,6,12,51.0
389058,1,4,11,35.0
2481160,5,6,18,29.0
2806551,5,3,17,1.0
3223739,6,3,14,16.0
2839366,5,4,7,18.0
5845120,10,3,10,7.0
5620091,10,4,7,25.0
6565188,12,5,21,94.0
1945143,4,6,9,8.0
1944957,4,6,16,6.0
3234772,6,7,15,50.0
298810,1,3,6,39.0
3956689,7,7,20,6.0
6488107,12,3,18,74.0
50160,1,5,14,2.0
902124,2,7,16,30.0
1301253,3,5,9,86.0
6848742,12,2,9,1.0
5006596,9,2,10,1.0
1344207,3,5,17,135.0
484908,1,2,18,7.0
2189024,4,1,6,2.0
4147448,7,6,21,7.0
4657293,8,5,17,5.0
2839602,5,6,14,35.0
424139,1,2,21,18.0
348683,1,4,8,13.0
862836,2,3,9,17.0
2864981,5,4,14,19.0
2368721,4,2,12,22.0
4863486,9,1,10,8.0
498025,1,5,6,26.0
5482651,10,1,8,7.0
5040798,9,1,12,37.0
1236095,3,5,20,4.0
6832452,12,2,9,110.0
321303,1,3,16,15.0
469602,1,2,19,4.0
2376408,4,1,14,7.0
6104157,11,7,19,11.0
160188,1,4,17,24.0
3480649,6,5,19,37.0
2591298,5,4,19,51.0
5783185,10,6,9,5.0
509965,1,1,16,79.0
3186184,6,5,9,22.0
4154421,7,5,13,16.0
3513458,6,4,18,12.0
1511876,3,7,10,3.0
1663655,3,5,12,118.0
5868824,10,7,13,2.0
253401,1,5,14,15.0
2220574,4,5,15,39.0
1084443,2,1,16,70.0
4539152,8,7,7,13.0
346696,1,3,20,20.0
2113804,4,1,11,6.0
3015772,6,1,13,2.0
252403,1,6,15,7.0
3111980,6,2,19,1.0
3408429,6,4,10,19.0
5370659,9,4,18,2.0
6717991,12,7,13,2.0
6992109,12,3,14,21.0
3182408,6,3,8,35.0
329072,1,2,15,5.0
849073,2,5,15,279.0
911645,2,1,17,1.0
2873806,5,5,14,17.0
1615666,3,1,15,58.0
6929010,12,6,14,149.0
832185,2,2,8,17.0
505501,1,5,7,28.0
6085501,11,7,18,16.0
3398219,6,4,6,8.0
1957895,4,5,16,3.0
567570,1,2,19,33.0
3421676,6,7,15,12.0
694750,2,5,17,2.0
1918673,4,2,22,2.0
710456,2,5,15,45.0
1101525,2,2,16,5.0
221845,1,1,7,68.0
6711477,12,2,9,30.0
1092686,2,7,15,34.0
4112787,7,6,17,17.0
1111923,2,5,21,14.0
2216893,4,3,19,7.0
2433852,5,5,10,28.0
1114272,2,4,13,3.0
3317492,6,1,7,46.0
696458,2,2,16,27.0
6933688,12,2,9,18.0
1677149,3,1,11,56.0
4035275,7,1,10,11.0
3217564,6,3,18,32.0
2345542,4,7,6,18.0
1053270,2,1,12,3.0
4991658,9,5,16,22.0
5432516,10,5,20,1.0
6834676,12,4,10,17.0
245257,1,5,15,131.0
4762010,8,1,16,43.0
2186354,4,3,14,5.0
6443735,11,5,17,1.0
1598118,3,5,19,1.0
2153979,4,3,14,2.0
2500835,5,1,8,2.0
2873662,5,1,14,23.0
2880687,5,1,12,107.0
5899647,10,2,15,136.0
6272898,11,6,12,1.0
1328342,3,1,19,20.0
6607558,12,4,10,10.0
2371261,4,4,19,11.0
6722823,12,4,13,16.0
3697161,7,3,8,21.0
5316433,9,7,15,10.0
6546970,12,1,9,3.0
3405182,6,5,19,14.0
1418868,3,1,11,95.0
6454413,11,3,10,38.0
5786610,10,7,13,19.0
3839587,7,2,9,19.0
3960311,7,2,13,3.0
153508,1,7,17,6.0
6613480,12,3,12,5.0
5357558,9,4,17,42.0
6455583,11,4,19,25.0
6637006,12,5,9,19.0
3207243,6,4,15,20.0
3791187,7,1,18,99.0
846892,2,7,12,9.0
1396537,3,1,12,312.0
3482478,6,5,14,3.0
6291019,11,7,14,8.0
3846210,7,5,13,29.0
2931163,5,4,9,3.0
3809772,7,6,6,21.0
6502852,12,1,10,24.0
4562603,8,1,10,27.0
4130099,7,7,11,3.0
1502052,3,4,6,22.0
3156158,6,1,20,15.0
4176894,7,4,11,3.0
2467866,5,2,17,14.0
4030507,7,5,13,24.0
5482151,10,2,18,13.0
1054385,2,7,17,15.0
5923486,10,3,6,16.0
6923018,12,4,16,26.0
1887590,4,1,12,18.0
620446,2,4,18,4.0
1177561,3,1,20,2.0
1085597,2,7,8,22.0
4028517,7,6,9,13.0
6444532,11,4,12,73.0
3152912,6,2,20,20.0
3241359,6,7,13,14.0
6058626,11,1,15,16.0
4111117,7,6,17,37.0
402251,1,7,10,6.0
79425,1,7,10,3.0
6072146,11,7,19,146.0
6760996,12,3,17,6.0
1101746,2,1,19,12.0
3487647,6,2,15,1.0
995713,2,7,19,66.0
2950022,5,3,16,55.0
4134532,7,2,20,40.0
6226873,11,5,12,31.0
6392867,11,1,8,16.0
583069,1,2,11,47.0
6753906,12,7,14,148.0
6778524,12,2,19,2.0
4688989,8,6,19,3.0
2297257,4,5,10,37.0
6092460,11,2,8,17.0
402948,1,3,10,57.0
1228544,3,3,19,15.0
5818957,10,7,16,16.0
629478,2,7,16,6.0
500430,1,4,14,163.0
2244083,4,7,13,10.0
2482064,5,6,10,23.0
2174070,4,3,15,7.0
6967374,12,4,13,19.0
3779141,7,1,6,26.0
3211849,6,7,13,8.0
2206072,4,4,20,67.0
5136836,9,7,13,23.0
1635538,3,6,21,12.0
3489333,6,5,17,8.0
4328896,8,3,9,14.0
4105433,7,1,10,114.0
1875224,4,1,15,1.0
3654356,7,4,17,11.0
665931,2,4,11,13.0
6386970,11,7,19,16.0
522539,1,2,12,51.0
6835940,12,4,12,4.0
3214032,6,1,21,12.0
4052537,7,5,21,30.0
5811535,10,7,11,18.0
6860398,12,4,22,4.0
3720044,7,7,13,26.0
5540441,10,2,17,13.0
6981602,12,4,12,63.0
482156,1,2,17,6.0
606981,2,7,14,229.0
640659,2,3,11,4.0
4456200,8,1,8,13.0
2359043,4,7,21,1.0
3599934,6,1,9,21.0
4595437,8,4,12,60.0
5714631,10,5,9,14.0
621441,2,4,10,9.0
681382,2,2,13,10.0
2203596,4,1,19,40.0
3498296,6,6,13,14.0
577364,1,4,11,39.0
6319371,11,5,21,24.0
982870,2,1,19,8.0
2612032,5,7,7,21.0
3583075,6,1,19,17.0
1009234,2,5,12,56.0
717948,2,3,10,12.0
2364318,4,2,13,39.0
1926157,4,5,11,91.0
6195716,11,7,14,11.0
4137658,7,7,17,14.0
6919742,12,6,6,26.0
1761254,3,6,11,103.0
1592104,3,7,10,10.0
3112068,6,5,16,45.0
2283109,4,1,10,6.0
7004691,12,2,17,27.0
996971,2,2,17,19.0
1258761,3,5,11,2.0
78438,1,7,15,2.0
3993827,7,5,10,12.0
4056700,7,4,19,22.0
6934154,12,1,7,162.0
3944440,7,2,12,4.0
3569646,6,3,21,3.0
3109271,6,3,12,84.0
5726641,10,2,10,13.0
949994,2,7,13,19.0
1582915,3,6,9,48.0
4168181,7,2,14,31.0
5207780,9,7,19,11.0
1023321,2,5,17,25.0
738440,2,7,17,119.0
2328153,4,6,17,63.0
4497190,8,7,8,21.0
405084,1,2,8,22.0
3551231,6,3,14,61.0
3174619,6,6,13,3.0
4210085,7,2,7,18.0
2207690,4,5,22,20.0
1219995,3,7,11,24.0
3112915,6,4,14,107.0
5339475,9,4,19,22.0
1068120,2,7,20,16.0
840245,2,3,11,3.0
3499782,6,1,11,121.0
251192,1,6,11,12.0
2634858,5,4,7,13.0
6203350,11,5,9,15.0
260713,1,5,21,83.0
837228,2,3,7,17.0
314257,1,4,14,28.0
5093288,9,4,17,14.0
1455816,3,6,9,6.0
2731215,5,4,16,8.0
2592219,5,5,11,3.0
3890309,7,2,13,23.0
6523804,12,7,13,11.0
6604951,12,5,20,4.0
3399214,6,5,10,17.0
889437,2,6,12,9.0
3779231,7,4,7,44.0
6418365,11,6,6,15.0
6236761,11,7,17,39.0
6786034,12,4,14,63.0
3576138,6,3,20,22.0
4155263,7,7,12,8.0
4844506,9,2,9,7.0
6721581,12,3,6,34.0
2920970,5,1,11,9.0
1766585,3,7,11,4.0
4198084,7,4,9,28.0
5710587,10,2,10,21.0
5375618,9,1,8,20.0
1171929,2,2,20,15.0
3405684,6,5,13,39.0
3484516,6,3,17,22.0
2010982,4,4,8,17.0
6309583,11,5,12,4.0
4013098,7,5,14,5.0
93844,1,4,16,3.0
2670279,5,2,12,43.0
6666989,12,2,18,6.0
6625013,12,5,13,17.0
1944270,4,5,15,230.0
6834377,12,1,9,1.0
2857967,5,2,17,1.0
760594,2,5,15,35.0
5166412,9,2,8,17.0
1673797,3,6,16,21.0
1003634,2,4,15,17.0
1000529,2,6,18,4.0
4227677,7,3,15,31.0
6149013,11,3,13,2.0
3311330,6,6,16,16.0
4145507,7,6,17,4.0
2509211,5,3,10,4.0
6615344,12,7,8,29.0
6185601,11,5,10,45.0
177901,1,7,19,50.0
4414401,8,4,16,44.0
1337267,3,1,9,4.0
4824558,8,5,15,30.0
1485935,3,4,16,21.0
3160588,6,1,14,120.0
1667192,3,5,7,16.0
3473798,6,1,11,36.0
1840476,4,5,6,17.0
6559220,12,6,10,3.0
6745662,12,6,8,11.0
3954870,7,2,13,20.0
688272,2,4,16,9.0
338896,1,7,11,25.0
4648406,8,2,11,4.0
3003900,6,4,16,75.0
105818,1,5,16,15.0
6440881,11,2,9,10.0
6440981,11,2,14,14.0
1585745,3,7,12,43.0
2275999,4,1,17,163.0
2129692,4,2,21,14.0
6987545,12,2,17,57.0
5546307,10,3,8,17.0
77473,1,7,18,9.0
4047123,7,2,19,23.0
4870818,9,3,12,17.0
4784777,8,7,14,176.0
2991825,5,4,12,18.0
4022199,7,1,9,85.0
1211936,3,5,18,9.0
3311522,6,7,11,64.0
4074708,7,7,17,27.0
4914903,9,3,7,3.0
4586108,8,6,21,75.0
2125181,4,2,18,89.0
1990784,4,4,14,20.0
1039366,2,7,9,20.0
6061767,11,5,19,17.0
3659974,7,6,15,25.0
4049231,7,1,18,12.0
5979377,11,5,7,45.0
6538591,12,5,18,5.0
6927518,12,1,16,10.0
6834186,12,6,8,31.0
1309281,3,7,6,40.0
3328452,6,7,16,14.0
1261699,3,5,12,4.0
4939413,9,5,8,47.0
758123,2,1,13,35.0
5838378,10,3,14,27.0
1611661,3,7,7,20.0
3290863,6,7,18,40.0
482796,1,2,17,8.0
4609756,8,2,18,14.0
324207,1,4,11,6.0
556087,1,6,11,28.0
1099741,2,4,13,29.0
829748,2,3,9,19.0
2226592,4,7,19,24.0
946756,2,3,8,53.0
3513981,6,5,15,20.0
950291,2,1,21,3.0
1155445,2,5,11,3.0
5804149,10,3,21,2.0
4208729,7,1,15,71.0
2284475,4,2,20,28.0
3810247,7,6,13,57.0
5137920,9,2,12,4.0
1673941,3,3,16,12.0
4379046,8,5,18,14.0
4392183,8,7,17,200.0
1198269,3,1,6,17.0
6231390,11,3,9,14.0
5016930,9,2,13,27.0
5222824,9,2,13,32.0
4095329,7,7,14,54.0
5766916,10,3,21,54.0
3870362,7,6,13,6.0
3972613,7,6,15,8.0
6631782,12,7,15,6.0
3363593,6,6,6,25.0
6836445,12,3,15,7.0
4749921,8,6,12,52.0
6566643,12,4,9,10.0
2373629,4,5,7,12.0
3755388,7,4,15,8.0
5831974,10,4,18,11.0
3479730,6,7,8,18.0
3163979,6,7,20,3.0
5129216,9,7,16,20.0
594870,1,7,21,12.0
928819,2,4,6,42.0
3554279,6,2,19,19.0
2223146,4,5,14,9.0
2482946,5,6,12,22.0
5778362,10,4,6,22.0
4149433,7,4,21,1.0
4043255,7,6,13,18.0
2780792,5,1,16,15.0
2037689,4,4,14,8.0
3887631,7,7,20,29.0
2829986,5,6,16,17.0
5853711,10,3,11,18.0
6371220,11,1,17,32.0
2680853,5,4,23,32.0
2141272,4,7,21,15.0
2942446,5,2,15,3.0
3935035,7,2,20,54.0
6962900,12,3,17,2.0
611462,2,1,18,18.0
1986162,4,2,20,4.0
2516432,5,5,13,5.0
562832,1,1,15,72.0
3834849,7,7,20,18.0
398249,1,3,7,16.0
173257,1,4,10,88.0
3579535,6,1,8,54.0
929060,2,3,7,19.0
3214752,6,1,16,22.0
5477292,10,5,9,80.0
5085123,9,4,17,19.0
6782706,12,4,21,19.0
5292755,9,7,7,124.0
1627634,3,3,18,30.0
5908695,10,2,8,18.0
5255820,9,4,13,1.0
1222751,3,1,6,15.0
4805529,8,7,6,25.0
3361988,6,4,18,24.0
6614484,12,6,17,163.0
475794,1,3,8,4.0
89616,1,3,17,8.0
2322633,4,4,17,9.0
3100642,6,7,18,18.0
6527603,12,1,18,2.0
5432472,10,5,8,15.0
2649776,5,7,16,77.0
1155535,2,1,11,19.0
3359287,6,1,10,17.0
5098112,9,1,15,15.0
6109910,11,1,5,6.0
2233286,4,7,13,16.0
3394403,6,2,14,1.0
6391664,11,1,8,18.0
2509927,5,3,21,8.0
957263,2,3,7,2.0
2558987,5,5,7,1.0
4068387,7,4,13,19.0
3162171,6,4,15,1.0
1671124,3,3,6,5.0
1954480,4,1,8,45.0
5475367,10,4,19,13.0
5680731,10,3,7,4.0
662151,2,3,15,6.0
1954887,4,2,15,34.0
4962258,9,5,8,23.0
1748118,3,6,9,24.0
6803901,12,2,15,16.0
2143419,4,3,21,11.0
6988529,12,1,12,1.0
6572494,12,4,7,7.0
2681444,5,4,18,31.0
3061146,6,7,13,7.0
1693751,3,6,21,5.0
1993764,4,5,14,139.0
1228505,3,3,12,4.0
762278,2,1,7,18.0
3061007,6,7,17,2.0
2651794,5,2,17,16.0
2129710,4,2,17,6.0
4062350,7,2,19,12.0
1821988,4,6,12,4.0
4030963,7,4,15,181.0
3951099,7,3,10,2.0
3589805,6,7,11,19.0
283601,1,2,17,138.0
1478856,3,6,14,3.0
6979124,12,7,7,51.0
6840431,12,6,9,19.0
2005847,4,3,12,16.0
5077886,9,5,14,12.0
5293698,9,1,21,2.0
2521938,5,2,6,21.0
3221088,6,4,12,16.0
3162848,6,5,16,233.0
4779928,8,5,20,28.0
403897,1,3,12,23.0
6948189,12,7,18,7.0
3301108,6,5,11,3.0
368266,1,2,16,16.0
762532,2,2,8,19.0
3118631,6,7,17,20.0
3925251,7,5,5,18.0
1497827,3,6,21,13.0
1931084,4,5,8,19.0
3411777,6,4,12,16.0
6876664,12,4,13,2.0
5897909,10,6,17,1.0
5104213,9,6,16,29.0
111533,1,4,13,37.0
6795263,12,3,9,38.0
4871422,9,4,9,18.0
6988277,12,1,7,21.0
2408530,5,5,9,18.0
1711346,3,7,6,33.0
4806686,8,3,11,16.0
6640976,12,7,8,22.0
257297,1,2,10,15.0
313276,1,4,16,40.0
5564811,10,1,16,15.0
6964183,12,5,11,48.0
6175860,11,4,20,35.0
971492,2,4,13,1.0
6037972,11,4,17,19.0
1508946,3,3,16,3.0
526676,1,6,11,15.0
6503698,12,1,10,8.0
6247975,11,5,6,9.0
2532267,5,2,17,42.0
4783317,8,4,21,51.0
3100206,6,4,10,17.0
6348219,11,3,17,2.0
5971295,11,3,12,11.0
3539562,6,3,7,37.0
2302518,4,4,16,9.0
5276200,9,4,11,34.0
6886219,12,2,9,17.0
6979577,12,6,15,22.0
6891209,12,1,19,16.0
5771602,10,2,17,5.0
3905992,7,7,8,101.0
3109367,6,2,7,1.0
6309856,11,2,15,74.0
3409371,6,7,10,52.0
1610147,3,2,8,9.0
3239680,6,3,20,5.0
3779870,7,1,14,42.0
3481157,6,6,10,10.0
6695180,12,2,11,14.0
2368973,4,2,16,16.0
2195958,4,7,11,18.0
5167985,9,5,17,8.0
2373474,4,5,20,10.0
1927472,4,7,23,17.0
639911,2,3,7,19.0
6295844,11,5,11,29.0
2490445,5,4,14,1.0
612427,2,1,18,16.0
6739868,12,1,19,16.0
344297,1,4,9,20.0
2867703,5,4,14,1.0
527889,1,3,7,84.0
1016787,2,2,12,12.0
123640,1,5,16,9.0
1619412,3,5,18,69.0
3955757,7,5,15,20.0
4021043,7,4,11,3.0
6622274,12,7,6,19.0
2357639,4,5,11,56.0
6121391,11,1,18,24.0
981304,2,5,7,38.0
5212146,9,7,19,7.0
4472305,8,6,17,11.0
3214463,6,7,16,25.0
4101270,7,2,20,13.0
3504053,6,3,20,88.0
4455809,8,1,22,15.0
242996,1,6,8,22.0
1190399,3,5,16,4.0
428601,1,6,9,75.0
4097440,7,2,13,28.0
3426344,6,3,8,19.0
6846504,12,1,8,17.0
117432,1,2,11,139.0
1419051,3,5,13,78.0
1046924,2,6,18,13.0
6297151,11,4,14,6.0
1183500,3,3,18,5.0
1630387,3,6,17,12.0
3497547,6,3,17,92.0
1583323,3,1,9,45.0
1017556,2,5,13,16.0
1467193,3,1,19,50.0
3260637,6,4,11,39.0
2239076,4,4,7,15.0
3898790,7,2,13,8.0
6609217,12,1,8,16.0
321948,1,4,16,61.0
574907,1,6,9,15.0
6565287,12,5,12,16.0
2587139,5,2,18,8.0
6081379,11,4,17,50.0
3409893,6,7,14,27.0
2402024,5,3,15,12.0
4791851,8,5,15,39.0
456028,1,7,9,16.0
583838,1,1,9,19.0
4783090,8,4,14,120.0
986094,2,5,17,27.0
7005351,12,3,14,27.0
2501692,5,5,16,3.0
4807518,8,7,14,74.0
6328144,11,2,17,2.0
2282199,4,7,13,2.0
2262744,4,3,18,47.0
6657831,12,5,16,8.0
6112156,11,7,11,84.0
1946915,4,2,15,23.0
14081,1,1,11,28.0
3590144,6,7,19,7.0
1067135,2,4,17,41.0
3578331,6,3,20,21.0
2622885,5,7,12,92.0
1328562,3,1,13,19.0
677477,2,7,18,11.0
3453355,6,3,21,47.0
1264977,3,7,12,1.0
2279109,4,5,17,10.0
3483317,6,4,14,10.0
2030567,4,3,17,2.0
937371,2,7,21,10.0
6802333,12,6,16,42.0
5766173,10,1,20,80.0
3116943,6,4,13,54.0
6171076,11,7,9,34.0
58958,1,1,15,9.0
6804023,12,2,15,13.0
3237378,6,4,7,14.0
3464554,6,4,12,3.0
1042957,2,5,9,2.0
5040772,9,3,12,14.0
4507317,8,1,14,16.0
5491869,10,3,16,227.0
279260,1,6,8,2.0
5587045,10,3,22,17.0
2007021,4,3,9,15.0
837075,2,7,16,51.0
1154531,2,3,17,8.0
5572142,10,5,7,115.0
4052397,7,3,12,47.0
5535113,10,6,17,7.0
1091270,2,4,13,2.0
1066177,2,5,10,8.0
3930960,7,2,16,140.0
4062497,7,6,10,2.0
931801,2,5,15,14.0
1751660,3,6,17,101.0
6761797,12,1,15,18.0
160370,1,4,10,62.0
3427721,6,6,12,28.0
6732010,12,1,10,15.0
2165276,4,4,21,4.0
5580501,10,1,6,19.0
326765,1,6,14,24.0
6806141,12,5,18,115.0
5249943,9,5,10,38.0
3551944,6,4,17,113.0
1120523,2,3,20,17.0
3540203,6,4,21,30.0
1909367,4,5,20,48.0
2566394,5,3,19,12.0
6948318,12,7,18,1.0
4311200,8,2,20,9.0
984093,2,5,10,46.0
6800246,12,3,12,1.0
1648736,3,2,7,73.0
1740661,3,6,12,15.0
1797171,4,6,10,4.0
6286003,11,6,6,39.0
6320920,11,4,8,18.0
1293050,3,1,8,24.0
6463370,11,4,9,30.0
6263129,11,6,11,19.0
5317194,9,2,15,15.0
3884903,7,5,16,5.0
5653994,10,5,17,17.0
669317,2,5,6,10.0
6683088,12,7,12,16.0
6764709,12,3,12,9.0
2755173,5,3,17,21.0
4187831,7,6,17,46.0
2833997,5,7,15,22.0
1132869,2,4,15,18.0
5105391,9,7,15,17.0
5717996,10,3,18,107.0
4464166,8,6,10,91.0
6532789,12,3,6,40.0
2888232,5,7,11,3.0
942564,2,3,6,29.0
6092031,11,2,20,17.0
6031185,11,7,18,19.0
6533157,12,3,15,3.0
4162448,7,1,15,14.0
4840895,8,4,7,53.0
6715893,12,5,11,27.0
347082,1,5,17,1.0
2729577,5,3,12,8.0
4105604,7,6,14,2.0
6205309,11,7,15,13.0
4595674,8,4,13,79.0
5868813,10,4,12,1.0
3240728,6,1,14,58.0
1197091,3,7,17,12.0
6035883,11,7,10,15.0
3127478,6,3,6,18.0
761628,2,7,19,11.0
4789955,8,2,15,20.0
3918506,7,7,8,53.0
3301540,6,6,16,26.0
4785671,8,1,14,17.0
2919053,5,7,21,1.0
4965907,9,3,12,17.0
5090378,9,2,1,16.0
2359727,4,5,11,8.0
5124908,9,3,16,26.0
4819419,8,5,15,125.0
4544229,8,4,9,15.0
6338146,11,1,16,21.0
2459524,5,6,11,6.0
294198,1,4,18,26.0
6706389,12,4,20,8.0
6521337,12,6,8,35.0
823941,2,5,18,23.0
4156024,7,1,9,40.0
3340073,6,4,21,12.0
3177200,6,7,14,307.0
6612599,12,1,16,167.0
3242867,6,7,16,6.0
368939,1,3,21,8.0
237440,1,5,13,188.0
1164983,2,3,8,84.0
5932801,10,3,21,2.0
468916,1,2,16,31.0
2863561,5,4,19,15.0
129051,1,4,8,23.0
178538,1,7,22,37.0
6769147,12,3,14,2.0
2617632,5,2,6,17.0
176340,1,6,16,163.0
3970291,7,3,20,194.0
1532567,3,6,13,14.0
3919619,7,7,22,6.0
953472,2,5,15,8.0
5767407,10,5,16,64.0
5458668,10,6,10,16.0
1733093,3,7,17,76.0
1961480,4,7,12,34.0
3944241,7,1,10,17.0
4348144,8,1,6,18.0
427415,1,7,15,30.0
6954662,12,1,11,21.0
78370,1,7,15,16.0
1628657,3,3,14,34.0
6435742,11,2,17,35.0
601634,1,5,13,73.0
5320298,9,4,15,7.0
3772937,7,7,15,31.0
4550956,8,3,9,37.0
4471810,8,1,18,114.0
4793126,8,7,18,115.0
1414984,3,7,12,17.0
3050367,6,4,9,79.0
2204076,4,2,11,104.0
1694638,3,7,11,26.0
5748218,10,4,13,5.0
6971512,12,3,13,4.0
1229028,3,3,12,2.0
2822914,5,4,12,22.0
1046963,2,1,17,12.0
6131046,11,2,16,15.0
5454628,10,5,19,7.0
6164550,11,2,18,14.0
240480,1,5,15,49.0
1765507,3,3,12,28.0
2419570,5,1,7,8.0
3216122,6,3,6,41.0
3523053,6,6,14,5.0
3516717,6,6,12,7.0
2964360,5,5,12,3.0
6178250,11,6,10,32.0
1301828,3,5,16,1.0
222375,1,2,17,9.0
6729631,12,3,10,1.0
1036256,2,7,13,12.0
2668579,5,1,11,15.0
5155280,9,2,7,8.0
2916452,5,2,14,14.0
5293899,9,6,20,2.0
1154465,2,7,8,23.0
3201716,6,1,12,3.0
3511906,6,7,19,3.0
1757204,3,1,13,56.0
757717,2,7,14,17.0
3462216,6,2,19,98.0
1572000,3,2,13,2.0
3642823,7,1,16,2.0
6315628,11,1,7,15.0
476569,1,3,9,5.0
6977089,12,3,7,20.0
1137080,2,2,18,53.0
3183903,6,4,18,161.0
499246,1,3,13,5.0
244504,1,4,11,128.0
1891352,4,5,11,21.0
3446088,6,4,21,1.0
4728900,8,1,6,33.0
3475649,6,7,21,13.0
2216725,4,5,12,19.0
2518363,5,4,12,9.0
1156246,2,4,19,12.0
676544,2,7,12,5.0
3281880,6,7,21,9.0
1037926,2,7,20,16.0
4146239,7,5,9,15.0
5628028,10,4,13,50.0
4483087,8,5,9,5.0
1330346,3,4,8,41.0
9915,1,7,17,12.0
989898,2,1,11,16.0
4135585,7,6,6,115.0
2612671,5,5,10,9.0
5910107,10,7,17,18.0
2656096,5,5,20,4.0
1730061,3,1,14,15.0
4426092,8,4,19,10.0
2916310,5,5,9,135.0
547117,1,3,15,56.0
6262880,11,6,11,8.0
2284174,4,5,8,15.0
577970,1,2,15,27.0
3824570,7,1,7,104.0
3427241,6,4,10,15.0
3924016,7,4,17,29.0
1960321,4,6,15,28.0
7002118,12,7,16,75.0
16486,1,2,17,4.0
1185285,3,4,16,22.0
2229322,4,2,19,44.0
336247,1,2,12,1.0
368369,1,2,18,15.0
3488943,6,6,12,19.0
4405102,8,5,12,3.0
1756471,3,2,10,31.0
6225940,11,6,11,25.0
2753999,5,2,17,105.0
6978785,12,7,15,3.0
6983374,12,1,17,49.0
4177827,7,5,17,18.0
545534,1,3,18,59.0
6390215,11,7,11,2.0
3459818,6,6,13,43.0
2935634,5,3,17,21.0
4345229,8,7,16,15.0
1529677,3,2,13,28.0
3552664,6,6,16,42.0
3215055,6,1,15,31.0
3469835,6,5,10,59.0
4069639,7,3,11,16.0
4176677,7,3,11,134.0
5375377,9,1,15,80.0
2702876,5,2,21,20.0
6843920,12,2,19,28.0
5499801,10,7,15,6.0
1884566,4,1,15,21.0
3160920,6,2,8,32.0
203479,1,2,10,118.0
3115550,6,4,18,14.0
1500262,3,1,11,28.0
1764660,3,4,18,8.0
1128787,2,4,13,34.0
2142469,4,1,18,20.0
3676656,7,4,16,6.0
3975109,7,2,12,31.0
4493443,8,1,13,16.0
1100706,2,6,10,3.0
4230086,7,4,12,17.0
1822767,4,7,19,15.0
6949154,12,3,18,16.0
2277583,4,2,19,23.0
3776758,7,7,16,15.0
6606458,12,1,10,26.0
6295964,11,1,15,3.0
346785,1,4,13,38.0
976139,2,1,16,5.0
881674,2,3,13,20.0
4648008,8,1,11,3.0
2220854,4,6,12,14.0
3160773,6,2,8,23.0
2932949,5,5,18,21.0
1587530,3,5,10,11.0
1338432,3,3,17,7.0
2046123,4,4,16,9.0
6230926,11,7,12,16.0
2519618,5,5,16,6.0
5812721,10,4,10,20.0
1583851,3,4,11,22.0
6510427,12,3,12,17.0
5856644,10,5,12,15.0
1846209,4,7,14,11.0
4500424,8,2,7,59.0
5760692,10,5,16,2.0
4593458,8,1,7,20.0
574249,1,4,8,20.0
701153,2,6,18,6.0
5936184,10,5,7,5.0
527860,1,4,16,40.0
166718,1,1,6,21.0
3979432,7,7,17,60.0
4744272,8,5,13,5.0
5766246,10,2,21,30.0
2895609,5,3,9,16.0
240755,1,5,13,5.0
3345301,6,1,19,19.0
1483852,3,2,12,2.0
3427127,6,2,14,92.0
2880329,5,4,8,23.0
6220623,11,5,6,17.0
3234610,6,5,15,80.0
714500,2,1,18,9.0
6426230,11,7,12,49.0
3096125,6,2,12,4.0
5321723,9,7,8,3.0
5381078,9,5,11,1.0
4349810,8,3,19,2.0
2139257,4,4,12,7.0
5297820,9,1,7,12.0
3291509,6,7,8,32.0
947912,2,5,20,5.0
4101884,7,6,10,54.0
6796106,12,4,12,17.0
4548335,8,1,13,28.0
3387063,6,3,13,2.0
3259363,6,3,10,27.0
1510642,3,7,20,11.0
1056011,2,3,16,2.0
5382430,9,7,16,53.0
6227942,11,6,20,5.0
2812612,5,7,18,6.0
6594782,12,2,6,25.0
3496212,6,4,8,26.0
442391,1,3,19,33.0
3280892,6,6,11,4.0
5374850,9,7,12,8.0
982116,2,2,7,1.0
2784803,5,5,16,1.0
2531991,5,2,14,196.0
918436,2,1,16,24.0
6003781,11,6,15,17.0
984201,2,5,17,12.0
4405641,8,5,17,12.0
3111561,6,1,12,37.0
3228369,6,4,16,8.0
1268664,3,1,10,23.0
6001400,11,5,13,27.0
6045184,11,2,14,63.0
6504577,12,1,15,21.0
3119179,6,3,17,142.0
118167,1,2,16,120.0
4199049,7,3,17,421.0
2658693,5,7,18,12.0
3103736,6,2,13,66.0
1415538,3,7,11,4.0
5507465,10,2,17,26.0
5646616,10,5,12,9.0
3954576,7,2,17,121.0
4202096,7,3,12,44.0
5598759,10,3,8,4.0
3899087,7,2,18,9.0
3190564,6,1,12,71.0
6977523,12,2,14,6.0
5397448,10,2,7,19.0
60403,1,1,12,7.0
3527409,6,7,8,31.0
6711887,12,2,17,26.0
1603144,3,7,18,38.0
2909523,5,3,13,8.0
5471570,10,3,6,19.0
286330,1,4,13,31.0
1893653,4,7,17,24.0
6706039,12,4,8,34.0
2145500,4,5,12,22.0
5841269,10,3,12,15.0
4347081,8,1,18,22.0
3813222,7,1,21,19.0
5864916,10,6,9,18.0
3500766,6,7,18,69.0
3590655,6,1,19,35.0
1024434,2,7,21,35.0
6885285,12,6,19,18.0
2993186,5,5,15,1.0
6303755,11,2,15,2.0
6972896,12,1,12,16.0
5205413,9,7,7,5.0
2298199,4,7,19,8.0
5710749,10,2,10,13.0
100888,1,5,11,1.0
4794539,8,3,15,22.0
4532281,8,7,14,1.0
291266,1,1,16,80.0
4975385,9,4,10,28.0
2376095,4,7,7,18.0
691260,2,4,17,7.0
4365362,8,7,8,20.0
2674076,5,5,7,30.0
2383630,4,7,16,1.0
5376241,9,1,8,1.0
928278,2,7,21,2.0
1926158,4,5,19,24.0
1668634,3,2,9,1.0
4276529,8,5,18,1.0
1778124,3,5,14,3.0
5672446,10,3,12,18.0
6870370,12,2,11,22.0
2505420,5,2,16,26.0
1223111,3,1,19,12.0
3822976,7,7,15,22.0
6647649,12,7,17,47.0
4661890,8,3,9,15.0
