,Month,DayOfWeek,Time,SecurityDelay
3564743,6,1,18,9.0
3908517,7,2,15,53.0
869406,2,1,8,30.0
1288621,3,6,17,9.0
4936288,9,2,17,9.0
591312,1,4,16,25.0
3206080,6,3,14,6.0
2572692,5,7,18,22.0
6529071,12,2,8,9.0
100472,1,7,21,27.0
671268,2,5,18,10.0
2967122,5,6,18,1.0
584898,1,5,19,28.0
75974,1,6,14,16.0
5620325,10,4,17,3.0
4207165,7,1,16,9.0
6052680,11,6,18,30.0
6580118,12,1,16,13.0
6859488,12,2,18,10.0
1755750,3,3,6,20.0
2468557,5,2,7,24.0
665706,2,4,21,3.0
1308915,3,7,21,19.0
4163522,7,4,9,29.0
6229085,11,6,6,1.0
1054514,2,7,17,24.0
2724193,5,5,12,5.0
3422742,6,7,12,16.0
1237172,3,5,12,7.0
611869,2,1,12,13.0
3902460,7,4,15,16.0
3092763,6,5,16,9.0
6946562,12,3,0,30.0
6529914,12,2,20,15.0
6544764,12,7,20,18.0
3887876,7,7,17,3.0
4809835,8,2,6,8.0
4775847,8,5,7,18.0
886070,2,5,13,11.0
1212879,3,5,13,5.0
3048251,6,3,18,6.0
5319548,9,2,13,7.0
4675465,8,1,8,49.0
4773565,8,7,16,21.0
3119056,6,6,15,25.0
119799,1,2,17,2.0
6520719,12,6,8,11.0
677331,2,7,11,1.0
1435053,3,6,8,55.0
3112724,6,7,15,34.0
3101441,6,6,18,23.0
2958492,5,4,15,12.0
5558884,10,1,6,21.0
6579606,12,1,17,4.0
479418,1,2,23,2.0
6591568,12,4,6,18.0
3699193,7,4,17,1.0
6963654,12,4,18,5.0
2520269,5,6,11,175.0
6528104,12,1,8,8.0
1753447,3,4,16,17.0
647299,2,5,19,16.0
4804930,8,4,13,9.0
24082,1,4,13,22.0
122346,1,4,15,15.0
300137,1,3,11,39.0
4191945,7,6,19,17.0
6096151,11,1,19,28.0
1277556,3,3,16,4.0
6719511,12,1,21,5.0
1216476,3,6,13,3.0
3901475,7,4,19,25.0
1134948,2,7,19,21.0
3574769,6,5,20,12.0
58,1,4,10,10.0
6963450,12,4,20,18.0
1009636,2,5,8,15.0
6618537,12,5,6,7.0
3713812,7,1,14,2.0
1279387,3,7,15,6.0
1766768,3,5,19,15.0
587021,1,4,7,13.0
886037,2,5,17,10.0
3828933,7,4,9,5.0
536927,1,3,20,23.0
5646518,10,5,18,26.0
4329260,8,5,9,17.0
4929293,9,7,18,4.0
3818362,7,4,5,15.0
3643159,7,1,19,21.0
112392,1,2,20,36.0
6245402,11,6,9,4.0
1895563,4,3,15,4.0
6565058,12,6,6,9.0
6589266,12,1,18,23.0
4909639,9,1,10,61.0
6400189,11,6,13,67.0
699938,2,7,18,10.0
4194770,7,5,7,121.0
3754960,7,4,19,29.0
4372018,8,2,6,15.0
129079,1,7,18,29.0
1896678,4,1,13,5.0
1242080,3,7,12,17.0
177861,1,7,19,136.0
1383689,3,7,6,44.0
1474270,3,6,17,12.0
5980670,11,6,7,7.0
802088,2,7,11,31.0
885807,2,5,21,9.0
7275,1,6,18,5.0
6051547,11,7,17,16.0
71606,1,5,12,88.0
4347849,8,4,19,15.0
3210905,6,6,7,21.0
102213,1,1,20,8.0
4766686,8,6,10,18.0
2067667,4,7,19,4.0
2055611,4,4,18,5.0
6532830,12,3,18,11.0
127406,1,7,19,8.0
6992362,12,3,17,5.0
4967589,9,6,17,18.0
62721,1,2,7,6.0
1728219,3,5,16,3.0
3759123,7,2,16,17.0
6537394,12,5,11,37.0
3046589,6,3,19,7.0
260617,1,5,6,13.0
1265926,3,7,12,7.0
1818834,4,5,17,7.0
765370,2,5,7,27.0
671040,2,5,7,8.0
1743248,3,1,19,18.0
5545695,10,4,13,2.0
260633,1,5,7,10.0
2346740,4,1,22,23.0
3256719,6,1,18,11.0
6970760,12,3,6,8.0
6854351,12,3,19,38.0
2683866,5,6,13,62.0
5232716,9,3,13,14.0
3126122,6,1,17,27.0
1920050,4,4,13,26.0
79636,1,7,15,4.0
4770096,8,7,7,11.0
6117445,11,2,12,37.0
3740328,7,4,6,33.0
2066537,4,6,9,18.0
6528405,12,1,7,17.0
1446741,3,6,18,19.0
1843707,4,6,15,8.0
4786384,8,2,6,16.0
4325135,8,6,8,10.0
1900410,4,1,19,21.0
2931257,5,4,20,21.0
6970727,12,3,10,14.0
6280488,11,7,13,1.0
3030509,6,5,15,15.0
2961623,5,2,11,12.0
1089540,2,5,15,8.0
2969039,5,4,19,7.0
6541636,12,6,16,6.0
1206730,3,3,7,18.0
5455573,10,5,14,8.0
5325905,9,4,9,16.0
883822,2,5,7,9.0
3112399,6,6,18,12.0
707814,2,4,19,8.0
1746980,3,4,7,10.0
6619020,12,6,6,29.0
5273498,9,2,20,28.0
3255613,6,7,13,45.0
3172574,6,4,6,3.0
1340075,3,6,9,15.0
6409459,11,3,17,7.0
1761454,3,3,19,6.0
1518854,3,5,6,12.0
3434528,6,6,6,34.0
1999324,4,2,18,32.0
1404821,3,6,8,48.0
1305801,3,6,18,28.0
119717,1,5,15,12.0
2365278,4,3,21,15.0
4406562,8,6,5,32.0
4813463,8,4,10,10.0
6489486,12,3,16,3.0
4770933,8,2,7,17.0
853667,2,2,7,1.0
4800108,8,2,19,23.0
1134331,2,6,19,20.0
3063699,6,1,17,10.0
6732971,12,1,10,15.0
6964743,12,6,6,9.0
91894,1,4,15,1.0
1290007,3,3,19,5.0
69150,1,4,22,14.0
669452,2,5,6,8.0
6172903,11,2,9,1.0
4239441,8,1,11,13.0
1185251,3,4,6,20.0
216958,1,4,7,21.0
1763859,3,2,11,3.0
3255547,6,7,15,20.0
1186118,3,4,20,5.0
1293608,3,6,11,14.0
5133342,9,2,7,8.0
5966073,11,1,14,6.0
2319667,4,4,13,5.0
580309,1,2,8,8.0
1317859,3,6,8,57.0
2939698,5,4,17,5.0
6974534,12,6,8,28.0
4496127,8,6,9,15.0
1303444,3,1,8,7.0
90932,1,4,7,16.0
770001,2,1,10,64.0
5621162,10,5,14,3.0
6559186,12,6,9,12.0
547814,1,4,6,21.0
343059,1,7,20,19.0
713745,2,5,14,12.0
3667125,7,1,6,11.0
2534423,5,5,11,16.0
5550240,10,1,9,2.0
1284073,3,7,13,14.0
3121761,6,7,21,3.0
3451969,6,5,17,36.0
6949905,12,5,10,16.0
739540,2,1,7,34.0
4239601,8,1,15,9.0
1846557,4,7,20,9.0
6769493,12,1,11,3.0
3679154,7,5,11,53.0
204507,1,3,21,39.0
2501421,5,5,13,3.0
693552,2,5,15,14.0
1836912,4,4,6,20.0
4780053,8,5,16,4.0
1858325,4,3,19,5.0
184104,1,4,13,17.0
3260323,6,4,14,1.0
2956678,5,2,7,7.0
3680988,7,5,19,9.0
3788316,7,6,15,7.0
1892954,4,1,18,14.0
711131,2,2,17,14.0
2884593,5,1,21,40.0
4243150,8,2,16,43.0
4375246,8,7,17,31.0
1299783,3,6,19,19.0
2409349,5,5,20,4.0
199961,1,7,17,43.0
6981783,12,3,19,7.0
258904,1,4,6,8.0
4186011,7,3,12,15.0
3547103,6,3,17,11.0
2554035,5,2,7,5.0
3901437,7,4,19,28.0
2395401,5,1,17,5.0
434345,1,6,8,18.0
6714840,12,4,12,3.0
2322814,4,4,20,16.0
1450355,3,2,6,8.0
1740380,3,5,9,23.0
3757320,7,7,13,40.0
2710234,5,6,7,21.0
712096,2,5,12,9.0
700759,2,3,16,7.0
1898473,4,5,19,7.0
4383552,8,5,15,25.0
6541784,12,6,12,10.0
1760180,3,4,17,20.0
1813897,4,4,6,8.0
1231781,3,4,6,8.0
3180515,6,2,13,15.0
1466904,3,1,6,22.0
6059740,11,2,17,26.0
298568,1,3,6,27.0
6558450,12,7,18,11.0
1750064,3,7,19,9.0
6981087,12,4,20,10.0
4507971,8,1,17,68.0
2968147,5,4,16,15.0
4158705,7,7,11,25.0
5485965,10,4,15,8.0
648442,2,5,21,9.0
3332534,6,1,17,5.0
2083015,4,2,13,15.0
5840346,10,5,17,23.0
1266744,3,7,19,5.0
129455,1,2,16,27.0
2355118,4,6,21,17.0
5522394,10,3,15,27.0
6946320,12,2,19,12.0
6198029,11,6,13,32.0
1836931,4,4,7,23.0
3901491,7,4,20,20.0
2316533,4,3,14,31.0
1882371,4,3,15,4.0
3318995,6,6,21,25.0
6533840,12,3,8,13.0
5032208,9,5,10,31.0
3004765,6,4,18,2.0
4148810,7,2,14,61.0
282973,1,2,19,22.0
5701974,10,5,13,7.0
516867,1,7,17,6.0
3105356,6,1,17,4.0
3573222,6,1,15,13.0
5102126,9,4,20,11.0
3111425,6,2,17,3.0
3993670,7,3,22,22.0
2961591,5,6,18,26.0
566971,1,3,17,4.0
6769781,12,1,6,2.0
5320547,9,4,11,3.0
3434959,6,1,6,18.0
6029095,11,7,9,4.0
79868,1,7,17,4.0
5112885,9,2,12,11.0
433715,1,3,11,11.0
329964,1,3,6,6.0
629421,2,7,16,14.0
546643,1,2,6,1.0
173756,1,4,6,22.0
3946431,7,2,15,4.0
3791024,7,1,6,23.0
1217200,3,6,9,5.0
3255544,6,7,15,31.0
4799701,8,6,10,14.0
6511165,12,3,15,7.0
3263045,6,6,7,6.0
288655,1,6,16,30.0
671946,2,5,8,11.0
2472091,5,3,7,8.0
5429863,10,4,18,6.0
1137705,2,3,8,7.0
3735966,7,6,17,9.0
1722259,3,3,20,6.0
4130864,7,2,15,53.0
6442870,11,6,16,5.0
3704521,7,2,16,32.0
6055302,11,3,9,15.0
692649,2,5,14,4.0
6868444,12,3,7,12.0
2465122,5,1,19,7.0
616330,2,3,6,8.0
3027527,6,4,6,14.0
6030898,11,7,19,7.0
2058760,4,7,16,13.0
1515685,3,2,11,3.0
2513973,5,5,17,1.0
1306769,3,6,17,2.0
966388,2,1,9,15.0
1113744,2,3,20,3.0
6521285,12,6,15,3.0
2415426,5,7,19,48.0
4152793,7,1,16,6.0
571996,1,3,8,12.0
6554586,12,3,15,2.0
3695803,7,3,19,2.0
4185226,7,1,17,7.0
5511724,10,1,15,28.0
2482858,5,6,10,21.0
37518,1,1,10,1.0
5104235,9,6,11,9.0
6411072,11,7,20,6.0
651422,2,6,16,7.0
6521743,12,6,12,10.0
3136856,6,1,16,35.0
1240075,3,6,8,23.0
6027994,11,7,11,11.0
6532985,12,3,16,14.0
626543,2,5,6,9.0
3005385,6,4,16,1.0
536299,1,1,10,10.0
4527653,8,3,9,1.0
4941063,9,5,13,19.0
6765371,12,3,6,7.0
3170335,6,3,10,4.0
2078330,4,1,9,2.0
2461958,5,7,12,7.0
6729433,12,3,14,6.0
6944701,12,4,20,10.0
3788094,7,6,10,104.0
1319762,3,2,7,19.0
1296269,3,7,11,4.0
2348973,4,5,6,13.0
1894525,4,7,15,4.0
611883,2,1,12,5.0
1931029,4,5,20,60.0
3680979,7,5,18,25.0
695339,2,7,18,8.0
6474240,12,5,18,16.0
4413688,8,3,9,10.0
4352644,8,6,15,17.0
5356987,9,4,19,25.0
4464218,8,1,6,25.0
3423304,6,6,10,10.0
3092286,6,1,7,20.0
4516189,8,1,19,23.0
6888431,12,6,7,8.0
4097486,7,4,7,109.0
5521092,10,1,13,32.0
6978623,12,1,11,9.0
4150567,7,3,11,16.0
2482783,5,6,10,35.0
710698,2,7,19,17.0
1347832,3,7,15,46.0
4816201,8,1,19,17.0
5427845,10,4,16,10.0
5865765,10,4,18,8.0
5910205,10,7,18,29.0
2972019,5,4,6,10.0
2515367,5,6,19,22.0
5392814,10,7,19,3.0
4038995,7,4,11,40.0
2509547,5,2,9,6.0
2428794,5,4,9,8.0
1284813,3,5,18,5.0
1762751,3,7,13,10.0
6002911,11,5,19,2.0
3007310,6,5,14,18.0
2514868,5,3,19,10.0
2420316,5,1,6,6.0
4815529,8,1,5,20.0
1006894,2,4,8,25.0
5511026,10,7,15,28.0
5512833,10,3,17,20.0
23914,1,4,13,63.0
185543,1,5,13,30.0
5695429,10,4,21,13.0
3655812,7,5,17,7.0
1327489,3,6,12,15.0
1905163,4,1,17,15.0
6528093,12,1,6,17.0
3026260,6,4,8,9.0
6873381,12,6,6,30.0
1911528,4,2,15,5.0
4881675,9,7,17,13.0
3916592,7,3,12,24.0
4342999,8,6,9,8.0
6966016,12,2,8,6.0
4518197,8,2,12,6.0
5460801,10,7,18,10.0
6025005,11,6,17,11.0
31601,1,6,12,21.0
6447072,11,7,6,8.0
3544374,6,5,17,9.0
5980494,11,6,9,28.0
302584,1,4,7,22.0
2355309,4,1,18,6.0
3124815,6,4,6,15.0
769696,2,1,6,25.0
2495532,5,7,17,10.0
5427764,10,4,9,20.0
2689616,5,5,17,1.0
3948970,7,3,17,6.0
3173921,6,5,10,57.0
652425,2,7,18,5.0
301506,1,3,6,17.0
2083058,4,2,14,12.0
5341847,9,2,3,62.0
6951612,12,2,6,24.0
3103685,6,4,10,10.0
6732546,12,1,7,29.0
1873332,4,1,19,3.0
768169,2,7,16,25.0
6716516,12,6,7,25.0
1305033,3,7,15,7.0
2932231,5,6,21,35.0
3663349,7,7,16,14.0
3766723,7,5,17,80.0
752907,2,6,6,4.0
566714,1,6,11,32.0
4766041,8,5,20,26.0
4496972,8,7,9,26.0
2083027,4,2,14,3.0
5215977,9,5,14,14.0
1117078,2,4,14,15.0
4771059,8,2,0,16.0
3495706,6,1,19,47.0
1476471,3,1,17,10.0
6288712,11,6,15,14.0
1616467,3,6,6,11.0
3719436,7,3,19,18.0
1841234,4,5,18,8.0
6339225,11,2,6,25.0
2963810,5,6,17,13.0
1240047,3,6,10,13.0
3655716,7,5,19,2.0
3163545,6,7,12,4.0
6561386,12,3,17,19.0
1766632,3,7,0,15.0
6614740,12,6,6,30.0
1810652,4,3,19,6.0
5905962,10,6,14,10.0
1755549,3,3,15,13.0
6238065,11,2,5,11.0
1437276,3,6,8,39.0
5506210,10,7,20,36.0
1263194,3,6,14,8.0
5359219,9,4,17,7.0
1441336,3,2,21,7.0
3110581,6,1,14,5.0
442037,1,2,6,29.0
6748879,12,2,6,34.0
4160853,7,5,19,22.0
773130,2,3,9,70.0
3084372,6,7,11,2.0
1309346,3,1,11,26.0
1282586,3,6,13,12.0
2504065,5,2,14,7.0
1018187,2,5,14,1.0
3945375,7,4,19,27.0
6544796,12,7,19,27.0
1230649,3,3,7,16.0
6590817,12,3,17,43.0
1252967,3,3,7,12.0
2668947,5,1,20,20.0
4678372,8,7,14,6.0
6751908,12,5,7,30.0
3451440,6,6,10,10.0
2455379,5,5,6,15.0
2506359,5,3,15,6.0
2048719,4,6,20,45.0
1823523,4,7,11,8.0
33284,1,7,11,5.0
299342,1,3,6,29.0
6525662,12,1,11,17.0
4284626,8,1,17,3.0
71612,1,5,13,66.0
857191,2,5,16,65.0
5905913,10,6,6,10.0
865843,2,5,16,4.0
679318,2,1,6,14.0
2273437,4,3,11,36.0
1759569,3,1,9,15.0
6860182,12,5,7,9.0
3901426,7,4,19,57.0
3623389,7,2,6,77.0
256392,1,2,18,27.0
4884299,9,1,6,31.0
445081,1,4,15,12.0
262253,1,6,9,31.0
4159085,7,1,0,23.0
4947894,9,4,11,1.0
3677018,7,4,21,10.0
2949913,5,6,16,8.0
2948657,5,4,21,11.0
5980547,11,6,8,8.0
2929011,5,5,13,15.0
6002020,11,5,15,47.0
3719762,7,4,14,11.0
1018922,2,7,17,18.0
3259605,6,3,18,9.0
647302,2,5,18,10.0
583577,1,6,7,22.0
1184810,3,3,6,12.0
5460949,10,7,19,5.0
3289125,6,5,12,24.0
6720482,12,2,6,10.0
6855961,12,3,0,6.0
6954032,12,2,20,38.0
4282948,8,7,7,24.0
848618,2,5,9,10.0
1220335,3,7,18,2.0
722128,2,3,14,10.0
342440,1,4,7,2.0
2509261,5,4,13,17.0
4199661,7,1,17,7.0
967685,2,7,10,20.0
3120807,6,7,20,7.0
138487,1,1,16,43.0
4325151,8,6,11,5.0
1925945,4,5,18,18.0
1456835,3,7,18,16.0
2044911,4,3,22,38.0
3054516,6,5,18,2.0
2816915,5,1,17,13.0
564132,1,3,17,14.0
6028348,11,7,18,29.0
5494616,10,7,10,17.0
6400116,11,6,13,10.0
685101,2,3,10,7.0
6965808,12,1,15,13.0
1110508,2,2,18,1.0
1290340,3,6,13,11.0
2358279,4,7,18,10.0
4151726,7,6,20,3.0
659230,2,2,11,12.0
1448867,3,7,14,32.0
536036,1,1,11,7.0
5515241,10,7,9,35.0
3708286,7,2,12,35.0
5323806,9,5,16,17.0
1931105,4,5,18,54.0
3013122,6,7,15,1.0
1378681,3,4,6,31.0
5475645,10,4,14,2.0
1449032,3,1,6,17.0
5467466,10,2,14,4.0
6476637,12,6,15,11.0
6544776,12,7,19,27.0
1718566,3,1,21,19.0
4098531,7,4,9,115.0
2961391,5,6,19,23.0
2491137,5,5,10,7.0
3031961,6,5,18,5.0
2985754,5,6,5,48.0
3565156,6,7,17,12.0
6633495,12,2,6,14.0
3726551,7,6,6,6.0
2470323,5,2,6,47.0
2427733,5,3,13,10.0
6029831,11,7,11,11.0
692204,2,5,6,12.0
1225614,3,2,19,2.0
2314359,4,5,18,14.0
1189720,3,5,18,5.0
668217,2,4,9,6.0
6717198,12,6,14,13.0
2651510,5,2,20,39.0
171284,1,3,7,23.0
1298209,3,2,19,18.0
885982,2,5,13,13.0
5084986,9,4,15,10.0
4109618,7,4,8,151.0
2074470,4,5,23,3.0
2531630,5,1,6,42.0
6733495,12,1,7,19.0
4177417,7,5,7,5.0
2683875,5,6,12,20.0
6618547,12,3,6,7.0
1745842,3,5,12,19.0
4200108,7,6,21,15.0
1723994,3,1,15,53.0
3628782,7,4,15,2.0
3634115,7,5,13,10.0
5509128,10,4,15,18.0
3211040,6,6,14,50.0
6978501,12,1,21,10.0
3090000,6,6,6,20.0
2395375,5,1,16,6.0
3531515,6,2,20,10.0
640969,2,3,8,2.0
1749086,3,7,13,11.0
6717666,12,7,20,32.0
1460274,3,2,16,26.0
2438969,5,7,16,8.0
772854,2,3,5,50.0
1293333,3,5,9,19.0
4713374,8,7,8,17.0
4806500,8,3,7,6.0
1749818,3,6,9,24.0
1288652,3,3,14,3.0
3112101,6,5,15,21.0
6029177,11,7,14,12.0
6993572,12,1,14,6.0
3020849,6,2,9,10.0
579080,1,4,10,6.0
2951126,5,7,7,14.0
2962641,5,4,19,17.0
1755751,3,4,6,17.0
544339,1,7,21,4.0
5329651,9,6,8,16.0
6444269,11,4,10,8.0
1125210,2,5,14,4.0
4963200,9,6,16,68.0
3621312,7,2,21,1.0
6951477,12,2,6,22.0
2472831,5,3,7,12.0
4292063,8,3,9,13.0
1256236,3,4,21,1.0
4806309,8,7,5,11.0
743341,2,6,9,29.0
3545471,6,7,17,10.0
4274876,8,5,7,14.0
4577,1,5,6,9.0
1190494,3,5,11,14.0
1628881,3,7,5,16.0
540208,1,4,9,17.0
6186084,11,6,11,4.0
6511474,12,3,8,2.0
5385850,10,5,13,18.0
5449144,10,3,12,9.0
1909480,4,3,19,3.0
5892864,10,2,16,12.0
1674180,3,7,18,10.0
2350202,4,3,12,7.0
3710528,7,6,13,14.0
1351736,3,2,7,38.0
616913,2,3,15,22.0
583928,1,4,14,35.0
5562257,10,6,10,17.0
3728200,7,3,19,3.0
721132,2,2,11,8.0
624429,2,5,17,5.0
6974595,12,6,18,18.0
2470336,5,2,7,35.0
6980849,12,5,6,12.0
5096329,9,7,17,19.0
4973127,9,7,6,15.0
1798962,4,6,15,4.0
510147,1,4,12,13.0
578125,1,6,6,16.0
4573910,8,3,20,43.0
5780150,10,6,8,11.0
1240509,3,6,12,6.0
116899,1,7,19,8.0
6979405,12,7,8,4.0
6618553,12,6,6,7.0
4882123,9,7,16,1.0
4974112,9,2,17,56.0
3699846,7,4,16,2.0
5578297,10,7,10,62.0
2361479,4,5,15,7.0
1936110,4,5,13,25.0
298699,1,3,12,12.0
6771729,12,5,10,25.0
4184692,7,2,19,15.0
6405529,11,6,6,17.0
295632,1,2,15,6.0
74318,1,5,18,9.0
104619,1,7,20,10.0
6427871,11,6,17,23.0
81965,1,1,16,11.0
6532940,12,3,18,21.0
2323115,4,5,13,28.0
6530603,12,2,11,7.0
6595958,12,3,10,104.0
6977687,12,2,8,17.0
575885,1,6,11,6.0
1213807,3,5,12,8.0
6773346,12,7,15,9.0
3020980,6,2,21,7.0
3525754,6,3,20,10.0
4162841,7,2,6,15.0
10224,1,7,21,4.0
4416702,8,5,9,32.0
6857844,12,3,17,10.0
1515200,3,7,17,8.0
3204095,6,2,10,111.0
3030196,6,5,18,4.0
639321,2,3,6,17.0
576,1,4,7,10.0
5325687,9,3,20,15.0
6517550,12,5,9,3.0
1286600,3,1,12,9.0
2391243,5,7,10,75.0
2683776,5,6,10,80.0
611908,2,1,15,5.0
1236840,3,5,21,5.0
6891097,12,2,6,14.0
6977020,12,3,10,9.0
1023383,2,6,7,30.0
5457039,10,6,17,11.0
5546131,10,4,10,46.0
2514378,5,3,7,6.0
4233211,8,7,17,6.0
150620,1,4,11,50.0
1232656,3,4,14,6.0
3113060,6,6,15,5.0
6487714,12,3,11,1.0
6964275,12,6,8,81.0
5337173,9,6,7,10.0
1269559,3,1,6,9.0
6505902,12,1,13,1.0
1423895,3,6,8,58.0
1738542,3,2,7,7.0
613614,2,2,7,24.0
1794278,4,5,20,2.0
3047508,6,3,21,5.0
3108918,6,1,16,5.0
6656561,12,6,6,28.0
2513418,5,4,19,12.0
1897588,4,7,19,4.0
1918304,4,7,20,2.0
2564317,5,1,20,35.0
643153,2,4,18,4.0
848111,2,5,18,58.0
670412,2,5,20,15.0
3043629,6,2,17,6.0
3314868,6,6,6,20.0
880096,2,2,6,2.0
2173503,4,5,9,2.0
2820072,5,1,17,24.0
572432,1,5,15,13.0
4158083,7,6,20,15.0
1448968,3,1,6,18.0
877232,2,7,11,101.0
6000923,11,5,15,6.0
6993926,12,1,7,6.0
511147,1,6,17,6.0
2446440,5,2,9,19.0
489324,1,3,13,15.0
298494,1,3,6,11.0
300567,1,3,20,12.0
1006397,2,2,19,8.0
4430547,8,6,6,23.0
119567,1,2,19,10.0
3110512,6,1,18,229.0
6949523,12,4,11,16.0
60661,1,1,13,4.0
6966763,12,3,15,17.0
1827302,4,1,14,12.0
1864767,4,5,21,16.0
2442368,5,1,17,15.0
852321,2,1,20,23.0
6120587,11,4,6,1.0
1351774,3,2,13,19.0
209086,1,6,14,33.0
6945456,12,7,14,10.0
1111924,2,5,20,13.0
850441,2,7,18,16.0
631023,2,7,18,5.0
6980146,12,6,16,6.0
4977024,9,6,16,30.0
1294112,3,7,18,16.0
3688889,7,1,13,4.0
5086285,9,5,11,62.0
2057547,4,6,16,69.0
6993798,12,1,5,11.0
4410527,8,1,9,24.0
6964269,12,6,8,79.0
6981538,12,4,19,14.0
1317825,3,6,8,74.0
2360696,4,4,19,11.0
297198,1,2,16,34.0
2078730,4,1,14,1.0
4914585,9,3,17,12.0
6071962,11,7,14,38.0
1370021,3,6,6,20.0
2822447,5,2,13,24.0
1235161,3,5,13,11.0
5646499,10,5,17,36.0
6646114,12,5,6,25.0
1632386,3,6,8,8.0
1724057,3,1,19,22.0
5381306,9,5,15,79.0
1937159,4,6,6,32.0
2324392,4,1,12,19.0
638851,2,2,8,4.0
3701849,7,4,13,16.0
3011322,6,6,12,4.0
4098560,7,2,16,34.0
6715999,12,5,18,4.0
5562390,10,3,13,15.0
5026116,9,1,6,15.0
6964887,12,7,6,7.0
1455079,3,5,16,14.0
300031,1,3,10,68.0
1004764,2,2,18,5.0
1721827,3,2,8,6.0
6774810,12,1,12,2.0
81572,1,1,13,7.0
1762858,3,5,14,28.0
629524,2,7,15,5.0
4883117,9,7,20,1.0
1249209,3,2,14,3.0
301318,1,3,13,4.0
6542681,12,6,7,29.0
712657,2,4,16,9.0
3046616,6,3,20,4.0
5109915,9,1,19,8.0
6644049,12,2,10,65.0
1182808,3,3,17,7.0
126671,1,3,19,27.0
3708435,7,5,7,31.0
2083085,4,2,14,30.0
5892600,10,1,14,13.0
2906883,5,4,17,6.0
2395310,5,1,16,5.0
283438,1,2,13,3.0
374545,1,7,13,3.0
1895321,4,5,12,6.0
2491643,5,5,11,2.0
675803,2,7,19,1.0
1907604,4,3,16,11.0
2659072,5,1,8,20.0
1247230,3,1,6,6.0
4278839,8,6,8,34.0
650133,2,6,11,9.0
6562476,12,2,16,10.0
4366209,8,1,16,20.0
2122553,4,3,21,41.0
3570414,6,3,5,11.0
3255481,6,7,15,43.0
711498,2,4,17,1.0
1302069,3,7,12,8.0
1929621,4,3,16,18.0
3896247,7,7,20,7.0
2451098,5,3,21,4.0
622700,2,4,20,5.0
4918823,9,4,9,3.0
2501937,5,6,6,12.0
6938249,12,2,8,13.0
3724177,7,2,6,7.0
6562071,12,2,18,6.0
6733500,12,1,7,18.0
3130167,6,6,6,18.0
1897661,4,2,18,18.0
6568098,12,2,16,2.0
5260593,9,6,6,68.0
579354,1,6,9,20.0
547996,1,4,20,3.0
3105236,6,7,15,6.0
5326163,9,4,11,14.0
6551408,12,2,6,25.0
611843,2,1,14,40.0
5852591,10,5,21,18.0
625837,2,5,20,6.0
6525696,12,1,11,26.0
2965413,5,3,14,27.0
6965018,12,7,7,33.0
5227017,9,1,13,16.0
4961,1,5,17,14.0
3715487,7,6,15,10.0
2968524,5,6,10,7.0
4801906,8,6,9,9.0
2432723,5,5,13,6.0
6708883,12,6,16,12.0
2689615,5,5,12,7.0
3800987,7,1,14,3.0
3901405,7,4,19,20.0
262135,1,6,15,4.0
697791,2,1,17,7.0
5632060,10,7,9,42.0
1937226,4,7,18,40.0
2327578,4,5,17,16.0
2128416,4,7,12,1.0
3580050,6,5,6,25.0
743546,2,7,12,24.0
106951,1,2,17,3.0
1296054,3,7,18,4.0
1205209,3,3,14,6.0
2213797,4,3,13,28.0
2595084,5,7,5,24.0
3563651,6,6,20,5.0
2899482,5,3,17,1.0
6116227,11,7,6,5.0
2596141,5,1,9,21.0
1762888,3,7,17,11.0
1893987,4,5,18,8.0
852570,2,1,18,50.0
3447528,6,7,16,3.0
4345966,8,1,18,9.0
1286809,3,3,18,27.0
1896886,4,6,13,12.0
3184198,6,4,21,41.0
1225530,3,2,18,7.0
2513729,5,7,19,10.0
6539993,12,5,17,6.0
302567,1,4,7,24.0
3901571,7,4,20,20.0
1479628,3,7,20,2.0
4766618,8,6,7,27.0
3571936,6,2,14,4.0
2588626,5,3,16,12.0
2407629,5,4,21,2.0
297177,1,2,16,14.0
1206623,3,3,16,25.0
1293062,3,3,20,4.0
6825961,12,6,12,30.0
2495822,5,4,6,12.0
1250820,3,2,15,1.0
1191276,3,5,7,19.0
3129037,6,5,15,22.0
6229175,11,4,6,23.0
677291,2,7,21,5.0
1243249,3,7,21,8.0
2082987,4,2,9,11.0
612238,2,1,12,5.0
4344408,8,6,17,11.0
6717360,12,6,14,7.0
5951721,11,4,20,2.0
4883143,9,7,10,6.0
6650896,12,3,6,5.0
4614460,8,7,9,16.0
1115271,2,6,20,15.0
1037085,2,1,6,20.0
2482753,5,6,10,15.0
4679333,8,6,17,25.0
3488389,6,5,11,42.0
1179809,3,2,17,13.0
128432,1,4,18,6.0
1307541,3,6,9,6.0
1240452,3,6,19,3.0
6525612,12,1,13,29.0
4767983,8,2,20,35.0
2967661,5,4,15,34.0
6525632,12,1,8,14.0
1758231,3,4,19,3.0
4063730,7,2,16,4.0
6519568,12,5,8,11.0
6525578,12,1,11,15.0
4158175,7,6,11,24.0
4890182,9,2,14,9.0
5455336,10,5,16,10.0
874435,2,5,5,3.0
5734336,10,4,10,51.0
1277644,3,1,7,19.0
6980399,12,5,6,24.0
71603,1,5,13,13.0
4909604,9,1,10,72.0
881255,2,3,16,49.0
1299934,3,3,17,1.0
6341626,11,1,21,17.0
3426602,6,4,19,13.0
3305223,6,2,11,26.0
2083063,4,2,10,7.0
6585948,12,2,17,19.0
4193666,7,2,12,5.0
1249672,3,2,7,17.0
6722776,12,4,14,28.0
2875606,5,3,13,31.0
4561772,8,3,19,111.0
1395847,3,1,6,23.0
105573,1,1,19,8.0
115361,1,2,14,9.0
4411805,8,2,14,32.0
1735709,3,4,9,3.0
558097,1,2,6,1.0
2865767,5,4,13,111.0
628341,2,6,14,18.0
1644524,3,4,12,40.0
2402880,5,3,12,70.0
2060053,4,1,20,12.0
752157,2,5,8,30.0
3701722,7,3,14,4.0
4271494,8,4,19,4.0
5415159,10,7,8,50.0
3277161,6,3,20,6.0
6862959,12,6,6,31.0
6947207,12,4,20,15.0
2515669,5,2,16,4.0
4769093,8,4,13,1.0
3016348,6,1,13,12.0
6539135,12,5,10,3.0
33069,1,7,15,15.0
1941437,4,7,18,11.0
3077377,6,5,21,3.0
4333905,8,5,20,18.0
4282921,8,7,6,55.0
127294,1,7,12,8.0
4556505,8,1,14,102.0
2354595,4,2,21,29.0
5485481,10,4,12,2.0
6977764,12,2,6,15.0
525375,1,3,18,5.0
1295532,3,4,10,2.0
2453559,5,4,8,4.0
297043,1,2,16,29.0
3050556,6,4,18,14.0
1447985,3,7,19,16.0
3640183,7,7,19,5.0
2059757,4,7,7,26.0
1817697,4,5,19,24.0
2501276,5,7,19,9.0
1729090,3,7,9,4.0
3877547,7,6,13,5.0
1753502,3,7,18,26.0
1914880,4,1,17,18.0
5646486,10,5,18,21.0
6891092,12,4,6,37.0
2368608,4,7,19,9.0
2461936,5,7,11,17.0
5652422,10,3,10,2.0
1747552,3,3,18,16.0
1299140,3,5,12,58.0
6029435,11,7,14,8.0
2518536,5,4,6,20.0
647387,2,5,21,14.0
3063236,6,1,16,11.0
1156955,2,6,6,19.0
1372304,3,1,6,36.0
2969764,5,1,6,8.0
3880857,7,2,18,131.0
4821719,8,1,17,15.0
115277,1,2,19,6.0
3884121,7,4,11,91.0
6977760,12,2,6,8.0
537472,1,4,6,17.0
638197,2,2,9,7.0
2936427,5,4,17,1.0
5033400,9,6,10,16.0
2528539,5,4,10,22.0
720727,2,2,11,2.0
3013645,6,7,17,25.0
6002034,11,5,14,15.0
4040334,7,4,12,77.0
2560436,5,6,7,13.0
579260,1,2,17,4.0
49015,1,5,20,9.0
1764418,3,1,8,6.0
1805520,4,1,21,36.0
1849627,4,1,19,4.0
6518877,12,5,8,10.0
1252650,3,3,12,7.0
3325587,6,5,6,20.0
1219027,3,7,9,2.0
1902926,4,2,19,5.0
6579088,12,2,6,7.0
4112254,7,4,6,42.0
6719063,12,1,9,16.0
301292,1,3,13,4.0
3006893,6,5,12,16.0
4380990,8,1,6,40.0
4771997,8,4,17,5.0
33148,1,7,15,15.0
2416316,5,7,19,20.0
3125623,6,7,15,45.0
6434293,11,4,14,34.0
300000,1,3,7,15.0
4161030,7,5,13,5.0
3143530,6,3,6,37.0
1127879,2,2,12,1.0
4520567,8,4,6,16.0
4955069,9,4,19,7.0
256279,1,2,6,15.0
3525507,6,2,16,17.0
2453755,5,4,19,3.0
298565,1,3,7,18.0
6765214,12,6,5,7.0
1256196,3,4,19,12.0
3901469,7,4,20,37.0
1896422,4,5,19,7.0
1267441,3,7,8,11.0
584436,1,4,14,6.0
1299625,3,1,17,35.0
2816085,5,3,6,10.0
2512547,5,7,17,4.0
5854155,10,1,14,12.0
1182397,3,3,16,13.0
2390226,5,6,13,4.0
3550681,6,2,18,2.0
6432846,11,6,7,34.0
6810070,12,5,14,6.0
6529699,12,2,7,9.0
4976797,9,6,21,55.0
3176517,6,7,21,20.0
1893979,4,5,16,2.0
3121541,6,7,18,69.0
7410,1,6,16,34.0
4351015,8,2,15,2.0
1751644,3,4,6,15.0
5491702,10,4,19,27.0
6426320,11,7,19,20.0
3098197,6,6,14,11.0
3713057,7,7,18,9.0
1761404,3,5,19,35.0
3081494,6,6,8,12.0
125250,1,2,15,8.0
6708353,12,6,15,4.0
436658,1,3,9,30.0
127136,1,3,19,10.0
3714401,7,6,12,16.0
6028975,11,7,20,5.0
1903540,4,6,13,3.0
1914154,4,1,19,9.0
6393734,11,4,10,2.0
4241920,8,2,12,31.0
431917,1,3,9,36.0
1238116,3,5,10,5.0
4099804,7,2,16,28.0
3043919,6,2,20,1.0
5576923,10,3,9,11.0
2902048,5,2,23,1.0
5911600,10,5,6,22.0
261853,1,6,7,17.0
3139985,6,5,5,33.0
2551531,5,4,6,18.0
6649425,12,4,7,9.0
6716023,12,5,19,77.0
1115520,2,7,12,12.0
3448991,6,3,8,3.0
5361749,9,4,15,21.0
1186526,3,4,19,2.0
1234644,3,4,20,13.0
711590,2,7,18,8.0
1266277,3,7,19,1.0
5319445,9,2,10,18.0
6717638,12,7,11,10.0
3708246,7,3,10,87.0
3562038,6,1,11,1.0
2501754,5,4,14,9.0
5911587,10,5,15,9.0
6854539,12,2,17,29.0
4104336,7,2,13,11.0
6531553,12,2,12,15.0
300584,1,3,9,8.0
5415146,10,7,7,67.0
1999197,4,2,9,7.0
1297761,3,7,14,20.0
1351786,3,2,10,53.0
1188674,3,5,6,15.0
4241958,8,2,12,19.0
5620282,10,4,15,14.0
6644495,12,6,7,3.0
2160284,4,2,13,17.0
6526499,12,1,15,28.0
2083048,4,2,6,16.0
2967979,5,5,15,16.0
4156676,7,3,18,11.0
6980107,12,6,21,5.0
4961933,9,4,15,16.0
115212,1,3,10,13.0
1294735,3,6,15,3.0
2513480,5,4,16,7.0
1914665,4,7,10,8.0
1346355,3,6,9,15.0
1351707,3,2,10,51.0
109666,1,5,15,36.0
2504191,5,6,19,15.0
174899,1,5,20,82.0
1230538,3,3,8,14.0
6951573,12,2,8,25.0
1446737,3,6,17,6.0
2353334,4,7,19,10.0
1317860,3,6,8,58.0
1804507,4,1,18,4.0
1622465,3,6,9,22.0
1225370,3,2,16,4.0
6529011,12,2,12,12.0
1867531,4,6,16,20.0
1219136,3,7,17,1.0
5646543,10,5,18,10.0
3120800,6,7,21,22.0
4887619,9,2,8,30.0
4268797,8,3,15,29.0
3623395,7,2,7,25.0
4379553,8,6,19,43.0
3260683,6,4,20,13.0
1230653,3,3,8,8.0
2953795,5,4,19,2.0
4206258,7,4,15,15.0
625652,2,5,8,26.0
6427087,11,7,6,6.0
427133,1,3,9,18.0
2838325,5,4,10,42.0
1245,1,4,11,11.0
4810587,8,2,14,7.0
1456573,3,6,13,13.0
798706,2,5,19,28.0
2961362,5,6,6,23.0
3029021,6,4,6,15.0
6445812,11,2,15,2.0
1209119,3,4,14,14.0
2082255,4,2,7,12.0
1288433,3,1,17,8.0
703807,2,1,11,4.0
546243,1,4,20,15.0
886017,2,5,17,17.0
3772453,7,7,6,23.0
7377,1,6,19,13.0
6198020,11,6,13,40.0
4821268,8,6,20,10.0
4188338,7,7,16,17.0
1230614,3,3,7,58.0
6555391,12,3,16,5.0
3118981,6,1,11,3.0
2392017,5,7,13,10.0
4160892,7,5,19,30.0
511209,1,6,6,27.0
3567788,6,6,21,9.0
6649769,12,2,8,5.0
1292335,3,5,7,7.0
493589,1,3,16,20.0
1305523,3,4,17,7.0
1056154,2,1,23,11.0
494842,1,4,15,10.0
1346173,3,6,6,17.0
4963810,9,7,15,73.0
5014877,9,1,14,18.0
4111298,7,2,15,53.0
1612973,3,7,19,54.0
3901403,7,4,19,32.0
1282591,3,2,6,19.0
677176,2,7,16,4.0
580423,1,3,18,42.0
1149898,2,1,7,8.0
1727630,3,4,17,7.0
6645715,12,7,9,44.0
1898947,4,7,19,7.0
2083094,4,2,15,23.0
6134255,11,6,13,35.0
535992,1,7,7,24.0
1295451,3,4,18,11.0
97366,1,1,8,11.0
128756,1,3,19,39.0
2470338,5,2,7,25.0
6519920,12,6,12,13.0
4775546,8,5,11,31.0
111347,1,6,8,7.0
127213,1,7,18,18.0
2508602,5,3,14,17.0
1285959,3,1,19,27.0
6716037,12,5,19,63.0
2493991,5,3,13,15.0
2584212,5,7,5,12.0
3678164,7,5,7,17.0
1302837,3,6,13,13.0
1846894,4,7,14,25.0
2831224,5,1,17,12.0
3533496,6,6,21,7.0
2556892,5,4,8,2.0
4124967,7,4,8,150.0
611817,2,1,8,7.0
1753090,3,5,18,5.0
1346163,3,6,13,15.0
196307,1,4,8,61.0
3638178,7,7,19,5.0
110788,1,7,11,4.0
6727789,12,1,6,16.0
5326915,9,6,13,11.0
6499316,12,6,15,1.0
2986085,5,6,6,42.0
4393338,8,2,6,5.0
91953,1,4,21,11.0
4377707,8,3,16,22.0
1281493,3,6,18,36.0
3577863,6,4,18,33.0
1379119,3,5,7,26.0
1441770,3,2,15,20.0
4155096,7,6,21,34.0
1238264,3,5,10,37.0
676215,2,7,11,28.0
6541101,12,6,10,18.0
2364703,4,7,19,8.0
1239178,3,6,15,4.0
3272748,6,7,18,24.0
3024794,6,3,15,4.0
2707340,5,6,13,49.0
74107,1,5,15,18.0
2070829,4,2,8,2.0
611963,2,1,8,23.0
2228380,4,2,12,7.0
1753340,3,4,16,10.0
6440488,11,2,18,17.0
67051,1,3,18,2.0
4819653,8,6,14,11.0
6506859,12,2,15,14.0
2935586,5,3,17,10.0
2964552,5,6,17,25.0
1282460,3,7,10,10.0
3473718,6,4,21,5.0
655218,2,1,7,19.0
1251391,3,2,6,21.0
2511685,5,1,17,7.0
3713033,7,7,20,23.0
1719471,3,4,11,31.0
6516143,12,4,12,20.0
1925969,4,5,20,37.0
723547,2,1,15,13.0
1269115,3,1,12,6.0
2050425,4,7,13,9.0
260621,1,5,17,15.0
1107511,2,1,11,12.0
4068129,7,4,7,24.0
4799112,8,2,7,1.0
3710501,7,4,19,4.0
5453850,10,5,13,5.0
742245,2,5,17,26.0
1190454,3,5,17,4.0
1464894,3,6,23,37.0
4314602,8,3,16,2.0
1140988,2,7,18,10.0
6984568,12,7,21,22.0
2973402,5,6,12,106.0
4149354,7,2,15,44.0
3716533,7,1,17,7.0
885905,2,5,12,8.0
2958630,5,6,19,17.0
6538420,12,5,18,10.0
5098841,9,2,19,8.0
3029039,6,4,6,18.0
4237110,8,1,13,10.0
1293098,3,7,14,6.0
1270866,3,1,19,12.0
587260,1,3,19,25.0
116738,1,5,18,3.0
537349,1,4,20,27.0
3575809,6,6,21,36.0
6350478,11,7,6,22.0
5417432,10,1,15,2.0
287965,1,5,7,5.0
926555,2,5,7,6.0
5227461,9,1,13,8.0
4436431,8,3,6,2.0
6519532,12,5,7,11.0
1237179,3,5,15,7.0
125398,1,2,17,1.0
4132800,7,2,14,51.0
4534264,8,5,13,1.0
742234,2,5,15,41.0
577748,1,5,7,25.0
6974924,12,6,14,8.0
1723605,3,7,8,15.0
4772486,8,5,11,8.0
333938,1,3,11,4.0
2353117,4,6,20,28.0
577886,1,1,11,9.0
108589,1,2,18,4.0
6521959,12,6,7,21.0
766736,2,6,18,33.0
6770366,12,2,11,6.0
3043325,6,2,18,1.0
6562625,12,2,19,36.0
3108820,6,6,19,40.0
4150504,7,3,13,28.0
2548214,5,5,13,80.0
3568662,6,4,17,15.0
1812038,4,3,8,10.0
4203002,7,1,15,22.0
4197479,7,2,16,14.0
4257625,8,7,21,9.0
1156058,2,6,5,11.0
5248404,9,4,16,7.0
1137134,2,2,8,9.0
1448862,3,7,14,17.0
4186872,7,3,6,6.0
5221323,9,2,6,16.0
1794198,4,5,13,11.0
574898,1,3,19,5.0
6526552,12,1,19,20.0
6530771,12,2,16,5.0
2928504,5,4,12,15.0
1842938,4,5,18,5.0
784056,2,3,19,30.0
1892175,4,1,17,6.0
6253,1,6,8,17.0
1909440,4,7,5,33.0
3047050,6,3,18,9.0
1356026,3,5,16,28.0
1240973,3,6,15,14.0
55511,1,7,16,21.0
1192466,3,6,12,8.0
5433688,10,6,13,9.0
676825,2,7,10,7.0
2444436,5,1,7,12.0
1716657,3,4,10,37.0
6975360,12,5,7,7.0
1916864,4,2,9,7.0
1836888,4,4,7,78.0
1365758,3,4,13,26.0
6433951,11,4,19,11.0
6546208,12,7,9,6.0
2763527,5,5,13,32.0
294983,1,4,18,12.0
2407099,5,4,18,7.0
4914590,9,3,19,3.0
866911,2,6,20,28.0
914738,2,4,21,16.0
693562,2,5,17,12.0
6699976,12,6,19,12.0
3679165,7,5,7,191.0
6775680,12,4,6,8.0
4189660,7,6,17,17.0
488119,1,2,18,41.0
6055681,11,3,6,17.0
3101720,6,4,19,5.0
849449,2,6,17,16.0
667922,2,4,16,9.0
2897197,5,4,20,21.0
878257,2,1,13,44.0
6537314,12,5,7,16.0
4150406,7,3,20,2.0
3040358,6,1,13,8.0
3635790,7,6,12,4.0
2049679,4,7,11,6.0
6714594,12,4,5,6.0
5626188,10,2,11,16.0
624452,2,5,15,5.0
3029183,6,4,15,17.0
555709,1,5,7,3.0
5490815,10,5,9,18.0
4508329,8,1,6,9.0
6040752,11,1,14,7.0
856272,2,4,14,4.0
859255,2,7,16,12.0
1714021,3,4,20,21.0
5415996,10,7,21,5.0
6874467,12,6,7,20.0
2894877,5,6,14,15.0
438317,1,7,11,7.0
797842,2,4,15,97.0
2516543,5,3,14,4.0
3558029,6,3,18,21.0
3115945,6,3,15,8.0
1130008,2,6,13,5.0
11451,1,7,13,12.0
1219072,3,7,10,1.0
117521,1,3,10,6.0
5449313,10,3,6,15.0
6633615,12,6,6,16.0
4282940,8,7,6,29.0
4203204,7,6,17,14.0
6518342,12,5,11,6.0
649617,2,6,16,86.0
5490116,10,5,18,2.0
2956704,5,4,16,7.0
118474,1,3,19,12.0
2439812,5,7,15,8.0
2452141,5,4,10,14.0
5417170,10,1,12,86.0
3121959,6,1,18,48.0
3737702,7,1,15,18.0
3063327,6,1,20,1.0
1190997,3,5,6,20.0
302543,1,4,7,36.0
2424988,5,3,19,7.0
1182360,3,3,16,14.0
1426766,3,6,8,70.0
107120,1,1,9,9.0
6525629,12,1,10,40.0
2956086,5,4,16,13.0
6943941,12,2,21,8.0
3735480,7,4,18,6.0
3160172,6,1,11,23.0
3900964,7,3,13,23.0
3563481,6,6,21,7.0
6733509,12,1,6,19.0
6624344,12,5,7,3.0
796726,2,4,6,20.0
6531431,12,2,9,8.0
1306143,3,1,15,2.0
1239146,3,6,11,17.0
5144510,9,4,11,2.0
2354501,4,3,11,7.0
2345407,4,4,19,12.0
724233,2,5,10,17.0
4129817,7,5,12,6.0
568271,1,3,19,9.0
4244893,8,3,15,1.0
185409,1,4,17,26.0
6582113,12,3,9,34.0
1924994,4,4,7,25.0
4184034,7,2,15,17.0
3717736,7,5,14,3.0
6939693,12,4,6,15.0
3094212,6,1,12,2.0
6530834,12,2,6,22.0
2446881,5,2,12,27.0
260674,1,5,9,14.0
2967797,5,6,18,18.0
2317083,4,4,20,41.0
4797899,8,4,14,12.0
4203383,7,6,19,7.0
1883426,4,3,20,6.0
6438277,11,5,19,8.0
195706,1,4,7,39.0
611478,2,1,17,6.0
3098534,6,5,12,24.0
6119114,11,7,14,20.0
1192130,3,6,9,22.0
3444670,6,6,10,12.0
703416,2,5,18,8.0
1198635,3,1,10,20.0
1723996,3,1,11,5.0
2505762,5,2,12,1.0
4873086,9,4,20,10.0
6886160,12,2,17,27.0
3685182,7,7,12,19.0
4922871,9,5,9,2.0
6009005,11,1,16,3.0
4099371,7,2,13,20.0
3695961,7,3,13,7.0
1221546,3,1,20,10.0
3065175,6,1,18,16.0
1282359,3,6,10,19.0
2420385,5,1,16,12.0
5432751,10,5,14,7.0
1216201,3,6,12,1.0
3755154,7,4,13,15.0
1411884,3,6,9,25.0
207616,1,5,6,19.0
5646539,10,5,18,4.0
2446612,5,2,6,16.0
3724705,7,4,21,8.0
1900816,4,4,17,6.0
3255584,6,7,15,15.0
3153702,6,3,9,15.0
3572204,6,6,21,20.0
176020,1,6,11,37.0
3451517,6,6,10,19.0
3032037,6,5,10,4.0
3807819,7,5,7,16.0
5497851,10,3,19,7.0
4959831,9,1,16,29.0
875181,2,5,13,13.0
653146,2,7,16,24.0
6975046,12,5,5,13.0
3179851,6,2,19,51.0
2960678,5,4,15,6.0
1718857,3,2,20,15.0
648260,2,5,7,12.0
4098419,7,3,14,33.0
206935,1,4,6,25.0
6438817,11,5,22,24.0
4769881,8,6,20,3.0
1631438,3,4,9,8.0
1394065,3,7,13,21.0
6944715,12,4,11,33.0
2365873,4,5,6,12.0
3119443,6,4,14,5.0
135,1,4,18,8.0
581268,1,4,14,16.0
5630558,10,6,20,8.0
611990,2,1,13,5.0
1722114,3,3,14,131.0
2295406,4,4,6,21.0
6530399,12,2,6,24.0
2714430,5,7,6,14.0
3256600,6,1,9,11.0
2347488,4,6,19,7.0
2083013,4,2,16,10.0
4371208,8,1,16,26.0
193302,1,3,17,20.0
1791505,4,4,19,9.0
1115215,2,6,8,51.0
4930612,9,1,17,1.0
1219884,3,7,20,9.0
6231870,11,1,6,4.0
10531,1,7,14,10.0
1753929,3,7,11,6.0
3119122,6,6,21,10.0
1754736,3,7,18,7.0
6273967,11,4,13,3.0
4875459,9,5,15,25.0
1346315,3,6,9,21.0
533112,1,6,15,30.0
1108726,2,4,14,16.0
6980318,12,5,9,9.0
705460,2,2,15,9.0
6949080,12,2,20,5.0
6057271,11,5,6,19.0
1154985,2,4,17,8.0
6438954,11,4,12,11.0
3004323,6,4,7,15.0
2368400,4,3,21,16.0
6520741,12,6,10,7.0
768309,2,7,7,20.0
3459626,6,4,17,67.0
1728861,3,6,14,11.0
23911,1,4,12,45.0
3686891,7,7,6,6.0
3185806,6,5,17,8.0
6654906,12,4,21,10.0
2961332,5,4,15,15.0
6529959,12,2,16,20.0
51577,1,5,16,5.0
6525700,12,1,13,25.0
6545134,12,7,13,6.0
2925378,5,4,20,33.0
6432730,11,6,7,6.0
4160823,7,5,18,58.0
1150557,2,7,11,85.0
6527299,12,1,9,19.0
296512,1,2,21,4.0
1302188,3,6,12,17.0
3807944,7,5,5,16.0
479778,1,7,16,19.0
6029817,11,7,11,15.0
2430207,5,4,15,9.0
415480,1,7,13,12.0
621458,2,4,6,22.0
653136,2,7,15,52.0
886264,2,5,7,8.0
2499828,5,1,15,17.0
1215801,3,6,10,14.0
2344456,4,7,20,9.0
6964285,12,6,9,43.0
3099916,6,3,10,8.0
653676,2,7,19,16.0
3091538,6,5,15,15.0
6064980,11,3,20,30.0
1980746,4,2,21,19.0
118980,1,3,10,5.0
653096,2,7,14,4.0
297056,1,2,13,12.0
6530592,12,2,18,6.0
4140889,7,2,6,16.0
3394763,6,4,10,2.0
1189134,3,5,15,1.0
2362669,4,4,11,11.0
3546109,6,1,12,8.0
3615690,7,7,9,13.0
1303516,3,7,13,7.0
5913247,10,3,17,8.0
1199820,3,1,7,13.0
6391843,11,4,10,74.0
4855852,9,6,17,6.0
6953563,12,1,15,6.0
670785,2,5,12,1.0
1191137,3,5,21,4.0
269975,1,5,9,10.0
2345427,4,5,9,9.0
568704,1,3,15,4.0
3757433,7,7,12,21.0
50736,1,5,19,14.0
1237201,3,5,15,8.0
256637,1,2,17,7.0
299993,1,3,13,5.0
5512270,10,2,6,17.0
2813134,5,6,12,122.0
1247218,3,1,7,6.0
2878613,5,4,6,28.0
3091369,6,4,14,2.0
97684,1,2,11,9.0
6766961,12,7,6,2.0
1295322,3,5,19,30.0
1180003,3,2,12,10.0
2952183,5,4,17,20.0
6555025,12,3,7,18.0
6979572,12,6,7,5.0
6733279,12,1,8,16.0
908358,2,5,20,66.0
3619006,7,1,10,2.0
1156921,2,7,18,5.0
5366230,9,4,19,6.0
652323,2,7,17,2.0
4771290,8,2,16,24.0
3745177,7,4,16,31.0
724481,2,6,17,20.0
2959296,5,1,20,3.0
882197,2,4,18,14.0
2346891,4,5,19,13.0
1482135,3,7,17,5.0
706434,2,4,12,12.0
126638,1,2,20,12.0
5854526,10,7,12,5.0
5495890,10,5,17,17.0
6350482,11,4,6,11.0
3565457,6,4,17,35.0
4535474,8,5,12,7.0
11364,1,7,20,4.0
9398,1,7,13,19.0
2367462,4,5,21,20.0
3623434,7,2,6,41.0
3823624,7,1,19,3.0
4635251,8,5,15,5.0
299910,1,3,7,17.0
3121488,6,7,14,10.0
704590,2,3,16,8.0
217441,1,4,6,15.0
671899,2,5,6,15.0
2482913,5,6,10,2.0
6447884,11,6,19,6.0
1446704,3,6,19,7.0
6107958,11,4,6,54.0
3679160,7,5,7,209.0
3003598,6,4,8,20.0
5573627,10,6,6,8.0
2414667,5,7,17,27.0
6518016,12,5,19,14.0
3000664,6,3,6,15.0
611931,2,1,10,9.0
6948708,12,1,20,5.0
119813,1,3,20,5.0
1293492,3,6,19,20.0
262725,1,7,7,7.0
4429253,8,5,7,12.0
1220256,3,7,17,30.0
4846845,9,3,20,14.0
1520155,3,4,15,3.0
612314,2,1,11,5.0
535897,1,7,20,57.0
1614623,3,4,17,2.0
539024,1,1,21,15.0
3054386,6,5,19,2.0
6514379,12,4,14,5.0
3684155,7,6,15,6.0
4891,1,5,17,8.0
3818290,7,4,6,12.0
1188685,3,5,6,23.0
2044867,4,3,22,1.0
886781,2,5,17,5.0
3448753,6,4,18,1.0
2279583,4,5,10,3.0
1350518,3,1,9,57.0
4072913,7,2,15,17.0
51603,1,5,21,12.0
3554319,6,6,14,10.0
4015984,7,2,15,10.0
6031496,11,6,6,12.0
2353087,4,1,15,13.0
3069022,6,2,17,7.0
1234188,3,4,15,10.0
6447860,11,6,18,13.0
4660428,8,1,9,2.0
111510,1,7,19,32.0
5438730,10,7,17,16.0
537603,1,4,21,16.0
654908,2,7,16,33.0
302723,1,4,7,31.0
33078,1,7,8,12.0
1401226,3,6,8,52.0
1746716,3,3,19,17.0
5648643,10,7,15,2.0
1007928,2,2,19,7.0
2476923,5,4,7,6.0
2928962,5,5,14,12.0
2083078,4,2,13,10.0
2428766,5,4,10,9.0
2364963,4,3,16,13.0
5951207,11,4,15,2.0
6771394,12,5,5,15.0
1220239,3,7,19,5.0
3679146,7,5,10,64.0
4455661,8,2,18,55.0
6549556,12,1,7,22.0
6519502,12,5,8,6.0
4393599,8,3,20,72.0
6943345,12,1,8,7.0
6083441,11,2,13,80.0
3290586,6,7,8,14.0
483105,1,2,6,13.0
666801,2,4,14,17.0
3072775,6,3,19,2.0
3563471,6,2,18,5.0
3557992,6,5,14,39.0
1327200,3,6,11,23.0
6980789,12,5,7,21.0
2958914,5,6,18,10.0
1757614,3,5,17,15.0
51623,1,5,8,6.0
3188618,6,7,5,19.0
4772621,8,5,11,23.0
3753466,7,2,14,33.0
1295740,3,2,7,4.0
1111310,2,4,11,6.0
3201410,6,1,14,100.0
4905289,9,7,15,7.0
2925497,5,4,10,36.0
885878,2,5,17,12.0
3916587,7,3,13,16.0
3524887,6,1,10,49.0
3544,1,5,10,8.0
1154730,2,6,15,26.0
5347524,9,7,13,18.0
6402470,11,5,14,16.0
5452170,10,4,14,8.0
6154843,11,6,6,24.0
4184491,7,3,12,4.0
3386326,6,4,13,5.0
1963233,4,1,20,15.0
1761401,3,2,19,16.0
1968563,4,1,16,50.0
6717345,12,6,8,7.0
5493295,10,1,18,35.0
1933393,4,1,9,16.0
3630513,7,4,15,5.0
2451794,5,4,11,3.0
1910386,4,6,8,4.0
4112221,7,2,14,22.0
6698080,12,4,13,17.0
576385,1,2,19,18.0
4364852,8,6,6,23.0
338245,1,7,12,11.0
770014,2,1,19,70.0
706530,2,5,6,8.0
1234726,3,4,7,18.0
693530,2,5,17,7.0
4664833,8,6,18,22.0
3281192,6,6,20,13.0
2346827,4,4,16,7.0
3699795,7,4,15,1.0
1231776,3,4,6,10.0
5459511,10,7,18,4.0
4973684,9,1,15,28.0
128657,1,4,6,12.0
1016090,2,4,14,8.0
2919354,5,4,20,10.0
4338791,8,1,9,4.0
6721976,12,3,6,76.0
6531750,12,2,17,49.0
128709,1,2,21,3.0
1530368,3,4,21,131.0
4495975,8,6,6,5.0
885993,2,5,15,7.0
137332,1,6,8,20.0
1918671,4,2,17,28.0
3160647,6,1,11,25.0
1370371,3,6,6,20.0
3442339,6,7,12,36.0
1628092,3,6,8,27.0
2959300,5,6,17,34.0
2498142,5,2,14,14.0
1198139,3,1,6,27.0
6122165,11,3,20,3.0
535959,1,7,11,18.0
6719760,12,1,6,4.0
3742981,7,1,21,32.0
1899541,4,3,19,18.0
2949926,5,3,19,8.0
3571981,6,5,17,19.0
2948648,5,7,19,7.0
1267533,3,7,13,11.0
2350362,4,3,14,6.0
1190980,3,5,18,11.0
1281081,3,5,12,1.0
4163551,7,4,11,19.0
1761435,3,5,19,7.0
5986395,11,1,13,1.0
6730998,12,1,6,13.0
2442431,5,1,9,5.0
2803800,5,7,6,62.0
679312,2,1,7,7.0
3447614,6,3,6,7.0
545436,1,2,16,28.0
6521764,12,6,14,7.0
3122851,6,3,17,92.0
3572063,6,6,15,8.0
1252924,3,3,8,7.0
333396,1,4,8,13.0
1605945,3,7,7,14.0
3529117,6,4,13,27.0
6735533,12,2,15,4.0
878343,2,1,9,5.0
6779591,12,6,11,10.0
535128,1,5,21,8.0
6187429,11,7,14,18.0
6978059,12,1,17,23.0
1449036,3,1,7,3.0
1245322,3,1,7,15.0
1268296,3,1,8,10.0
2349102,4,5,6,13.0
2946546,5,3,20,1.0
1254688,3,3,20,4.0
3255524,6,7,15,14.0
35572,1,1,17,16.0
5446190,10,3,10,1.0
1750515,3,7,11,12.0
6564562,12,6,7,15.0
5911019,10,6,19,15.0
2482897,5,6,9,5.0
645219,2,4,12,15.0
5507886,10,2,6,24.0
4374995,8,7,19,18.0
526978,1,6,14,17.0
744775,2,1,12,23.0
1748959,3,3,19,13.0
1913594,4,4,18,1.0
6519564,12,5,7,16.0
2121047,4,3,17,23.0
3623429,7,2,6,49.0
2407783,5,4,20,9.0
667628,2,4,18,4.0
4784923,8,7,7,8.0
868710,2,7,9,30.0
614648,2,2,13,25.0
6041626,11,6,13,14.0
2668707,5,1,18,18.0
33105,1,7,13,31.0
1836803,4,4,12,19.0
4815775,8,3,8,28.0
263886,1,1,14,3.0
3168640,6,2,15,56.0
5646551,10,5,18,28.0
1347809,3,7,12,16.0
4348951,8,3,20,18.0
3675670,7,4,13,10.0
2122301,4,3,11,23.0
1299672,3,7,17,8.0
6410460,11,6,20,10.0
2089362,4,4,7,17.0
1237947,3,5,10,6.0
3536002,6,5,7,30.0
2478615,5,5,17,2.0
1209284,3,4,7,15.0
3901567,7,4,19,20.0
6709146,12,7,20,37.0
6862311,12,7,20,8.0
5870101,10,5,16,37.0
3279025,6,4,17,8.0
4122401,7,2,14,3.0
4275926,8,5,19,13.0
6861384,12,7,8,15.0
1291809,3,2,15,6.0
1800110,4,7,12,11.0
3062080,6,7,12,3.0
2806271,5,7,7,35.0
1220242,3,7,20,8.0
4884310,9,1,6,33.0
1522691,3,4,6,8.0
571878,1,3,20,13.0
6556527,12,2,18,2.0
3289016,6,5,15,43.0
5230506,9,3,13,15.0
2513081,5,5,14,7.0
1269271,3,1,10,2.0
4232813,8,6,14,7.0
1293780,3,6,18,16.0
1891407,4,1,19,7.0
1282128,3,1,14,1.0
2410267,5,5,18,4.0
5913519,10,3,6,12.0
4150425,7,3,12,63.0
3937272,7,3,16,21.0
6525631,12,1,12,7.0
6557143,12,2,6,7.0
3787360,7,6,7,15.0
3659674,7,6,17,12.0
6971954,12,2,18,4.0
1793816,4,5,7,14.0
3108964,6,2,15,16.0
1276670,3,6,8,52.0
1255453,3,4,16,5.0
4773230,8,7,18,15.0
6038604,11,3,5,6.0
5662131,10,4,15,14.0
5240907,9,1,13,28.0
2955788,5,3,6,6.0
1139541,2,1,8,6.0
2590526,5,4,6,10.0
4291654,8,3,16,5.0
4531021,8,6,13,11.0
3117109,6,7,19,3.0
585692,1,3,8,13.0
4881588,9,7,21,8.0
5454138,10,5,20,11.0
119868,1,3,12,7.0
5562249,10,6,10,16.0
3708385,7,5,19,24.0
547788,1,4,22,9.0
6186382,11,6,9,20.0
616972,2,3,15,15.0
1455598,3,6,9,16.0
2949300,5,6,11,147.0
6993302,12,1,6,11.0
6528152,12,1,11,27.0
643714,2,4,14,7.0
1296878,3,6,18,18.0
3688551,7,1,11,8.0
1489429,3,6,6,40.0
1234582,3,4,18,9.0
646975,2,5,6,16.0
3900186,7,3,20,15.0
6048300,11,5,14,5.0
6968967,12,7,8,8.0
619666,2,3,6,6.0
1925956,4,5,16,23.0
6052590,11,6,19,13.0
687745,2,3,9,8.0
1009351,2,2,19,39.0
3031603,6,5,19,4.0
5644953,10,4,16,13.0
6990455,12,5,14,16.0
570624,1,3,9,9.0
3554920,6,2,18,15.0
1027891,2,1,19,11.0
4007805,7,1,18,20.0
687757,2,3,6,13.0
3010259,6,6,11,8.0
6083341,11,2,13,15.0
2970045,5,7,18,11.0
3016163,6,1,13,3.0
5513111,10,3,8,33.0
624285,2,5,17,44.0
6633501,12,7,6,12.0
643543,2,4,6,9.0
3531974,6,3,20,2.0
438101,1,3,12,13.0
114249,1,2,19,60.0
1144576,2,1,19,6.0
4372229,8,3,6,27.0
3722048,7,7,12,20.0
439760,1,5,9,21.0
4050089,7,3,12,26.0
1277083,3,1,15,7.0
5956178,11,5,14,8.0
1298096,3,2,7,12.0
6633504,12,6,6,15.0
3693140,7,2,17,2.0
1892084,4,3,18,9.0
1468353,3,2,16,20.0
3003114,6,4,9,9.0
289203,1,7,18,6.0
2503295,5,1,19,3.0
1300339,3,6,17,12.0
2348421,4,7,19,2.0
546527,1,2,6,3.0
6719372,12,1,11,11.0
6714668,12,4,20,14.0
6570856,12,5,17,1.0
1448977,3,1,6,15.0
6586111,12,3,7,96.0
3577566,6,7,7,20.0
6558086,12,1,19,10.0
4343912,8,7,19,17.0
3078881,6,5,6,9.0
1446150,3,5,16,10.0
1955861,4,2,8,7.0
3557764,6,1,14,6.0
2054859,4,4,11,7.0
2966321,5,6,18,13.0
3636983,7,6,11,3.0
1903743,4,7,15,17.0
4118146,7,2,5,21.0
110981,1,5,18,54.0
2431348,5,4,11,6.0
1064427,2,5,15,9.0
3150750,6,5,7,20.0
1693847,3,7,8,15.0
3335390,6,5,21,13.0
6646122,12,2,6,9.0
5633359,10,1,8,1.0
1283836,3,7,14,8.0
6964745,12,6,7,10.0
1297666,3,2,15,11.0
6525698,12,1,10,22.0
4205511,7,7,19,10.0
1298144,3,7,17,15.0
5563858,10,5,11,3.0
3287660,6,4,17,16.0
3076293,6,4,17,3.0
400420,1,3,13,8.0
6731336,12,1,6,10.0
3571810,6,6,18,8.0
1249750,3,2,8,2.0
6126114,11,7,6,13.0
1477059,3,1,7,4.0
4118147,7,3,5,15.0
6340827,11,5,18,15.0
5325673,9,3,14,20.0
3137686,6,2,6,18.0
1258185,3,4,18,1.0
2955913,5,6,6,22.0
2604146,5,6,11,81.0
1405551,3,6,9,35.0
1836864,4,4,7,15.0
5386543,10,5,17,3.0
533316,1,7,13,35.0
1291774,3,5,14,2.0
5415177,10,7,8,27.0
4195561,7,1,19,17.0
4158751,7,7,8,9.0
1159922,2,6,6,30.0
148688,1,1,17,18.0
6525705,12,1,14,24.0
5862942,10,5,15,70.0
105928,1,2,15,8.0
6546602,12,1,11,15.0
6532537,12,3,7,6.0
1387476,3,3,6,23.0
3563472,6,6,20,27.0
4419519,8,7,16,18.0
2590124,5,4,6,22.0
4342027,8,6,12,2.0
6541050,12,6,12,5.0
1205260,3,3,20,7.0
24282,1,4,16,10.0
5912332,10,4,17,4.0
3034182,6,6,20,3.0
6615506,12,1,6,20.0
1230219,3,3,18,22.0
2923663,5,7,20,68.0
6541381,12,6,16,10.0
3899504,7,2,18,8.0
6874289,12,3,8,7.0
3320320,6,7,10,32.0
536595,1,2,21,39.0
6590986,12,3,9,27.0
653718,2,7,15,53.0
3536632,6,6,11,53.0
1800864,4,7,17,16.0
877331,2,7,23,24.0
3031352,6,5,17,11.0
6456124,11,5,6,31.0
2928402,5,4,8,13.0
6487376,12,3,14,20.0
3280758,6,6,15,21.0
3733662,7,1,18,7.0
6950587,12,6,21,15.0
3901450,7,4,20,17.0
1118206,2,5,16,2.0
259022,1,4,18,27.0
569616,1,3,15,7.0
3116341,6,6,14,16.0
1456211,3,6,23,41.0
3579660,6,6,20,4.0
6041710,11,6,15,7.0
1286963,3,7,11,14.0
650546,2,6,10,12.0
6510939,12,3,12,7.0
6823279,12,2,11,2.0
3622679,7,2,21,3.0
6715546,12,5,8,12.0
526565,1,5,11,10.0
4158641,7,7,16,17.0
6993588,12,1,14,21.0
1286153,3,6,16,6.0
297049,1,2,16,46.0
648061,2,5,20,8.0
670578,2,5,9,10.0
6526316,12,1,6,13.0
1912052,4,5,18,11.0
6858,1,6,12,10.0
2495030,5,6,17,17.0
3797448,7,6,12,18.0
4519453,8,3,15,5.0
567023,1,3,12,3.0
6731095,12,1,13,3.0
1331139,3,5,7,3.0
2928425,5,4,13,8.0
6511367,12,3,8,6.0
3545682,6,7,15,22.0
3515901,6,4,18,4.0
6759930,12,6,8,4.0
3016159,6,1,6,22.0
4375284,8,7,17,30.0
3052051,6,4,17,3.0
206455,1,4,11,23.0
6849545,12,1,11,2.0
6531751,12,2,20,13.0
4526205,8,2,9,37.0
977876,2,5,14,7.0
3118061,6,7,15,13.0
2678923,5,2,6,8.0
2974161,5,6,18,9.0
4150038,7,2,20,15.0
3295504,6,7,13,16.0
2065344,4,5,19,9.0
2319788,4,4,20,8.0
3064929,6,1,9,3.0
3937605,7,7,12,15.0
403988,1,4,6,8.0
2822620,5,2,6,13.0
302559,1,4,7,15.0
491760,1,3,11,4.0
2056643,4,5,8,16.0
1155493,2,2,19,10.0
2921942,5,3,19,17.0
1456142,3,6,6,10.0
3123521,6,1,17,6.0
1758094,3,5,12,27.0
745502,2,3,15,102.0
436413,1,6,6,17.0
3559641,6,6,17,6.0
3037530,6,7,16,5.0
215456,1,3,19,22.0
1230668,3,3,8,34.0
6964264,12,6,9,19.0
1828143,4,1,13,6.0
1400560,3,6,10,26.0
2688711,5,5,20,13.0
5146635,9,7,17,3.0
1218010,3,7,7,18.0
4844389,9,2,12,1.0
585007,1,4,17,16.0
4815512,8,4,7,9.0
271197,1,6,14,42.0
1224299,3,1,11,14.0
4232842,8,6,17,4.0
2451275,5,3,17,16.0
2932357,5,6,20,61.0
5646575,10,5,17,30.0
700632,2,5,9,16.0
671956,2,5,7,11.0
1884620,4,2,18,5.0
3728898,7,6,16,13.0
3136830,6,1,15,35.0
6431347,11,1,19,3.0
300181,1,3,14,35.0
4966973,9,5,9,117.0
6525659,12,1,15,20.0
5093244,9,4,15,15.0
5646585,10,5,17,46.0
3648547,7,3,8,54.0
785622,2,4,16,16.0
1299746,3,6,21,9.0
1360072,3,7,10,21.0
5358750,9,4,18,27.0
4279043,8,6,18,9.0
1244942,3,1,15,3.0
624337,2,5,19,5.0
1217203,3,6,10,4.0
6029853,11,7,10,8.0
742538,2,5,13,22.0
2927129,5,1,10,20.0
3635068,7,6,19,11.0
2351912,4,1,20,25.0
1216900,3,6,12,3.0
5462201,10,1,9,8.0
126528,1,3,12,5.0
1280975,3,5,15,8.0
48928,1,5,15,9.0
581,1,4,10,10.0
3016186,6,1,10,15.0
25586,1,4,18,4.0
2677360,5,1,12,18.0
2086484,4,3,16,10.0
1913979,4,1,14,9.0
2972075,5,4,18,16.0
3008188,6,5,21,4.0
5516861,10,2,12,23.0
1891569,4,4,17,1.0
5211781,9,1,7,17.0
79660,1,7,19,2.0
1230498,3,3,8,13.0
6400259,11,6,13,78.0
1766261,3,4,16,33.0
1351246,3,2,7,18.0
6501359,12,7,16,15.0
6715762,12,5,6,3.0
6522598,12,7,12,35.0
1742403,3,5,17,6.0
4205454,7,3,19,15.0
1293935,3,6,19,19.0
3621927,7,2,18,1.0
2351503,4,5,18,16.0
3941506,7,1,10,14.0
10738,1,7,14,12.0
272223,1,7,18,7.0
6816645,12,3,12,2.0
1245218,3,1,16,17.0
273355,1,1,19,5.0
301534,1,3,9,4.0
3886572,7,6,19,110.0
1769232,3,6,15,17.0
1144550,2,6,19,10.0
5491436,10,4,13,27.0
3704005,7,7,15,11.0
6563648,12,1,14,10.0
6519507,12,5,7,19.0
4869320,9,3,17,2.0
4339097,8,6,10,16.0
2442376,5,1,10,42.0
6884984,12,2,6,6.0
1794333,4,5,20,10.0
6627186,12,4,6,17.0
2452702,5,4,16,3.0
3756232,7,5,14,27.0
1306866,3,6,17,62.0
2815619,5,6,12,83.0
541561,1,7,12,12.0
1836852,4,4,7,20.0
1216166,3,6,8,4.0
582114,1,3,19,18.0
5146530,9,7,21,3.0
3940329,7,2,18,5.0
6200253,11,7,20,1.0
1594223,3,6,13,9.0
1821289,4,6,17,2.0
1445771,3,5,14,3.0
1867191,4,6,6,21.0
1455750,3,6,20,51.0
6971844,12,3,14,40.0
3897606,7,1,18,18.0
2689632,5,5,14,29.0
4160824,7,5,19,23.0
4271508,8,4,21,3.0
3106026,6,6,21,17.0
5321395,9,6,13,31.0
5490200,10,5,17,6.0
6986421,12,4,16,17.0
1825936,4,7,11,7.0
4567912,8,3,13,21.0
1755188,3,7,17,14.0
550283,1,1,4,8.0
298458,1,3,6,8.0
4046195,7,4,15,60.0
848842,2,5,17,12.0
1386805,3,2,15,126.0
3279926,6,5,9,4.0
5415168,10,7,8,45.0
6328000,11,6,14,15.0
6579956,12,1,21,3.0
3187078,6,6,6,24.0
4909609,9,1,10,56.0
258906,1,4,6,10.0
6646222,12,6,6,23.0
1917204,4,7,19,13.0
875363,2,5,13,16.0
2346439,4,6,18,8.0
3622280,7,2,11,17.0
22936,1,4,20,13.0
1018871,2,6,14,5.0
1441334,3,2,13,2.0
6565984,12,5,6,6.0
4133039,7,4,8,186.0
6427825,11,6,19,18.0
2963802,5,1,21,20.0
1931005,4,5,18,44.0
6557727,12,1,20,14.0
3554921,6,6,15,21.0
2515726,5,3,20,8.0
747895,2,2,19,13.0
1622513,3,6,8,8.0
1303703,3,6,19,35.0
1204700,3,2,14,1.0
2508412,5,5,13,4.0
5497030,10,4,14,7.0
6711553,12,2,17,12.0
1188682,3,5,7,36.0
6427346,11,7,21,13.0
6883718,12,6,7,21.0
4772593,8,5,18,141.0
3796303,7,5,7,27.0
703605,2,7,16,2.0
3040544,6,1,18,25.0
6645690,12,7,6,47.0
2926582,5,7,18,2.0
2646356,5,4,11,9.0
861647,2,2,19,43.0
5499482,10,1,7,15.0
5495274,10,6,18,18.0
1198147,3,1,6,17.0
1291351,3,4,20,16.0
3561541,6,2,6,16.0
1901466,4,3,17,7.0
4498259,8,1,22,19.0
6438179,11,5,9,12.0
6434361,11,4,6,12.0
299955,1,3,8,23.0
4062396,7,3,19,58.0
1216076,3,6,9,15.0
1256757,3,4,13,6.0
4857406,9,6,13,1.0
185656,1,5,16,36.0
540315,1,4,20,7.0
6519394,12,5,20,10.0
1767604,3,5,19,15.0
5461409,10,7,13,4.0
437192,1,5,19,16.0
4514362,8,6,20,7.0
671018,2,5,6,9.0
298706,1,3,9,8.0
6177895,11,6,6,4.0
4199226,7,3,16,7.0
3577334,6,2,14,4.0
1317830,3,6,8,62.0
3052225,6,4,14,1.0
1290791,3,1,14,1.0
4813618,8,3,12,2.0
2085991,4,3,16,5.0
1728223,3,5,12,4.0
4124486,7,3,12,20.0
611847,2,1,11,6.0
1239157,3,6,16,9.0
6983369,12,1,8,14.0
1206308,3,3,11,2.0
2683870,5,6,11,141.0
2367751,4,5,7,11.0
478132,1,7,17,12.0
6141506,11,6,6,16.0
6031592,11,6,6,26.0
2314272,4,5,20,3.0
1765181,3,4,6,20.0
886155,2,5,17,4.0
705379,2,7,20,3.0
3402289,6,4,6,8.0
6071334,11,6,19,41.0
6575811,12,6,8,254.0
6949993,12,5,10,8.0
9469,1,7,6,6.0
6964307,12,6,8,39.0
24009,1,4,13,17.0
2560680,5,6,11,3.0
107299,1,3,20,11.0
2506035,5,6,19,14.0
4308757,8,1,6,7.0
1389515,3,4,19,32.0
3079976,6,5,13,1.0
3474042,6,6,12,12.0
5464568,10,1,9,15.0
1273632,3,4,17,10.0
4772502,8,5,16,25.0
2962291,5,4,17,4.0
5104712,9,7,18,20.0
3757316,7,7,11,24.0
426605,1,2,14,15.0
3092353,6,4,7,9.0
4410526,8,1,6,36.0
3100590,6,1,9,4.0
1038450,2,5,6,13.0
579611,1,3,7,6.0
1304898,3,2,16,4.0
863665,2,3,20,29.0
11033,1,7,18,10.0
6990305,12,5,18,10.0
3115981,6,7,15,7.0
1991092,4,4,6,3.0
1660810,3,5,18,7.0
3014878,6,7,10,7.0
24040,1,4,12,19.0
6716301,12,5,13,7.0
2430346,5,4,17,6.0
6718432,12,7,11,1.0
4095037,7,4,13,16.0
2957822,5,5,11,27.0
1242108,3,7,12,15.0
3108824,6,6,18,25.0
1800898,4,7,18,10.0
302534,1,4,6,6.0
3183476,6,4,11,62.0
1604603,3,2,13,4.0
2548301,5,5,14,21.0
2659597,5,1,7,28.0
4319213,8,4,12,8.0
1621297,3,6,21,6.0
2689566,5,5,17,2.0
2315510,4,1,21,65.0
6057222,11,5,16,27.0
5515769,10,7,6,21.0
3531802,6,2,19,18.0
4135688,7,2,16,12.0
2912039,5,7,8,22.0
1269121,3,1,11,14.0
6974829,12,6,19,32.0
1219195,3,7,10,1.0
11600,1,7,12,12.0
3069725,6,2,7,8.0
439534,1,3,9,9.0
707134,2,5,15,3.0
438752,1,3,11,17.0
1143376,2,4,16,9.0
629832,2,7,13,6.0
330204,1,3,11,7.0
2432682,5,5,11,4.0
6556633,12,2,6,17.0
1696836,3,5,18,7.0
1760425,3,5,19,19.0
3185554,6,5,6,7.0
2540433,5,6,9,24.0
298673,1,3,13,14.0
176224,1,6,19,38.0
534699,1,4,9,7.0
3084111,6,7,7,23.0
1239143,3,6,17,23.0
5838215,10,5,13,9.0
6525620,12,1,7,40.0
4191259,7,4,18,15.0
1008135,2,2,19,10.0
3626384,7,3,17,6.0
1448662,3,7,17,2.0
3891949,7,3,16,16.0
1350111,3,1,10,24.0
1190244,3,5,11,8.0
1793798,4,5,7,10.0
2968488,5,5,6,21.0
1481786,3,7,19,3.0
6539142,12,5,11,11.0
6526556,12,1,9,2.0
3716621,7,1,12,22.0
2415433,5,7,20,55.0
5451569,10,4,10,20.0
1914159,4,3,14,4.0
6618711,12,1,7,7.0
4040363,7,4,17,2.0
6858093,12,5,19,3.0
659737,2,2,10,9.0
1503450,3,1,7,10.0
4721413,8,5,16,8.0
6532498,12,3,16,15.0
1196205,3,7,10,14.0
3498236,6,6,6,20.0
6539987,12,5,11,4.0
1213706,3,5,8,35.0
202988,1,2,14,68.0
5453736,10,5,10,24.0
4390042,8,3,19,18.0
296363,1,2,17,16.0
3667528,7,1,19,2.0
1215945,3,6,8,14.0
4963858,9,7,18,15.0
1903778,4,6,18,19.0
3710175,7,7,17,21.0
116747,1,3,6,20.0
2596140,5,1,11,33.0
1301239,3,3,6,6.0
4270705,8,4,20,4.0
6765409,12,3,12,5.0
1153656,2,7,18,19.0
3577739,6,7,18,26.0
1883828,4,1,7,9.0
5342729,9,4,16,6.0
5392060,10,7,19,4.0
3294312,6,7,8,2.0
611455,2,1,15,9.0
1243,1,4,14,12.0
3901435,7,4,20,14.0
6574623,12,1,18,3.0
654548,2,7,15,109.0
697137,2,1,13,8.0
6870564,12,3,18,6.0
6721309,12,3,18,31.0
678453,2,1,12,6.0
6890848,12,1,19,31.0
2867126,5,5,8,38.0
6519512,12,5,12,13.0
4099606,7,3,15,18.0
1186797,3,4,12,2.0
3549931,6,1,7,7.0
6400274,11,6,13,8.0
4816586,8,3,16,23.0
6981111,12,4,9,21.0
5454969,10,5,12,16.0
2689599,5,5,14,12.0
5905298,10,7,14,14.0
2784488,5,7,5,12.0
2452684,5,4,12,6.0
1747190,3,4,14,31.0
791712,2,1,14,28.0
1239927,3,6,8,18.0
3564633,6,2,5,8.0
1963638,4,5,20,3.0
1302182,3,3,9,10.0
2506755,5,1,15,13.0
3028295,6,4,18,13.0
5646531,10,5,18,31.0
4872249,9,4,21,7.0
1447358,3,6,17,11.0
5908199,10,3,9,7.0
4338397,8,6,19,3.0
611803,2,1,11,29.0
1203829,3,2,11,7.0
6974106,12,7,6,17.0
2504177,5,7,18,7.0
6483145,12,1,11,15.0
2968056,5,6,19,7.0
4804986,8,1,6,19.0
6701049,12,7,20,13.0
4870146,9,3,13,3.0
4800458,8,7,20,15.0
6951674,12,2,22,45.0
886078,2,5,13,8.0
6977170,12,2,13,16.0
1295662,3,6,19,19.0
4191403,7,2,20,13.0
4206980,7,2,17,18.0
375217,1,7,8,14.0
201217,1,1,6,46.0
4351939,8,1,18,9.0
5661910,10,4,19,1.0
708819,2,6,17,37.0
3640201,7,7,15,11.0
4040483,7,4,8,39.0
6992527,12,2,17,29.0
2457114,5,5,21,13.0
3128551,6,4,7,17.0
1913223,4,1,17,4.0
6059,1,6,8,22.0
1239948,3,6,12,9.0
2083000,4,2,13,85.0
6528364,12,1,10,6.0
4848,1,5,10,8.0
6988944,12,7,13,6.0
5980521,11,6,8,26.0
653724,2,7,16,36.0
106451,1,5,19,12.0
3118912,6,6,20,5.0
1903172,4,3,18,2.0
340294,1,7,20,32.0
1848274,4,7,18,1.0
6732376,12,1,18,4.0
3579235,6,3,6,10.0
195024,1,4,13,37.0
5903034,10,3,20,9.0
1886773,4,1,9,7.0
667,1,4,20,6.0
5977393,11,5,13,3.0
3748873,7,2,10,27.0
6562749,12,2,13,8.0
2505062,5,7,18,34.0
2358058,4,3,6,10.0
3789119,7,7,11,29.0
4406927,8,6,6,6.0
1917167,4,3,19,8.0
3713141,7,5,15,1.0
1269195,3,1,15,15.0
6433016,11,5,6,6.0
5506100,10,7,19,42.0
6528139,12,1,14,14.0
3052711,6,4,21,3.0
3506755,6,2,18,86.0
542648,1,3,20,10.0
4098438,7,2,14,114.0
4305995,8,7,10,13.0
3561930,6,4,16,12.0
1007311,2,1,8,16.0
6029815,11,7,13,5.0
6111310,11,5,13,19.0
3030072,6,5,13,7.0
426599,1,3,15,14.0
2428811,5,4,10,6.0
3567984,6,1,20,6.0
3052751,6,4,17,9.0
3114579,6,6,14,4.0
2826679,5,1,17,8.0
3177603,6,7,15,89.0
4999975,9,4,10,26.0
4128464,7,2,13,19.0
694460,2,5,11,11.0
63573,1,2,14,2.0
1769335,3,4,19,17.0
4805937,8,3,13,25.0
668274,2,4,18,4.0
3734475,7,3,13,7.0
3212679,6,1,16,32.0
1744096,3,3,18,14.0
3116912,6,1,14,4.0
1282712,3,2,15,6.0
4917574,9,4,19,8.0
2443683,5,1,20,6.0
3110304,6,4,9,23.0
2486670,5,7,15,10.0
4351298,8,7,18,12.0
4389934,8,3,7,5.0
1259726,3,5,8,6.0
292946,1,3,14,18.0
6555838,12,3,6,12.0
6892248,12,1,19,50.0
6713472,12,3,8,4.0
3062141,6,7,20,6.0
6570598,12,6,6,20.0
578279,1,3,19,8.0
6943293,12,1,15,8.0
1290651,3,4,11,3.0
1744807,3,5,13,2.0
3678452,7,5,9,16.0
445066,1,2,15,13.0
3175464,6,6,10,6.0
2966026,5,4,8,17.0
2763858,5,5,9,4.0
58811,1,1,18,3.0
2763509,5,4,8,1.0
3679151,7,5,7,211.0
584520,1,5,17,13.0
300403,1,3,14,16.0
1435271,3,6,8,43.0
726905,2,4,15,13.0
2467983,5,2,20,18.0
1365,1,4,14,5.0
611981,2,1,9,6.0
1256138,3,4,16,3.0
78764,1,7,12,13.0
1237164,3,5,18,6.0
4158149,7,6,11,4.0
1758179,3,5,17,7.0
91860,1,4,13,4.0
6945423,12,6,11,16.0
709156,2,7,12,6.0
91841,1,4,12,17.0
120967,1,4,6,6.0
6528275,12,1,20,7.0
4160882,7,5,18,57.0
3474315,6,2,19,44.0
5013032,9,6,10,61.0
4498155,8,1,22,15.0
4459641,8,2,6,13.0
1368877,3,5,18,25.0
1281576,3,3,19,12.0
3502964,6,1,13,12.0
6823268,12,5,11,12.0
62657,1,2,13,9.0
1381287,3,6,9,34.0
1693805,3,5,6,14.0
602,1,4,8,9.0
578182,1,3,17,3.0
6943558,12,1,21,16.0
3013727,6,7,18,5.0
464919,1,3,7,18.0
2950591,5,3,17,1.0
6433157,11,5,12,10.0
1110669,2,2,13,2.0
3189863,6,1,7,18.0
4175558,7,1,17,3.0
3013270,6,7,13,11.0
1265811,3,7,10,9.0
6083390,11,2,13,15.0
1259662,3,5,21,9.0
1237135,3,5,10,5.0
2366039,4,4,11,10.0
2487894,5,1,7,18.0
3060851,6,7,17,2.0
691843,2,5,20,6.0
879740,2,2,21,17.0
6656399,12,5,14,9.0
867828,2,6,15,6.0
3060192,6,7,9,11.0
1917065,4,3,15,2.0
3728361,7,5,11,3.0
1904245,4,3,19,10.0
3026237,6,4,7,17.0
2568336,5,4,11,48.0
6714853,12,4,10,35.0
5868738,10,5,21,5.0
172151,1,3,6,17.0
2352904,4,1,19,11.0
2964712,5,6,7,13.0
3101891,6,2,11,6.0
1252890,3,3,8,16.0
3028664,6,4,14,4.0
3282598,6,7,16,4.0
6950517,12,6,20,4.0
682244,2,2,19,5.0
937219,2,7,14,135.0
3448608,6,3,8,6.0
6983059,12,2,13,33.0
1145114,2,7,12,19.0
3535125,6,3,20,18.0
1451288,3,2,13,12.0
1902034,4,3,19,3.0
3739569,7,3,6,22.0
441993,1,6,17,12.0
6652075,12,6,8,7.0
7269,1,6,19,5.0
4576903,8,3,21,42.0
213799,1,2,16,41.0
1220535,3,7,16,1.0
4807133,8,3,16,22.0
1823923,4,7,8,25.0
106604,1,7,18,12.0
3077375,6,5,14,3.0
298718,1,3,7,16.0
3092350,6,1,7,30.0
4383859,8,5,15,22.0
3715922,7,2,20,2.0
4814482,8,1,15,13.0
1718348,3,1,21,13.0
6981502,12,4,19,9.0
868443,2,7,16,47.0
698327,2,4,6,8.0
437468,1,3,7,11.0
1346376,3,6,19,33.0
4966525,9,4,15,42.0
299347,1,3,7,17.0
6194912,11,7,18,32.0
2813350,5,6,14,15.0
6328713,11,3,18,7.0
5559191,10,2,15,4.0
1410,1,4,10,5.0
4038809,7,4,8,38.0
6976555,12,3,0,15.0
1242089,3,7,13,7.0
6615586,12,1,6,10.0
570574,1,7,17,11.0
3048238,6,3,9,16.0
1136768,2,6,18,22.0
546522,1,2,8,13.0
3573093,6,7,15,15.0
33049,1,7,15,14.0
5649345,10,1,18,5.0
6597379,12,5,12,21.0
888958,2,6,15,3.0
1230595,3,3,8,5.0
742255,2,5,19,15.0
5101293,9,4,11,9.0
2441515,5,1,8,9.0
5850443,10,5,17,16.0
300570,1,3,15,20.0
1891931,4,6,16,6.0
3699913,7,4,11,22.0
5626232,10,2,9,15.0
4379611,8,6,7,18.0
2487575,5,7,18,18.0
3432689,6,7,19,9.0
5655013,10,5,8,7.0
1245960,3,1,6,21.0
6970743,12,3,8,13.0
4912060,9,2,11,2.0
4767234,8,7,7,8.0
6981481,12,4,15,17.0
928870,2,3,13,115.0
2887812,5,2,12,4.0
2395288,5,1,18,7.0
720410,2,1,19,5.0
694888,2,7,19,6.0
1148057,2,5,18,11.0
1661028,3,6,8,25.0
4360468,8,1,16,6.0
3114684,6,6,14,284.0
6733531,12,1,6,16.0
5905941,10,6,8,11.0
2501459,5,1,16,3.0
541838,1,1,15,15.0
4205335,7,6,12,5.0
299158,1,3,7,32.0
3050035,6,4,17,4.0
6548889,12,1,7,19.0
3022950,6,3,9,18.0
2316320,4,3,20,56.0
2314907,4,6,13,11.0
5627735,10,3,14,4.0
886030,2,5,15,2.0
6433199,11,5,18,8.0
1580799,3,2,17,14.0
4159814,7,3,11,32.0
1233650,3,4,20,14.0
1021354,2,5,7,33.0
127428,1,3,19,3.0
1628763,3,6,8,8.0
5254203,9,1,13,28.0
2960313,5,5,18,12.0
4513289,8,5,20,17.0
641670,2,3,6,13.0
1892615,4,3,18,41.0
4092938,7,7,8,14.0
2560413,5,6,11,139.0
1314146,3,7,10,16.0
2229419,4,4,14,10.0
536317,1,1,19,33.0
4159581,7,2,11,18.0
4751734,8,2,6,16.0
3747223,7,7,8,42.0
3776029,7,1,14,33.0
3011608,6,6,17,5.0
1622021,3,6,9,43.0
4795054,8,4,20,22.0
2406935,5,4,14,12.0
1023850,2,2,19,10.0
1028476,2,5,8,35.0
402655,1,3,17,1.0
4773024,8,6,11,21.0
1474228,3,6,11,14.0
300561,1,3,13,22.0
2500599,5,2,19,11.0
3041437,6,1,8,5.0
4272734,8,4,14,10.0
3738110,7,2,12,8.0
2277945,4,1,16,29.0
577894,1,2,15,6.0
125275,1,3,17,1.0
1265871,3,7,15,9.0
1437661,3,6,8,51.0
624097,2,5,17,7.0
1760409,3,3,19,16.0
1793695,4,5,19,4.0
4382209,8,3,17,27.0
6965435,12,1,6,15.0
572206,1,1,13,26.0
1509044,3,1,21,22.0
6759871,12,2,11,2.0
872804,2,3,13,18.0
5946147,11,2,12,4.0
2959904,5,6,18,15.0
6730338,12,1,11,8.0
4264199,8,2,15,22.0
2391628,5,7,11,24.0
4536685,8,6,14,4.0
6551498,12,2,7,11.0
2925910,5,5,20,25.0
887525,2,5,19,3.0
3728273,7,6,12,39.0
3142142,6,1,10,17.0
6055184,11,2,17,44.0
2419894,5,1,8,2.0
3705460,7,3,8,14.0
82466,1,1,7,9.0
51309,1,5,18,5.0
3051986,6,4,12,5.0
1280961,3,7,19,6.0
5506104,10,7,17,25.0
3622216,7,2,11,2.0
2952406,5,6,12,16.0
1283145,3,6,13,22.0
4241072,8,2,11,4.0
1221884,3,1,6,16.0
4127749,7,3,15,15.0
1249706,3,2,7,15.0
2484630,5,5,9,13.0
4974830,9,3,12,23.0
874981,2,5,23,120.0
4034111,7,4,13,10.0
5505007,10,5,8,18.0
4154592,7,5,11,20.0
1765717,3,1,20,22.0
1913607,4,1,11,4.0
2967063,5,7,7,13.0
6554668,12,3,11,9.0
5507076,10,1,15,36.0
2962507,5,4,19,10.0
3105630,6,4,18,7.0
2048789,4,6,19,9.0
5911536,10,5,17,3.0
5921830,10,5,16,9.0
2960981,5,1,18,24.0
3032775,6,5,18,6.0
1836773,4,4,6,23.0
6110029,11,7,20,4.0
4292574,8,3,19,8.0
6623340,12,4,6,11.0
1423444,3,6,8,37.0
671242,2,5,15,12.0
1188688,3,5,8,55.0
6764862,12,7,21,11.0
1223075,3,1,20,17.0
3255490,6,7,15,28.0
1281492,3,6,19,17.0
4884222,9,1,9,8.0
6549565,12,1,6,28.0
6611908,12,7,7,15.0
296441,1,2,21,14.0
1900773,4,1,12,6.0
6950110,12,5,20,25.0
579959,1,2,5,14.0
4097188,7,4,11,66.0
6319013,11,5,9,6.0
4156956,7,3,19,51.0
5646515,10,5,15,9.0
3562530,6,7,17,10.0
639332,2,3,6,27.0
1474655,3,7,19,9.0
4140890,7,3,6,15.0
128500,1,7,18,8.0
671654,2,5,20,6.0
1152583,2,5,15,18.0
3113210,6,6,14,18.0
6982546,12,2,19,27.0
2475429,5,4,21,5.0
611958,2,1,13,9.0
611903,2,1,11,8.0
4375478,8,7,11,24.0
3575802,6,1,20,13.0
6888782,12,1,19,115.0
5980542,11,6,9,14.0
258373,1,3,15,30.0
5893061,10,2,14,17.0
4148698,7,3,12,61.0
1275188,3,3,8,17.0
6295096,11,4,10,87.0
1792333,4,4,14,11.0
5475663,10,4,11,7.0
4200555,7,6,15,17.0
4282914,8,7,6,39.0
2339583,4,5,21,6.0
6525572,12,1,11,29.0
6985586,12,5,17,15.0
6502267,12,7,14,2.0
3520361,6,6,6,17.0
1522426,3,5,6,13.0
717307,2,1,18,1.0
2721986,5,7,6,8.0
959332,2,1,13,2.0
2503373,5,1,15,18.0
114446,1,3,10,2.0
3103524,6,6,17,6.0
1846597,4,7,10,11.0
6964851,12,7,6,8.0
791646,2,1,7,67.0
4180590,7,3,16,10.0
6857894,12,2,8,13.0
6951493,12,2,16,2.0
1191930,3,6,6,7.0
6710501,12,1,17,4.0
6517498,12,5,12,7.0
6540097,12,5,7,10.0
6970715,12,3,8,25.0
1927351,4,7,15,28.0
2501079,5,7,21,4.0
4343927,8,1,6,57.0
3754997,7,4,20,29.0
1941062,4,6,9,49.0
3617492,7,1,7,16.0
6979565,12,6,18,7.0
1994129,4,6,6,50.0
94231,1,2,10,33.0
6027985,11,7,16,9.0
6387166,11,4,11,37.0
1886637,4,6,8,9.0
610755,2,1,6,15.0
4813080,8,6,21,9.0
1935346,4,4,11,58.0
300005,1,3,10,8.0
2470328,5,2,6,39.0
5805672,10,1,11,34.0
6579866,12,1,6,9.0
113864,1,3,18,8.0
2969171,5,3,15,23.0
6167151,11,4,15,16.0
6326585,11,7,4,10.0
3287637,6,4,20,2.0
582427,1,2,19,23.0
639325,2,3,7,89.0
4561369,8,4,21,17.0
3679141,7,5,8,178.0
6527223,12,1,11,1.0
1347675,3,7,12,29.0
3074463,6,4,21,74.0
120972,1,3,19,14.0
665896,2,4,12,15.0
3901580,7,4,19,20.0
6735955,12,2,14,2.0
1193739,3,6,8,8.0
264338,1,1,14,9.0
2962580,5,1,16,7.0
1137647,2,6,14,10.0
58836,1,1,15,3.0
6954552,12,3,20,29.0
4770420,8,7,6,18.0
3558295,6,6,20,12.0
5633479,10,1,9,17.0
575580,1,2,17,6.0
3424350,6,1,7,7.0
1155083,2,5,17,10.0
2940546,5,5,22,3.0
5902693,10,4,11,35.0
3017040,6,1,9,10.0
4192209,7,4,18,6.0
619670,2,3,18,29.0
1155034,2,7,17,6.0
1252852,3,3,21,4.0
2918111,5,5,8,41.0
562761,1,3,16,9.0
112583,1,3,20,5.0
6525621,12,1,17,10.0
4506933,8,7,8,1.0
3901472,7,4,19,17.0
1917472,4,4,17,1.0
1896121,4,4,20,7.0
3067483,6,2,13,6.0
1260530,3,5,12,5.0
1317843,3,6,9,46.0
1794780,4,5,8,8.0
3906492,7,1,22,14.0
4097914,7,1,13,54.0
2962044,5,6,6,21.0
2279002,4,7,16,67.0
1191434,3,5,18,7.0
256277,1,2,6,15.0
5237525,9,5,0,169.0
1446824,3,6,17,33.0
544142,1,6,16,18.0
880894,2,3,20,54.0
2456266,5,5,21,8.0
6980177,12,5,15,7.0
6947975,12,6,13,7.0
2771053,5,3,18,14.0
611954,2,1,15,29.0
1158081,2,6,7,6.0
560807,1,1,12,19.0
717912,2,1,17,2.0
435463,1,3,5,21.0
564476,1,3,19,17.0
1974756,4,5,17,51.0
299493,1,3,6,17.0
1748291,3,5,11,4.0
1863700,4,5,18,4.0
4359537,8,1,19,19.0
1836923,4,4,6,22.0
2930699,5,2,8,18.0
3574809,6,6,17,6.0
2484988,5,1,7,26.0
1296540,3,3,16,15.0
3818136,7,4,10,11.0
6519524,12,5,7,20.0
1156685,2,5,7,14.0
6562739,12,2,6,9.0
565142,1,5,18,7.0
1513160,3,6,6,8.0
261850,1,6,6,23.0
2358005,4,3,20,17.0
2502323,5,2,21,8.0
611952,2,1,9,9.0
188647,1,7,13,20.0
101594,1,6,17,7.0
2838708,5,1,6,11.0
886009,2,5,17,2.0
6513747,12,4,7,12.0
5321006,9,5,13,17.0
4265225,8,2,9,24.0
1377031,3,3,12,92.0
3854059,7,3,23,9.0
300599,1,3,18,37.0
3174791,6,6,8,4.0
6559076,12,6,15,2.0
3098762,6,6,15,35.0
3699766,7,4,16,9.0
728278,2,6,6,22.0
300050,1,3,12,38.0
3109801,6,6,19,5.0
6700131,12,6,8,72.0
6525624,12,1,13,33.0
715174,2,1,18,17.0
2511488,5,5,14,14.0
3113143,6,1,6,12.0
872705,2,3,13,11.0
1804901,4,1,15,4.0
3104891,6,7,17,10.0
4805914,8,7,11,12.0
1383967,3,1,7,18.0
6978677,12,1,17,26.0
3678411,7,5,10,10.0
6971964,12,2,14,3.0
889634,2,6,8,11.0
3709759,7,3,17,10.0
4815796,8,2,13,12.0
1374071,3,2,6,37.0
302744,1,4,7,11.0
103399,1,2,14,10.0
7563,1,6,16,10.0
3556444,6,5,17,6.0
4371943,8,2,8,45.0
6391140,11,6,13,33.0
2438614,5,7,14,18.0
6771399,12,2,5,13.0
6513101,12,4,7,6.0
848838,2,5,17,13.0
5443071,10,2,18,7.0
6562241,12,2,16,7.0
6029844,11,7,13,9.0
1195010,3,7,20,25.0
1759325,3,1,20,9.0
2496098,5,2,14,1.0
2418794,5,1,6,16.0
6471306,12,4,14,22.0
587063,1,3,19,14.0
1289332,3,7,14,3.0
2647920,5,6,19,14.0
6989224,12,7,5,29.0
6715029,12,4,16,2.0
670736,2,5,15,5.0
4097271,7,2,15,67.0
3102894,6,7,19,17.0
4276605,8,5,13,7.0
6529808,12,2,19,3.0
713788,2,5,13,89.0
2821530,5,5,14,6.0
172766,1,4,6,15.0
4133043,7,1,8,14.0
4190100,7,5,15,18.0
4872224,9,4,16,3.0
5460706,10,7,15,4.0
2439845,5,7,18,1.0
710137,2,5,11,7.0
287987,1,6,6,6.0
5515733,10,7,15,22.0
3885078,7,5,7,10.0
2535106,5,6,13,15.0
675749,2,7,13,11.0
1148276,2,2,6,9.0
497622,1,4,9,18.0
6965023,12,7,7,33.0
2590530,5,4,6,4.0
6537212,12,5,6,14.0
193822,1,3,7,23.0
2457804,5,5,9,7.0
5657233,10,3,19,2.0
6655899,12,4,15,22.0
6017800,11,3,14,18.0
872642,2,3,9,3.0
1881742,4,3,13,8.0
3720206,7,6,19,18.0
1144612,2,2,11,2.0
5521060,10,1,16,21.0
300336,1,3,13,7.0
4376358,8,1,14,39.0
4357594,8,5,18,4.0
534501,1,4,8,24.0
1015674,2,5,19,5.0
3207794,6,4,14,7.0
4192608,7,1,15,15.0
3016173,6,1,10,13.0
1305649,3,6,18,11.0
3715591,7,2,6,7.0
3528475,6,2,9,6.0
1815829,4,4,9,3.0
1020973,2,5,15,7.0
1145472,2,1,17,4.0
670497,2,5,9,6.0
703502,2,6,14,43.0
6948599,12,1,12,36.0
300304,1,3,14,11.0
672298,2,6,6,12.0
129011,1,7,19,14.0
2083010,4,2,14,25.0
6978652,12,1,14,12.0
3031779,6,5,19,2.0
701355,2,5,16,6.0
2082986,4,2,14,17.0
195232,1,4,7,21.0
6295080,11,5,13,5.0
1455117,3,5,18,40.0
2365928,4,5,17,20.0
7386,1,6,18,6.0
3799979,7,7,7,16.0
3735587,7,6,20,26.0
6966695,12,3,6,9.0
5646567,10,5,18,6.0
277400,1,4,7,5.0
1367697,3,5,14,21.0
299336,1,3,6,11.0
1441363,3,2,9,67.0
1285212,3,6,11,16.0
1273988,3,7,7,28.0
1464185,3,5,10,20.0
2431090,5,4,15,8.0
4158183,7,6,10,22.0
626559,2,5,19,5.0
533576,1,2,7,17.0
3031770,6,5,14,14.0
2498669,5,6,18,28.0
6398903,11,4,11,43.0
575399,1,2,17,6.0
2663644,5,4,18,16.0
2535121,5,6,15,15.0
298640,1,3,10,7.0
3106519,6,7,19,7.0
656265,2,1,21,8.0
545078,1,2,20,13.0
1185248,3,4,7,30.0
5454982,10,5,10,9.0
1304141,3,6,14,8.0
6711028,12,1,7,6.0
6538371,12,5,10,19.0
1217353,3,6,11,8.0
294336,1,4,19,27.0
6525704,12,1,13,25.0
2965654,5,5,19,4.0
5090878,9,2,9,23.0
538832,1,7,5,21.0
648437,2,5,15,7.0
6965258,12,7,12,2.0
6732952,12,1,11,7.0
4665089,8,2,18,15.0
6195495,11,7,15,2.0
3007216,6,5,15,9.0
6560072,12,5,19,9.0
3808241,7,5,16,6.0
3100230,6,7,19,9.0
871860,2,3,8,59.0
3719607,7,2,15,41.0
3908901,7,2,22,4.0
614652,2,2,8,16.0
6528119,12,1,8,16.0
2966991,5,4,20,8.0
300581,1,3,11,23.0
6538024,12,5,16,17.0
6964739,12,6,10,3.0
3571361,6,4,20,16.0
1616193,3,6,8,19.0
5016094,9,1,10,40.0
852356,2,1,16,11.0
4278186,8,6,14,4.0
6532980,12,3,14,6.0
702599,2,3,19,4.0
881699,2,3,9,2.0
3090818,6,2,9,21.0
6970729,12,3,9,9.0
6629741,12,6,10,1.0
2082490,4,2,6,7.0
1249629,3,2,9,14.0
4282931,8,7,6,49.0
5139783,9,4,7,9.0
5646500,10,5,18,25.0
6511131,12,3,15,6.0
3517924,6,3,14,8.0
299151,1,3,6,26.0
2454749,5,4,11,2.0
1260043,3,5,6,17.0
5980297,11,6,11,4.0
4328403,8,1,21,27.0
299061,1,3,6,47.0
535996,1,7,6,15.0
4431251,8,7,16,19.0
3039256,6,7,20,4.0
2044721,4,3,22,17.0
4356760,8,1,15,12.0
1157873,2,4,19,16.0
2965836,5,4,19,10.0
1303572,3,1,13,21.0
2966513,5,6,21,29.0
2449249,5,3,20,7.0
3105821,6,2,15,48.0
6531426,12,2,6,19.0
4344734,8,1,18,9.0
1386124,3,2,15,49.0
1836860,4,4,6,21.0
86943,1,2,11,5.0
2319271,4,3,20,10.0
2659240,5,1,20,81.0
1791684,4,4,21,4.0
4810261,8,6,7,23.0
332192,1,7,20,16.0
2689590,5,5,15,4.0
4833767,8,5,6,102.0
1230635,3,3,8,9.0
1742988,3,6,8,16.0
1455596,3,6,7,19.0
3526268,6,4,10,1.0
2353316,4,5,9,9.0
3740977,7,6,6,25.0
1761783,3,7,19,7.0
2582546,5,6,15,27.0
4282450,8,7,17,2.0
33079,1,7,10,42.0
97161,1,4,11,3.0
3057240,6,6,19,7.0
23934,1,4,13,48.0
1106340,2,5,20,6.0
801908,2,7,18,17.0
58784,1,1,16,6.0
6711025,12,1,15,1.0
679839,2,1,18,1.0
6536828,12,4,16,2.0
429290,1,1,6,17.0
432383,1,7,15,27.0
1291663,3,5,11,3.0
3550130,6,1,0,2.0
31584,1,6,12,19.0
3954611,7,3,6,6.0
3038248,6,7,14,10.0
4352367,8,1,20,4.0
4139836,7,3,14,51.0
671075,2,5,14,8.0
3101195,6,4,11,13.0
1886492,4,4,16,15.0
4519371,8,3,11,74.0
6471513,12,5,16,7.0
5499166,10,1,7,16.0
620976,2,4,15,1.0
298804,1,3,6,18.0
5010237,9,4,13,29.0
6532886,12,3,17,12.0
440804,1,6,16,20.0
653088,2,7,17,2.0
4357452,8,5,13,11.0
6194466,11,6,10,24.0
6562578,12,2,19,17.0
3434535,6,6,6,22.0
27751,1,5,20,2.0
1152024,2,6,17,37.0
567805,1,2,19,15.0
6947672,12,5,20,27.0
4881438,9,7,18,4.0
2052095,4,1,22,34.0
1291620,3,1,8,8.0
6074209,11,3,19,18.0
3016174,6,1,11,4.0
541521,1,7,19,15.0
136369,1,4,9,47.0
1027139,2,2,19,9.0
196482,1,5,11,23.0
575894,1,5,16,7.0
2063908,4,4,20,10.0
4905139,9,7,12,9.0
6374958,11,7,13,8.0
6516281,12,4,6,11.0
4674840,8,5,17,11.0
299344,1,3,7,27.0
3007948,6,5,19,9.0
667779,2,4,20,7.0
1249724,3,2,21,5.0
1767260,3,3,19,19.0
1871639,4,7,21,7.0
1474202,3,6,12,13.0
5630740,10,6,9,1.0
1350527,3,1,12,52.0
2950544,5,4,16,12.0
1800353,4,7,19,18.0
1458412,3,1,23,50.0
1150141,2,7,17,3.0
4347872,8,5,16,6.0
700410,2,7,17,36.0
71048,1,4,19,4.0
121045,1,2,17,21.0
6526597,12,1,17,29.0
3824658,7,1,8,23.0
3125690,6,7,15,31.0
113412,1,5,18,26.0
5624000,10,7,7,6.0
181087,1,2,7,29.0
1441329,3,2,18,1.0
1307873,3,5,14,3.0
1237718,3,5,12,6.0
1795136,4,5,17,3.0
2924135,5,1,14,15.0
6615496,12,1,6,15.0
1847500,4,7,21,18.0
1816921,4,5,17,15.0
115232,1,7,21,29.0
577211,1,3,6,17.0
5272983,9,1,14,15.0
2089610,4,4,12,2.0
1220950,3,7,19,8.0
3422755,6,6,12,17.0
1894643,4,5,14,15.0
4570412,8,3,10,50.0
1752331,3,7,15,1.0
1239148,3,6,16,9.0
6528165,12,1,12,3.0
2408435,5,5,8,11.0
709117,2,7,18,2.0
2121821,4,4,12,6.0
440263,1,1,6,10.0
493588,1,2,16,16.0
5604661,10,4,10,33.0
714309,2,4,10,2.0
1184546,3,3,8,4.0
2884968,5,6,11,123.0
1348202,3,7,11,19.0
1935332,4,4,12,27.0
1296331,3,7,16,1.0
919114,2,6,9,63.0
765324,2,5,16,99.0
740814,2,3,16,44.0
4261057,8,1,10,3.0
5631511,10,7,18,5.0
4256877,8,7,20,9.0
6992484,12,2,18,7.0
3446782,6,6,10,14.0
675303,2,7,11,128.0
1897228,4,1,17,55.0
875827,2,6,20,17.0
5347156,9,2,15,16.0
4777695,8,3,17,8.0
676889,2,7,18,1.0
3276840,6,3,14,9.0
3101320,6,2,15,14.0
1910673,4,3,18,18.0
1317870,3,6,8,39.0
918245,2,1,10,4.0
5912500,10,4,18,9.0
6046976,11,6,18,13.0
1766761,3,5,19,19.0
1220266,3,7,18,2.0
2262495,4,7,17,16.0
6505754,12,1,15,1.0
3450472,6,6,11,14.0
2359920,4,4,19,28.0
3505820,6,7,19,12.0
299918,1,3,7,16.0
5521037,10,1,15,16.0
6525674,12,1,13,14.0
5320398,9,4,16,19.0
113170,1,7,20,27.0
4157048,7,4,8,22.0
3420585,6,4,10,6.0
1718066,3,7,23,41.0
3089993,6,7,16,20.0
3734701,7,4,22,16.0
3047799,6,3,7,13.0
1750942,3,6,16,11.0
4363439,8,6,17,10.0
2502669,5,2,21,6.0
4160388,7,4,20,17.0
5474534,10,4,17,10.0
5581027,10,5,5,11.0
6028702,11,7,15,7.0
3743580,7,2,13,39.0
4148780,7,2,13,14.0
646693,2,5,6,24.0
1219900,3,7,21,11.0
6047351,11,6,18,22.0
11034,1,7,10,8.0
1028711,2,6,9,9.0
534856,1,5,20,4.0
1836781,4,4,7,35.0
2058850,4,7,18,13.0
6029804,11,7,12,23.0
3027457,6,4,6,15.0
1192427,3,6,7,15.0
3725819,7,3,16,9.0
6611680,12,6,7,15.0
179519,1,1,19,54.0
3052960,6,4,6,6.0
1181898,3,3,18,81.0
6531743,12,2,19,41.0
1199833,3,1,6,7.0
259826,1,4,9,26.0
1297292,3,1,18,12.0
1569315,3,3,17,4.0
4964944,9,2,7,39.0
120846,1,4,18,9.0
5446224,10,3,16,2.0
6948303,12,7,11,18.0
3201575,6,1,21,104.0
6856516,12,1,9,6.0
2538059,5,3,8,66.0
1236216,3,5,12,1.0
2917197,5,5,9,15.0
1294059,3,6,12,19.0
4571047,8,7,6,7.0
300572,1,3,10,13.0
6832113,12,1,7,9.0
1688565,3,3,8,7.0
108834,1,3,6,11.0
4099165,7,3,13,76.0
888356,2,6,6,19.0
6525583,12,1,13,15.0
3292836,6,1,10,5.0
121885,1,5,6,16.0
886439,2,5,15,5.0
2964244,5,6,21,13.0
1755539,3,7,15,24.0
1153186,2,7,20,27.0
1370244,3,6,6,44.0
5488885,10,7,18,10.0
5906920,10,5,19,3.0
440801,1,3,16,24.0
4527674,8,3,9,12.0
3536898,6,7,11,42.0
875871,2,6,20,9.0
299156,1,3,7,26.0
1350472,3,1,11,27.0
5910378,10,7,18,6.0
6948328,12,7,20,79.0
2070774,4,2,18,91.0
521284,1,3,16,12.0
563240,1,3,16,9.0
2366067,4,5,19,8.0
711828,2,6,18,24.0
3085059,6,7,21,10.0
5994131,11,3,20,8.0
4815501,8,4,20,9.0
3213338,6,1,20,7.0
78545,1,7,14,11.0
3620484,7,1,12,2.0
3255502,6,7,15,18.0
4238359,8,1,11,9.0
117197,1,4,6,13.0
3575142,6,3,17,20.0
657981,2,1,20,4.0
1145911,2,4,16,9.0
2346384,4,1,21,8.0
4160772,7,5,19,28.0
1374188,3,2,10,142.0
1603583,3,6,13,7.0
1381762,3,6,6,34.0
4788087,8,5,6,9.0
1914228,4,7,9,21.0
4949113,9,3,14,9.0
1244409,3,7,8,18.0
557134,1,1,8,11.0
429900,1,6,7,9.0
6543017,12,6,12,2.0
194876,1,4,18,28.0
4159094,7,1,11,17.0
3254882,6,7,18,25.0
5917647,10,4,15,19.0
6174140,11,3,16,25.0
1284734,3,7,16,8.0
4188979,7,4,19,16.0
6398159,11,4,13,44.0
1327944,3,7,14,20.0
3940323,7,2,18,4.0
3210966,6,6,6,1.0
3104899,6,1,19,3.0
1745715,3,7,18,42.0
2057608,4,6,18,11.0
5320409,9,4,9,17.0
4282955,8,7,6,51.0
6950121,12,5,11,10.0
2689548,5,5,16,1.0
4816100,8,6,21,11.0
4808271,8,5,13,3.0
1256153,3,4,10,7.0
6610944,12,5,7,15.0
4282944,8,7,6,35.0
1137798,2,6,21,7.0
1461752,3,3,14,1.0
3814201,7,2,21,105.0
6968987,12,7,8,14.0
54751,1,7,13,6.0
170138,1,2,8,29.0
5363888,9,6,6,9.0
113852,1,7,15,19.0
2349717,4,1,14,11.0
882964,2,4,15,2.0
3016225,6,1,11,20.0
6611497,12,6,6,20.0
4780604,8,6,18,9.0
611863,2,1,10,8.0
190841,1,1,17,50.0
2697286,5,4,17,31.0
6951537,12,2,6,14.0
1390804,3,5,6,21.0
1452612,3,3,13,1.0
650251,2,6,15,5.0
10912,1,7,15,7.0
1359189,3,7,12,33.0
3064189,6,1,20,1.0
889493,2,6,17,12.0
661265,2,2,6,15.0
6529901,12,2,18,9.0
502440,1,3,8,10.0
4905544,9,7,8,22.0
2115710,4,3,16,8.0
4334682,8,6,15,23.0
2510241,5,2,16,13.0
4882283,9,7,19,4.0
3096517,6,5,15,13.0
6768984,12,2,15,11.0
1474956,3,7,13,5.0
1885562,4,3,7,14.0
6531575,12,2,11,19.0
5126579,9,5,10,35.0
4068864,7,1,13,23.0
1013175,2,5,8,15.0
2326416,4,3,16,10.0
700405,2,2,17,28.0
1929230,4,2,14,25.0
2968141,5,7,17,7.0
2363949,4,5,6,34.0
6521981,12,6,8,6.0
1925955,4,5,20,28.0
1260284,3,5,8,7.0
1744790,3,7,13,13.0
637743,2,2,10,12.0
1029262,2,2,19,18.0
6575908,12,6,17,15.0
1052130,2,5,7,109.0
3679167,7,5,10,73.0
3132345,6,2,16,41.0
4363002,8,1,9,9.0
3128977,6,5,16,33.0
3120620,6,1,14,2.0
899569,2,5,7,43.0
3710253,7,4,14,9.0
6761617,12,2,6,5.0
5427744,10,4,8,56.0
2957075,5,6,6,9.0
2922499,5,4,6,11.0
3116286,6,2,6,38.0
298536,1,3,6,8.0
4133025,7,4,8,8.0
639824,2,3,6,17.0
2966123,5,6,9,10.0
3638419,7,7,19,8.0
1931201,4,5,12,23.0
4507432,8,1,16,19.0
2951777,5,7,19,16.0
2452402,5,4,11,6.0
2955574,5,6,17,8.0
1744221,3,3,19,21.0
192246,1,2,15,82.0
2439444,5,7,7,6.0
5475352,10,4,11,15.0
4996448,9,2,19,29.0
6931289,12,2,6,17.0
1423772,3,6,8,57.0
3729882,7,1,14,1.0
4775899,8,5,11,3.0
6582078,12,3,16,51.0
178978,1,1,10,42.0
185935,1,5,8,40.0
3558511,6,1,18,3.0
1270619,3,1,10,8.0
2956015,5,5,15,9.0
6639764,12,5,5,5.0
5653023,10,4,16,7.0
3257135,6,2,8,20.0
46883,1,4,13,4.0
4120440,7,4,8,170.0
2366878,4,3,17,3.0
1239165,3,6,14,9.0
2354186,4,6,12,20.0
3016354,6,1,6,12.0
5543174,10,4,10,1.0
18204,1,2,14,3.0
1391234,3,5,19,56.0
1931030,4,5,18,20.0
5602825,10,4,11,21.0
2044699,4,3,21,14.0
1469754,3,3,18,35.0
6562740,12,2,9,5.0
433951,1,4,11,15.0
1236862,3,5,8,7.0
6981438,12,4,15,15.0
574968,1,3,19,13.0
2961322,5,4,19,8.0
6973539,12,1,20,17.0
5511738,10,1,18,36.0
1189445,3,5,13,23.0
6194450,11,6,19,16.0
645347,2,4,6,14.0
2823903,5,1,6,96.0
1747505,3,1,8,8.0
4149475,7,2,15,24.0
6515259,12,4,6,15.0
3564479,6,6,14,3.0
1443101,3,3,11,4.0
1991693,4,4,6,7.0
6528187,12,1,13,22.0
6734778,12,2,7,14.0
2568462,5,4,14,59.0
6981791,12,3,19,14.0
5457838,10,6,17,8.0
1239159,3,6,10,9.0
2403010,5,3,14,78.0
647332,2,5,20,7.0
552265,1,5,16,11.0
580110,1,6,9,13.0
6985290,12,5,14,20.0
2044882,4,3,21,11.0
6968793,12,6,11,14.0
4157966,7,6,16,1.0
3092754,6,3,16,22.0
5514532,10,5,15,31.0
4188715,7,2,19,37.0
1448805,3,7,11,3.0
2535257,5,6,6,37.0
1609577,3,1,21,21.0
6408788,11,1,1,18.0
4777512,8,2,20,2.0
3834426,7,3,20,25.0
720533,2,3,6,10.0
6161981,11,7,14,25.0
1265933,3,7,13,10.0
1284294,3,7,20,17.0
3326659,6,1,12,21.0
2483788,5,5,12,7.0
4379515,8,6,17,31.0
1718359,3,1,10,26.0
1753333,3,4,16,26.0
289132,1,7,19,23.0
1605391,3,6,8,13.0
922893,2,4,18,19.0
2925832,5,5,22,12.0
1151070,2,6,18,14.0
4776320,8,6,16,27.0
726485,2,6,6,15.0
2690553,5,5,15,9.0
3901574,7,4,19,23.0
10967,1,7,17,1.0
3510321,6,4,15,10.0
6704332,12,2,7,2.0
3656826,7,5,21,8.0
260955,1,5,6,5.0
1761927,3,7,17,8.0
2689587,5,5,16,4.0
1138102,2,7,16,16.0
4294775,8,4,14,3.0
3524294,6,6,16,18.0
101889,1,2,16,12.0
3620397,7,1,14,1.0
1617635,3,6,14,34.0
1151348,2,5,8,15.0
10189,1,7,13,13.0
3016105,6,1,9,4.0
1007055,2,5,8,77.0
5815452,10,4,7,16.0
6437621,11,6,20,19.0
297193,1,2,20,12.0
669904,2,5,21,1.0
702854,2,2,8,7.0
3272439,6,6,11,18.0
6396709,11,1,15,12.0
1383502,3,7,6,15.0
645093,2,4,19,14.0
2950708,5,1,19,14.0
4157080,7,4,9,14.0
6526329,12,1,6,19.0
6549586,12,1,6,17.0
1474219,3,6,12,20.0
6982444,12,3,13,12.0
1763024,3,7,14,6.0
442007,1,3,13,1.0
717885,2,3,19,4.0
1294261,3,3,16,3.0
715203,2,2,17,13.0
2442352,5,1,7,15.0
128701,1,4,17,5.0
2353860,4,3,21,9.0
4389906,8,3,18,55.0
1223062,3,1,14,7.0
3726116,7,6,19,4.0
6555303,12,3,12,7.0
3191366,6,2,14,10.0
3118299,6,7,14,49.0
4797878,8,6,8,6.0
1623446,3,6,17,45.0
1292582,3,6,18,22.0
4050746,7,3,12,32.0
1908958,4,7,18,11.0
3570409,6,4,20,11.0
2425809,5,3,15,2.0
505059,1,4,8,6.0
772921,2,3,11,30.0
6682587,12,4,7,27.0
1234168,3,4,7,12.0
95268,1,6,8,13.0
2482859,5,6,9,29.0
5374893,9,7,6,71.0
2956371,5,3,18,10.0
109280,1,4,7,31.0
6977389,12,2,7,9.0
6639755,12,6,5,15.0
5856091,10,5,16,44.0
1286529,3,4,19,12.0
5448288,10,3,8,21.0
1240223,3,6,10,3.0
653192,2,7,15,51.0
1508348,3,6,6,13.0
5650210,10,1,17,37.0
6587171,12,4,6,123.0
644498,2,4,10,7.0
3792549,7,2,6,13.0
885918,2,5,16,9.0
2566679,5,3,13,22.0
1135501,2,6,8,18.0
433863,1,3,13,3.0
1236961,3,5,6,8.0
5336724,9,5,7,10.0
1281562,3,3,20,13.0
1936785,4,6,13,70.0
4498835,8,1,19,8.0
123530,1,2,21,8.0
886019,2,5,14,1.0
6516152,12,4,7,9.0
557854,1,2,12,23.0
3048433,6,3,16,4.0
1836842,4,4,7,19.0
1927222,4,7,21,28.0
2778653,5,4,6,11.0
2314782,4,6,6,21.0
24107,1,4,13,22.0
2345475,4,4,19,15.0
6580942,12,2,9,66.0
3016208,6,1,14,4.0
1455736,3,6,22,12.0
6525573,12,1,13,28.0
2965712,5,6,18,9.0
3901612,7,4,20,35.0
1148286,2,5,11,8.0
6521782,12,6,14,9.0
1421398,3,3,16,43.0
3431524,6,1,7,12.0
661401,2,2,11,8.0
6518379,12,5,13,4.0
6128180,11,4,14,4.0
1604007,3,6,12,3.0
779640,2,7,8,24.0
5086739,9,5,21,9.0
108512,1,3,18,24.0
6532322,12,3,11,14.0
1729101,3,7,16,13.0
1276371,3,6,8,59.0
97729,1,4,6,12.0
3085180,6,7,21,11.0
1283865,3,6,18,23.0
4503431,8,5,8,9.0
3704631,7,4,14,1.0
5693903,10,7,21,193.0
6439330,11,4,14,38.0
5459313,10,7,16,14.0
4808423,8,5,17,15.0
5888772,10,7,21,3.0
6118514,11,6,8,41.0
3046185,6,2,7,10.0
2967183,5,6,18,15.0
1282296,3,1,19,20.0
2515949,5,1,16,17.0
1014397,2,4,17,17.0
4391067,8,5,12,35.0
6698078,12,4,16,16.0
2413268,5,6,14,1.0
1836823,4,4,6,22.0
5078253,9,5,15,3.0
6544768,12,7,19,17.0
342571,1,4,6,8.0
2524985,5,6,6,15.0
3109642,6,6,18,4.0
3675312,7,4,9,27.0
3805628,7,4,15,5.0
6562817,12,1,11,1.0
5453459,10,5,17,6.0
5961697,11,7,13,6.0
6717346,12,6,6,20.0
2503471,5,7,18,62.0
792980,2,1,6,21.0
6970750,12,3,8,20.0
5405,1,5,18,6.0
5514729,10,6,7,48.0
1318758,3,7,7,16.0
2463469,5,7,20,13.0
3015436,6,7,21,9.0
5950985,11,4,15,13.0
3709585,7,2,14,3.0
707152,2,3,14,6.0
3271279,6,5,18,36.0
1228951,3,3,19,8.0
1214159,3,5,12,4.0
1003931,2,5,17,17.0
3711650,7,1,16,6.0
6562799,12,1,9,9.0
1017524,2,2,19,14.0
2428905,5,4,12,19.0
5015875,9,1,16,37.0
1389443,3,4,8,42.0
528476,1,5,12,5.0
2057001,4,5,20,10.0
4292122,8,3,9,17.0
4816792,8,1,18,31.0
1273025,3,1,8,13.0
52330,1,6,17,11.0
3754967,7,4,19,19.0
5558906,10,5,6,4.0
6781675,12,2,12,1.0
1611972,3,6,13,1.0
6532927,12,3,18,4.0
1280574,3,5,19,5.0
800337,2,6,7,17.0
6655314,12,6,8,16.0
1255789,3,4,19,15.0
5910455,10,7,18,22.0
6071596,11,7,18,67.0
6036522,11,6,18,12.0
2963705,5,1,16,17.0
6557237,12,1,11,6.0
1735504,3,4,22,21.0
49811,1,5,17,5.0
5100437,9,3,16,3.0
672839,2,6,13,1.0
1142289,2,5,15,12.0
1296516,3,2,10,18.0
1240633,3,6,8,7.0
1317619,3,6,10,108.0
6529261,12,2,19,3.0
3702528,7,3,7,16.0
1213010,3,5,18,7.0
654510,2,7,15,54.0
3589271,6,7,20,37.0
2501479,5,6,15,6.0
1268663,3,1,15,87.0
6980329,12,5,6,25.0
1198142,3,1,8,41.0
570692,1,4,19,7.0
5858047,10,5,16,16.0
1752487,3,7,15,12.0
2919709,5,4,11,13.0
1242103,3,7,11,3.0
6698233,12,4,16,26.0
6851853,12,6,0,14.0
6781716,12,1,9,7.0
2089511,4,4,10,1.0
300044,1,3,9,7.0
657476,2,1,12,1.0
6698195,12,4,18,13.0
1259561,3,5,19,8.0
2566549,5,3,11,48.0
4404492,8,5,15,3.0
2486195,5,1,8,21.0
6322916,11,5,8,7.0
2064582,4,4,20,28.0
1215795,3,6,11,5.0
1300351,3,6,14,4.0
3536620,6,6,22,24.0
695238,2,6,6,6.0
1732788,3,6,21,7.0
2119991,4,4,19,18.0
4566034,8,6,6,11.0
575598,1,4,17,19.0
1394202,3,7,9,38.0
3628703,7,4,14,6.0
671205,2,5,13,7.0
1762881,3,5,17,38.0
3033520,6,6,20,8.0
1906037,4,7,16,6.0
2968027,5,6,19,18.0
4055937,7,2,13,3.0
6730363,12,1,6,14.0
430313,1,3,11,3.0
6950511,12,6,11,7.0
3572652,6,5,11,36.0
1991925,4,4,16,3.0
3020958,6,2,21,4.0
4102067,7,5,9,13.0
1745327,3,4,18,8.0
6721974,12,3,6,25.0
3722025,7,6,18,16.0
489361,1,3,8,18.0
3057612,6,6,19,4.0
3060254,6,7,15,13.0
4253177,8,5,6,14.0
3597612,6,6,6,73.0
6551581,12,2,9,9.0
2596993,5,1,18,1.0
2055671,4,4,20,19.0
4351155,8,5,18,3.0
3666701,7,1,11,7.0
3951294,7,1,12,3.0
2363963,4,7,19,9.0
885934,2,5,18,14.0
4239432,8,1,11,15.0
114166,1,4,6,9.0
1721834,3,2,13,2.0
3544372,6,5,20,7.0
5231914,9,5,13,357.0
569360,1,1,14,4.0
6495210,12,5,13,19.0
517645,1,3,15,39.0
3120189,6,7,16,8.0
1238258,3,5,11,15.0
584130,1,1,15,10.0
4204597,7,1,19,5.0
536604,1,2,20,67.0
4264194,8,2,17,16.0
1426433,3,6,7,59.0
1023356,2,5,11,3.0
6947938,12,6,8,15.0
1269645,3,1,15,9.0
1302547,3,1,18,15.0
2452333,5,4,6,6.0
6030384,11,7,10,7.0
2272935,4,1,11,11.0
5356243,9,4,18,29.0
1124284,2,3,18,57.0
1441479,3,2,22,12.0
58820,1,1,10,1.0
5705413,10,5,17,164.0
4158254,7,6,11,2.0
6700040,12,6,16,21.0
3940314,7,5,18,5.0
24012,1,4,14,12.0
6566752,12,4,12,14.0
1240043,3,6,8,4.0
428577,1,3,9,37.0
10543,1,7,20,15.0
1909918,4,1,10,4.0
6208045,11,2,13,24.0
3678395,7,5,9,18.0
1902820,4,6,12,4.0
692211,2,5,6,11.0
1765087,3,3,19,15.0
3723506,7,1,16,10.0
4177424,7,5,7,10.0
707528,2,4,17,9.0
47558,1,4,15,11.0
3101000,6,5,14,12.0
866227,2,5,7,4.0
436836,1,3,13,33.0
568453,1,7,17,17.0
6198037,11,6,14,16.0
3709620,7,3,14,7.0
6528147,12,1,8,8.0
2972767,5,4,6,7.0
6498200,12,6,14,9.0
3255520,6,7,15,21.0
5333938,9,6,10,10.0
1293394,3,1,18,15.0
1234175,3,4,6,6.0
1282782,3,4,18,30.0
716012,2,1,17,7.0
6562546,12,2,18,9.0
6951617,12,2,6,23.0
1894451,4,5,14,5.0
4673566,8,1,16,6.0
2719722,5,3,15,72.0
6400234,11,6,14,48.0
3659923,7,6,17,8.0
1260133,3,5,6,17.0
3282509,6,7,10,13.0
1377091,3,3,6,35.0
3146716,6,7,6,27.0
114644,1,7,19,9.0
3136600,6,1,8,36.0
1723506,3,6,17,4.0
4513763,8,6,7,9.0
1304401,3,2,17,22.0
3180708,6,2,15,15.0
5546288,10,7,8,8.0
6540673,12,6,10,8.0
1911132,4,2,15,16.0
1317852,3,6,8,82.0
3901588,7,4,19,33.0
6416967,11,3,14,7.0
1792691,4,4,20,8.0
3849277,7,3,12,34.0
1903502,4,7,21,10.0
629521,2,7,17,5.0
2482764,5,6,10,19.0
3750421,7,4,6,26.0
5496416,10,4,6,7.0
3144714,6,5,11,102.0
4381864,8,2,20,216.0
4334121,8,1,8,7.0
55659,1,7,20,5.0
5101953,9,4,13,2.0
1205762,3,3,14,6.0
3615706,7,7,19,6.0
1270393,3,1,8,3.0
6964367,12,6,16,18.0
3280304,6,5,18,25.0
6621201,12,7,19,2.0
6061149,11,4,9,15.0
2656130,5,5,7,3.0
886082,2,5,14,17.0
4323645,8,5,17,1.0
6835861,12,3,7,12.0
2326138,4,3,18,1.0
4185834,7,3,17,8.0
3555476,6,6,20,23.0
1286493,3,7,16,2.0
6523399,12,7,16,14.0
5920434,10,7,19,85.0
4778167,8,4,16,26.0
2820401,5,1,17,7.0
550780,1,2,16,8.0
5409358,10,5,20,1.0
6551965,12,2,7,29.0
202619,1,2,21,15.0
1284051,3,6,19,30.0
1266655,3,7,21,6.0
4947758,9,5,18,5.0
6730017,12,3,7,4.0
3103883,6,1,14,4.0
108648,1,7,17,2.0
885989,2,5,20,11.0
690976,2,4,9,6.0
868607,2,7,18,16.0
1245666,3,1,19,5.0
4884326,9,1,7,11.0
1189930,3,5,7,7.0
1045142,2,1,6,17.0
5895420,10,7,14,19.0
6929169,12,3,12,9.0
484170,1,3,11,35.0
6620780,12,1,9,21.0
6551995,12,2,6,19.0
6564388,12,7,6,15.0
2116823,4,1,7,392.0
6521274,12,6,9,9.0
6555017,12,3,9,6.0
1017363,2,2,19,1.0
100572,1,3,10,18.0
4156614,7,3,19,14.0
695800,2,7,9,7.0
2258163,4,6,6,12.0
1317856,3,6,8,51.0
2969035,5,4,19,13.0
182261,1,3,7,26.0
2895944,5,7,7,24.0
5475325,10,4,10,41.0
4798383,8,3,14,15.0
886764,2,5,17,6.0
6169690,11,6,7,8.0
3533856,6,7,18,2.0
1217699,3,6,17,5.0
3778112,7,1,6,4.0
3121590,6,7,21,7.0
302582,1,4,12,9.0
6521788,12,6,10,4.0
769730,2,1,6,16.0
4519310,8,3,13,15.0
3125673,6,7,15,37.0
1253622,3,3,19,1.0
6400305,11,6,13,45.0
116405,1,3,14,5.0
6073185,11,5,8,22.0
3617944,7,1,17,7.0
3255500,6,7,18,22.0
4498183,8,1,22,14.0
1813592,4,4,7,8.0
1521256,3,1,12,4.0
535495,1,6,21,9.0
3554484,6,6,21,9.0
6984280,12,7,16,10.0
5100885,9,3,20,8.0
655228,2,1,8,16.0
2487904,5,5,7,8.0
3428125,6,7,12,32.0
331285,1,5,10,23.0
653171,2,7,16,33.0
873909,2,4,19,18.0
1747865,3,1,19,9.0
1625872,3,5,21,9.0
6963283,12,4,22,10.0
1142399,2,3,20,10.0
6193027,11,5,15,19.0
4453117,8,7,16,50.0
624441,2,5,20,9.0
106626,1,4,6,8.0
1235246,3,5,6,14.0
6978037,12,1,21,59.0
3283845,6,1,16,17.0
3901399,7,4,20,24.0
6732510,12,1,6,18.0
482785,1,5,17,14.0
3026815,6,4,14,4.0
1281785,3,6,17,11.0
1212891,3,5,16,8.0
1435676,3,6,8,63.0
301529,1,3,6,4.0
5579410,10,4,18,3.0
1225644,3,2,18,18.0
97669,1,4,6,15.0
4772272,8,4,7,6.0
1886275,4,3,17,12.0
97719,1,1,6,12.0
179796,1,1,11,102.0
1349557,3,1,11,46.0
3621773,7,2,21,12.0
4239382,8,1,11,15.0
91835,1,4,14,29.0
6636780,12,1,16,1.0
289184,1,7,20,29.0
1188678,3,5,7,34.0
1189759,3,5,17,11.0
52891,1,6,16,7.0
2499633,5,6,10,4.0
2688990,5,5,10,26.0
1291083,3,4,19,8.0
5778612,10,4,10,56.0
5324236,9,6,18,32.0
6657132,12,7,6,50.0
2599259,5,3,13,27.0
2313760,4,3,10,15.0
6582808,12,4,9,17.0
6964304,12,6,9,51.0
68232,1,4,16,5.0
1292117,3,7,13,4.0
3559881,6,6,20,11.0
6525689,12,1,8,21.0
2936140,5,4,16,6.0
1327860,3,7,13,16.0
4441468,8,6,12,68.0
5867255,10,6,6,5.0
4514343,8,6,20,29.0
6724609,12,6,18,2.0
3714714,7,3,6,44.0
6492234,12,4,15,4.0
3808292,7,5,7,22.0
1910424,4,5,9,15.0
4188172,7,5,19,6.0
768085,2,7,18,30.0
6559664,12,5,19,12.0
671456,2,5,18,3.0
6730959,12,1,6,6.0
569281,1,3,8,6.0
885999,2,5,17,12.0
4196987,7,3,18,3.0
6951513,12,2,6,30.0
3055432,6,5,20,6.0
5576404,10,7,14,5.0
3876606,7,5,9,24.0
127806,1,1,16,1.0
886745,2,5,19,4.0
6718923,12,1,8,20.0
3265821,6,1,19,22.0
1482312,3,7,19,4.0
6368926,11,4,19,12.0
4346640,8,6,15,12.0
6949509,12,4,9,9.0
298571,1,3,7,32.0
5405854,10,4,17,7.0
3719869,7,4,14,17.0
2487396,5,3,12,40.0
1466410,3,7,17,17.0
193221,1,3,8,25.0
6165547,11,3,19,36.0
713111,2,7,15,3.0
1610368,3,6,8,10.0
3008173,6,5,18,6.0
3737944,7,2,14,2.0
2851856,5,4,10,71.0
2082962,4,2,16,3.0
6028030,11,7,7,12.0
1914687,4,4,7,12.0
1346334,3,6,19,78.0
1239156,3,6,13,6.0
3788086,7,6,12,18.0
4252689,8,5,8,30.0
93256,1,4,6,6.0
542922,1,3,19,11.0
1256833,3,4,16,8.0
567983,1,3,7,6.0
300563,1,3,16,16.0
1125440,2,5,21,10.0
6539147,12,5,14,14.0
5238237,9,3,11,33.0
483614,1,2,6,17.0
1827893,4,1,14,1.0
3135026,6,6,15,15.0
109764,1,3,19,32.0
1151061,2,7,18,15.0
3337760,6,6,8,32.0
2355630,4,6,13,7.0
6657938,12,4,6,10.0
3115769,6,6,19,25.0
1823534,4,7,14,6.0
2510046,5,7,17,6.0
6400300,11,6,13,3.0
6515242,12,4,7,17.0
3114771,6,6,17,18.0
6169836,11,6,17,12.0
5077727,9,5,18,35.0
885962,2,5,13,3.0
774707,2,4,7,28.0
4769439,8,5,6,25.0
1892352,4,2,14,2.0
3111862,6,6,19,6.0
3102880,6,1,18,3.0
6979587,12,6,0,6.0
1898080,4,7,15,9.0
5646463,10,5,16,22.0
1836802,4,4,6,22.0
848782,2,5,18,9.0
6555018,12,3,7,9.0
4104316,7,3,13,52.0
4198100,7,6,6,11.0
3172702,6,4,18,68.0
4109402,7,4,13,35.0
1292263,3,6,14,33.0
3255456,6,7,15,24.0
2083064,4,2,7,21.0
338965,1,5,6,7.0
3794011,7,4,21,9.0
722735,2,3,14,6.0
457925,1,2,19,67.0
52383,1,6,18,28.0
2345524,4,6,18,21.0
1028643,2,5,6,14.0
2482869,5,6,10,10.0
1298457,3,2,15,4.0
3679159,7,5,9,93.0
6045047,11,2,20,34.0
685621,2,3,17,6.0
78305,1,7,10,8.0
6907156,12,3,11,17.0
692219,2,5,7,10.0
2351726,4,5,15,7.0
374498,1,5,8,1.0
2082220,4,2,14,8.0
1506975,3,3,14,6.0
33113,1,7,16,7.0
478841,1,3,17,13.0
1377401,3,4,6,34.0
1287239,3,6,18,38.0
4160889,7,5,11,15.0
4286657,8,1,11,11.0
3129024,6,5,15,20.0
5020998,9,5,6,41.0
480009,1,4,11,24.0
300571,1,3,10,17.0
2671302,5,3,8,18.0
1757098,3,7,12,6.0
3440079,6,7,12,11.0
2467723,5,2,7,12.0
4291034,8,3,18,4.0
2237086,4,5,13,1.0
1251356,3,2,14,14.0
4765625,8,1,17,2.0
852358,2,1,7,15.0
121263,1,3,19,31.0
4413793,8,3,15,113.0
4105816,7,3,15,21.0
4315436,8,3,6,7.0
3115627,6,1,17,20.0
6824602,12,2,6,17.0
3567677,6,1,19,21.0
652543,2,7,18,7.0
1731985,3,5,14,6.0
6659303,12,4,18,10.0
109312,1,2,20,8.0
6816657,12,1,12,9.0
1908315,4,2,11,4.0
3003334,6,4,16,5.0
3105283,6,7,15,18.0
1305081,3,2,19,27.0
3116160,6,7,19,10.0
3016153,6,1,20,26.0
1831898,4,2,13,18.0
3690722,7,1,10,4.0
4529213,8,4,15,10.0
4191283,7,7,18,2.0
6030894,11,7,18,1.0
1378809,3,4,6,40.0
120982,1,7,15,12.0
2428559,5,4,7,22.0
1303628,3,6,13,9.0
1229916,3,3,7,10.0
4773516,8,7,7,7.0
688270,2,4,13,4.0
156741,1,5,10,15.0
5633447,10,1,8,6.0
3563729,6,4,15,21.0
3704688,7,7,7,8.0
1115221,2,6,20,8.0
1446248,3,5,9,19.0
5558909,10,2,6,15.0
5100471,9,3,16,10.0
4773970,8,1,17,16.0
301511,1,3,11,3.0
3736640,7,7,12,8.0
3573512,6,4,19,8.0
1140089,2,5,15,4.0
810410,2,5,16,19.0
1474330,3,6,20,16.0
1706259,3,3,6,19.0
3078571,6,5,21,2.0
584210,1,4,9,78.0
4811771,8,5,13,25.0
725347,2,6,18,9.0
2512901,5,5,12,3.0
1900163,4,5,21,6.0
114663,1,1,17,5.0
625227,2,5,17,5.0
1293536,3,2,19,4.0
3448485,6,7,12,17.0
1765832,3,7,23,5.0
5326212,9,4,16,18.0
1992624,4,5,19,74.0
1915914,4,7,17,4.0
2083023,4,2,10,16.0
2434815,5,5,18,6.0
6327952,11,4,6,10.0
6895100,12,1,7,13.0
3109841,6,7,21,5.0
2362455,4,5,7,8.0
653153,2,7,17,9.0
6964896,12,7,6,9.0
865974,2,5,11,10.0
434490,1,3,7,7.0
6951597,12,2,8,39.0
6593215,12,6,16,19.0
1722256,3,3,0,9.0
6041986,11,6,18,7.0
2493452,5,4,15,7.0
6514686,12,4,6,10.0
2365700,4,2,10,1.0
1399915,3,6,9,31.0
607140,2,7,10,16.0
4414958,8,4,11,65.0
3092282,6,4,7,6.0
4138732,7,4,7,115.0
1660325,3,4,11,7.0
3118457,6,7,17,10.0
585512,1,3,18,23.0
2452265,5,4,16,27.0
2707077,5,6,11,155.0
1989151,4,3,13,4.0
2495811,5,2,14,8.0
3628554,7,4,14,22.0
3050661,6,4,7,7.0
1502001,3,5,13,82.0
2599345,5,3,13,46.0
299356,1,3,18,12.0
1848272,4,7,19,5.0
7343,1,6,16,2.0
4348413,8,6,14,1.0
1191189,3,5,20,1.0
982759,2,2,6,16.0
3685513,7,7,14,1.0
337035,1,3,7,40.0
3282911,6,1,6,4.0
4151537,7,6,10,24.0
1111611,2,4,10,12.0
721148,2,7,15,18.0
6527248,12,1,14,13.0
3895555,7,6,14,4.0
4892390,9,3,19,3.0
6511517,12,3,15,29.0
6965449,12,1,7,9.0
1239164,3,6,13,4.0
6538521,12,5,16,30.0
1746462,3,7,18,11.0
4140280,7,2,6,19.0
1240030,3,6,6,9.0
6562829,12,1,11,6.0
3100689,6,3,18,54.0
4822924,8,6,6,11.0
1718719,3,2,17,20.0
5242179,9,1,13,9.0
4157218,7,4,11,30.0
2666078,5,6,18,11.0
2363491,4,5,19,11.0
1918171,4,6,18,40.0
6525651,12,1,12,36.0
6547909,12,1,20,4.0
3067525,6,2,20,10.0
6964422,12,6,8,22.0
654148,2,7,16,3.0
6553903,12,3,13,10.0
6978563,12,1,6,14.0
1403656,3,6,8,65.0
650489,2,6,10,6.0
7334,1,6,17,20.0
6760577,12,5,12,11.0
10869,1,7,14,10.0
6951535,12,2,10,22.0
55754,1,7,11,14.0
6977771,12,2,14,24.0
5337156,9,6,7,5.0
4813697,8,4,18,6.0
1455621,3,6,9,11.0
4270800,8,4,14,7.0
1923021,4,1,6,15.0
571641,1,3,19,16.0
1831212,4,2,20,8.0
4257713,8,7,17,15.0
6954171,12,2,19,36.0
1349574,3,1,7,33.0
5358061,9,4,14,114.0
1712104,3,7,20,12.0
3003607,6,4,8,6.0
581751,1,2,17,9.0
5620415,10,4,20,28.0
650519,2,6,17,5.0
3662876,7,7,13,8.0
263570,1,7,18,52.0
6620866,12,1,7,10.0
571488,1,5,6,8.0
2601462,5,4,7,20.0
3506342,6,3,12,7.0
3641920,7,1,19,3.0
3567517,6,1,19,45.0
1183143,3,3,16,8.0
4895129,9,4,19,24.0
3733262,7,6,14,15.0
1818738,4,5,17,4.0
4207184,7,5,8,15.0
5582676,10,7,5,11.0
1293508,3,3,16,10.0
519642,1,5,17,24.0
671958,2,5,7,11.0
4799055,8,5,20,9.0
6731355,12,1,7,12.0
10017,1,7,11,10.0
1289510,3,7,16,3.0
4770930,8,2,17,7.0
6968765,12,6,18,8.0
4379616,8,6,20,40.0
5625078,10,1,10,4.0
774558,2,4,16,25.0
4964600,9,1,12,21.0
1238069,3,5,15,1.0
2493137,5,7,17,11.0
3121751,6,1,17,7.0
691721,2,5,8,15.0
1296218,3,3,14,10.0
5578312,10,7,10,24.0
881413,2,3,12,1.0
6816710,12,6,6,12.0
621034,2,4,15,3.0
3653933,7,4,18,8.0
1218737,3,7,11,4.0
299056,1,3,6,37.0
1986242,4,3,14,12.0
1192674,3,6,11,8.0
4150281,7,3,19,31.0
1460839,3,3,18,46.0
4486204,8,6,6,45.0
3188214,6,7,8,9.0
3122854,6,1,19,9.0
1271729,3,6,19,13.0
1918659,4,2,16,37.0
3916551,7,3,12,19.0
1220280,3,7,19,3.0
3371598,6,1,9,9.0
6478575,12,7,18,27.0
3882738,7,3,19,16.0
5100425,9,3,16,2.0
4188094,7,3,17,8.0
4155109,7,6,11,21.0
3524697,6,7,16,21.0
9910,1,7,18,8.0
4796443,8,6,9,10.0
2331416,4,5,23,6.0
5461163,10,7,19,3.0
1221702,3,1,19,1.0
1455608,3,6,7,15.0
2817712,5,5,15,14.0
675637,2,7,17,2.0
1836847,4,4,7,41.0
4439963,8,5,17,7.0
1218370,3,7,8,19.0
781766,2,1,7,56.0
2884498,5,6,11,10.0
3038226,6,7,7,14.0
2332099,4,6,21,3.0
805761,2,2,6,30.0
6525665,12,1,13,27.0
4510232,8,3,17,115.0
3338670,6,7,11,66.0
300024,1,3,12,39.0
5756054,10,3,17,3.0
6500227,12,7,18,1.0
6438002,11,6,17,16.0
604518,1,1,17,49.0
3892950,7,4,21,44.0
4043,1,5,20,2.0
298793,1,3,8,15.0
6411056,11,7,11,5.0
6964300,12,6,9,65.0
4568370,8,2,17,22.0
6052292,11,6,6,10.0
6024633,11,6,20,12.0
300595,1,3,13,18.0
1456770,3,7,17,28.0
799762,2,5,17,47.0
926161,2,6,22,14.0
3261990,6,5,11,11.0
568213,1,6,18,14.0
6549519,12,1,6,26.0
708596,2,1,12,11.0
5734078,10,3,2,11.0
3030893,6,5,16,1.0
3426160,6,7,12,15.0
3017581,6,1,15,8.0
6731934,12,1,6,12.0
627,1,4,6,6.0
3333663,6,1,5,10.0
722357,2,1,12,10.0
6642723,12,5,20,26.0
1870031,4,7,14,2.0
5403038,10,3,12,38.0
1825058,4,7,12,9.0
4345172,8,3,17,7.0
884245,2,5,15,15.0
3574534,6,1,11,9.0
6470170,12,4,20,4.0
1215542,3,6,17,7.0
624418,2,5,18,1.0
573248,1,5,18,11.0
3709616,7,2,18,11.0
639335,2,3,8,50.0
191840,1,2,21,15.0
4148992,7,2,17,12.0
4342537,8,4,19,16.0
6931663,12,7,7,11.0
622529,2,4,17,6.0
3388095,6,7,6,20.0
3052837,6,4,21,5.0
2957389,5,7,11,15.0
5511871,10,1,7,19.0
3325893,6,7,21,90.0
3604221,7,3,12,23.0
5510,1,5,16,6.0
1265801,3,7,15,7.0
4429009,8,5,7,17.0
1516508,3,3,6,14.0
3016218,6,1,11,26.0
91988,1,4,13,11.0
6966396,12,2,15,9.0
1519842,3,6,15,14.0
4778613,8,5,20,6.0
696303,2,1,9,23.0
584336,1,4,6,28.0
2417058,5,7,13,3.0
2255384,4,1,16,45.0
4161008,7,5,19,45.0
3125849,6,1,19,31.0
2510607,5,6,6,10.0
1317837,3,6,8,126.0
298664,1,3,9,2.0
4186191,7,4,21,33.0
1050397,2,6,6,9.0
3702563,7,3,9,15.0
5475321,10,4,11,18.0
122005,1,5,20,9.0
1148679,2,3,11,10.0
78215,1,7,14,80.0
3714522,7,7,15,11.0
1215946,3,6,8,19.0
3819152,7,5,16,11.0
6972989,12,1,19,8.0
547222,1,3,6,13.0
6428138,11,6,21,6.0
611471,2,1,15,2.0
1197464,3,7,16,5.0
1240069,3,6,7,3.0
3704212,7,2,16,16.0
5024336,9,7,15,11.0
5623749,10,7,9,17.0
1387835,3,3,19,64.0
122681,1,7,18,21.0
4966778,9,5,11,126.0
2346084,4,7,19,24.0
296351,1,2,13,14.0
6193907,11,6,20,20.0
522818,1,6,12,24.0
3549984,6,1,7,9.0
644626,2,4,20,7.0
5646502,10,5,18,6.0
5341123,9,1,16,13.0
1753897,3,4,16,38.0
5510721,10,7,14,22.0
575365,1,3,15,1.0
527523,1,2,6,15.0
3715231,7,7,17,2.0
692201,2,5,7,8.0
2870985,5,6,11,130.0
4298858,8,5,20,50.0
3575878,6,4,12,12.0
1190326,3,5,9,18.0
710597,2,6,18,28.0
653168,2,7,15,47.0
297099,1,2,17,20.0
6114980,11,5,14,30.0
568228,1,2,19,6.0
16567,1,2,11,5.0
653093,2,7,15,15.0
648433,2,5,15,6.0
2075134,4,5,12,7.0
1156475,2,6,17,12.0
5910581,10,7,18,25.0
4877809,9,5,17,11.0
1396048,3,1,19,53.0
5826794,10,4,14,6.0
1474031,3,6,6,15.0
6366038,11,1,15,7.0
1998543,4,1,12,7.0
1152798,2,6,19,22.0
5633393,10,1,8,6.0
1235002,3,4,15,1.0
3574582,6,2,14,7.0
6721186,12,3,16,20.0
6169843,11,6,17,48.0
3134346,6,5,16,92.0
6598877,12,1,7,22.0
709594,2,1,6,16.0
1005298,2,1,12,13.0
3103941,6,7,21,17.0
6563612,12,1,14,6.0
723630,2,6,11,13.0
6567455,12,3,17,3.0
1576226,3,5,14,1.0
1276022,3,2,11,5.0
3732176,7,1,18,18.0
1748705,3,5,6,22.0
2315512,4,1,22,25.0
6521727,12,6,12,12.0
3037248,6,7,20,26.0
4806699,8,4,15,17.0
6843751,12,5,6,20.0
6721977,12,3,7,36.0
4561577,8,5,5,11.0
4335113,8,1,18,24.0
2315504,4,1,22,23.0
1824259,4,7,9,3.0
6287853,11,4,6,9.0
5493872,10,1,13,1.0
6765817,12,2,14,13.0
4346419,8,4,15,8.0
3120725,6,7,19,5.0
4973042,9,7,16,15.0
2362805,4,7,14,6.0
3548795,6,6,22,16.0
4524252,8,7,17,58.0
1577950,3,3,17,10.0
6511498,12,3,12,1.0
4510257,8,3,23,35.0
3302270,6,6,8,30.0
1101972,2,7,15,6.0
1800356,4,7,18,2.0
2360771,4,5,7,15.0
6963461,12,4,19,33.0
138576,1,1,14,17.0
4884775,9,1,12,7.0
4371696,8,2,17,19.0
4282192,8,7,19,2.0
5834235,10,5,13,26.0
1954488,4,1,6,15.0
3564422,6,5,20,17.0
6730946,12,1,7,15.0
6548885,12,1,7,12.0
2517185,5,4,18,7.0
300576,1,3,18,17.0
2327315,4,5,14,15.0
1895107,4,5,20,22.0
75353,1,6,11,10.0
868713,2,7,18,12.0
539210,1,1,21,9.0
4382294,8,3,5,39.0
6964295,12,6,9,88.0
6521728,12,6,12,4.0
6541116,12,6,10,16.0
4670534,8,6,14,29.0
6182795,11,3,9,7.0
4202427,7,1,0,17.0
577988,1,2,10,27.0
2393233,5,7,19,3.0
297155,1,2,20,26.0
1290135,3,7,17,19.0
6531819,12,2,15,6.0
121451,1,7,16,3.0
3058682,6,6,9,10.0
1466377,3,7,15,42.0
1724213,3,1,19,56.0
1296961,3,2,19,7.0
2949950,5,7,18,9.0
1736213,3,5,9,7.0
5516118,10,1,17,27.0
1714872,3,6,18,2.0
331359,1,7,14,8.0
4966705,9,5,6,19.0
6001631,11,5,19,5.0
6709316,12,7,18,4.0
6839967,12,7,7,33.0
1863009,4,4,12,7.0
97162,1,5,11,69.0
3726468,7,6,7,17.0
1253583,3,3,14,9.0
2836621,5,7,6,8.0
564486,1,5,21,7.0
6892209,12,3,15,36.0
3640221,7,7,21,5.0
2964766,5,6,21,15.0
100656,1,3,16,13.0
2487506,5,5,9,70.0
2427496,5,3,11,5.0
6042824,11,5,16,7.0
6721028,12,2,7,9.0
1249660,3,2,7,12.0
126993,1,1,18,4.0
6945387,12,6,20,23.0
59732,1,1,16,2.0
6965021,12,7,7,19.0
5653878,10,4,11,45.0
2689581,5,5,14,4.0
6612796,12,1,15,43.0
3565385,6,5,19,2.0
1610430,3,6,9,30.0
6973450,12,1,17,15.0
2362926,4,4,16,36.0
647352,2,5,20,6.0
372,1,4,16,3.0
115109,1,3,15,6.0
6645706,12,6,9,13.0
6947955,12,6,9,2.0
6975386,12,5,6,14.0
4325143,8,6,8,26.0
1383624,3,7,6,38.0
4500989,8,3,20,5.0
3726877,7,1,18,2.0
2422254,5,2,6,15.0
639814,2,3,7,17.0
3735153,7,6,6,11.0
1753489,3,1,18,3.0
2491649,5,7,18,5.0
2449257,5,3,14,6.0
3020174,6,2,19,1.0
6024598,11,6,11,15.0
202621,1,2,14,15.0
206730,1,4,9,16.0
107047,1,3,14,4.0
5415156,10,7,8,48.0
3097224,6,4,9,18.0
2219748,4,1,10,39.0
5910708,10,7,18,12.0
6408650,11,7,21,64.0
4486192,8,1,6,16.0
6951303,12,1,21,32.0
3901508,7,4,19,29.0
4391191,8,5,12,91.0
5771720,10,7,9,2.0
1352669,3,3,6,15.0
655222,2,1,7,19.0
5592142,10,4,11,32.0
3559310,6,6,18,4.0
1265672,3,7,10,2.0
6532324,12,3,8,1.0
6400219,11,6,15,20.0
1439797,3,7,21,8.0
1303774,3,6,18,24.0
2925856,5,5,17,7.0
1758816,3,5,15,7.0
3144263,6,4,13,34.0
3887852,7,7,17,9.0
5910782,10,7,18,9.0
5414334,10,7,12,3.0
6963851,12,5,7,13.0
645754,2,4,13,3.0
1154001,2,5,20,20.0
4150582,7,3,12,69.0
2044810,4,3,22,22.0
1423988,3,6,8,83.0
3114682,6,6,18,15.0
3090339,6,4,8,6.0
5969474,11,2,9,36.0
629431,2,7,18,18.0
6628268,12,2,7,20.0
705466,2,6,19,7.0
4206677,7,6,20,17.0
4772439,8,5,11,6.0
5999285,11,4,18,1.0
886354,2,5,16,3.0
6483160,12,1,11,19.0
1157616,2,5,6,20.0
2440154,5,7,13,6.0
3564603,6,6,0,34.0
1756293,3,5,8,8.0
2683878,5,6,12,69.0
1242101,3,7,11,3.0
1481440,3,7,18,6.0
6730593,12,1,15,9.0
3744506,7,3,6,26.0
6981109,12,4,18,7.0
2401695,5,3,13,4.0
6521732,12,6,12,8.0
4097701,7,4,7,140.0
6951430,12,2,7,71.0
3709508,7,3,13,6.0
846892,2,7,12,53.0
2920391,5,6,20,5.0
3713663,7,1,6,7.0
1474308,3,6,20,20.0
1292516,3,7,15,24.0
3627955,7,4,18,28.0
5491757,10,3,10,2.0
584141,1,3,19,10.0
4110341,7,3,15,26.0
5912212,10,4,13,13.0
6993550,12,1,15,9.0
1825507,4,7,9,10.0
5326313,9,5,15,4.0
1516497,3,6,6,19.0
