,Month,DayOfWeek,Time,WeatherDelay
6976515,12,3,7,53.0
194930,1,4,16,53.0
6604680,12,4,20,20.0
2509059,5,3,6,59.0
2812363,5,6,18,34.0
6562482,12,2,11,16.0
5674306,10,5,16,30.0
981150,2,2,15,24.0
6523803,12,7,21,31.0
6858136,12,2,6,6.0
3828956,7,4,18,283.0
3381385,6,4,15,40.0
2110227,4,5,19,144.0
484901,1,2,18,10.0
3944306,7,4,21,47.0
607506,2,7,15,16.0
3858288,7,3,9,8.0
1138837,2,4,19,8.0
695233,2,2,18,135.0
3387435,6,4,6,236.0
1330839,3,5,16,20.0
6937984,12,4,21,7.0
6275274,11,5,7,20.0
1953118,4,6,10,15.0
151580,1,3,14,120.0
1292464,3,1,11,6.0
5082898,9,2,9,144.0
4342956,8,5,15,142.0
4150770,7,4,11,10.0
3766870,7,2,10,12.0
1630468,3,6,18,59.0
6832691,12,6,9,13.0
3629884,7,4,20,27.0
6785215,12,1,7,11.0
1185797,3,4,15,284.0
153529,1,7,17,78.0
761154,2,6,12,2.0
841468,2,3,13,36.0
610150,2,1,16,3.0
128463,1,2,21,13.0
2952356,5,1,15,1.0
1533185,3,1,10,2.0
6610050,12,3,13,30.0
3425814,6,5,14,116.0
1096222,2,6,5,32.0
2551179,5,3,19,14.0
6523788,12,7,15,7.0
4363684,8,5,13,35.0
2121004,4,2,15,35.0
3494140,6,3,14,12.0
3433167,6,7,12,30.0
4236598,8,1,12,7.0
514824,1,4,20,15.0
2204501,4,1,10,26.0
3300135,6,5,13,15.0
6597938,12,6,11,319.0
759339,2,3,18,19.0
3387375,6,4,17,17.0
3939799,7,1,8,80.0
3958130,7,7,17,182.0
1677047,3,1,21,23.0
4352190,8,7,15,27.0
3942970,7,1,5,49.0
2830191,5,4,6,140.0
1081704,2,2,12,28.0
159435,1,2,10,36.0
3114518,6,2,20,3.0
6685429,12,6,13,120.0
3933585,7,4,19,48.0
3778445,7,4,13,115.0
4724731,8,2,18,33.0
5961422,11,7,20,10.0
3000398,6,3,19,6.0
4745430,8,5,20,18.0
6612094,12,7,19,55.0
3837455,7,6,12,19.0
6924469,12,3,15,17.0
2047257,4,5,17,11.0
3447223,6,3,22,8.0
5605595,10,5,20,10.0
1225280,3,2,19,7.0
3115077,6,3,15,323.0
2812965,5,5,13,100.0
6165478,11,3,18,42.0
2003053,4,4,14,35.0
5576883,10,7,21,3.0
3940514,7,7,21,91.0
2628107,5,6,14,59.0
1330802,3,5,12,25.0
2779547,5,2,18,3.0
1481603,3,7,17,3.0
1338645,3,4,12,95.0
518147,1,6,20,30.0
1375767,3,3,17,113.0
2777652,5,3,7,11.0
6875699,12,2,14,50.0
4814721,8,5,19,75.0
6513283,12,4,7,27.0
451856,1,4,12,9.0
177448,1,7,13,104.0
755184,2,3,16,22.0
4716889,8,4,18,7.0
6589704,12,1,12,102.0
4136621,7,3,13,139.0
2733959,5,7,16,1.0
6772526,12,2,21,6.0
1060763,2,5,18,6.0
4816307,8,4,8,14.0
6476321,12,6,13,14.0
3286997,6,4,22,66.0
1745957,3,7,21,23.0
6517131,12,5,8,45.0
4055457,7,5,21,31.0
6757536,12,3,7,99.0
112703,1,5,15,9.0
6080987,11,4,17,5.0
3432717,6,1,14,37.0
715950,2,4,13,42.0
3958905,7,7,16,168.0
6573809,12,2,17,21.0
3992948,7,4,14,34.0
520683,1,1,6,318.0
1288591,3,1,12,13.0
413809,1,3,14,32.0
3383335,6,3,19,24.0
3075436,6,4,11,16.0
174731,1,5,19,90.0
522710,1,5,16,7.0
4053789,7,6,18,69.0
4307788,8,1,16,41.0
5961184,11,7,13,66.0
1331196,3,5,11,64.0
5409899,10,5,13,8.0
6656511,12,6,7,44.0
3884209,7,4,20,124.0
5287557,9,7,10,4.0
3640547,7,7,18,43.0
253652,1,3,15,26.0
6686288,12,1,8,28.0
5492462,10,3,17,133.0
6983919,12,1,21,18.0
1570555,3,1,6,17.0
5206179,9,5,7,35.0
6571771,12,4,9,48.0
1748628,3,1,20,4.0
1602282,3,2,19,2.0
1601584,3,3,19,10.0
4746593,8,4,18,3.0
6203442,11,5,15,25.0
4579457,8,6,21,41.0
1329236,3,2,19,45.0
6752953,12,6,21,13.0
4200577,7,6,14,25.0
6952413,12,5,11,23.0
6088305,11,7,12,80.0
3927506,7,7,14,41.0
509692,1,2,8,6.0
1570721,3,3,18,14.0
403487,1,5,11,4.0
3161893,6,4,18,66.0
5237125,9,2,17,22.0
980836,2,2,18,79.0
5908395,10,3,19,24.0
6203201,11,5,21,15.0
413583,1,1,13,18.0
766192,2,5,8,57.0
6730757,12,1,14,7.0
1066497,2,2,7,16.0
3628953,7,4,6,14.0
630043,2,7,17,9.0
3554422,6,7,20,19.0
1078089,2,7,22,31.0
6978981,12,7,13,26.0
988789,2,1,14,17.0
5972962,11,3,17,19.0
3063187,6,1,14,34.0
2834594,5,5,14,41.0
1155008,2,3,6,9.0
1502960,3,6,14,71.0
1204720,3,2,10,20.0
3776815,7,7,17,241.0
1003676,2,3,18,1.0
4823089,8,5,20,6.0
2684719,5,4,10,5.0
3478222,6,2,20,57.0
4703411,8,5,11,12.0
6922728,12,1,12,9.0
3160478,6,1,17,40.0
3684348,7,6,18,41.0
6566367,12,4,13,50.0
5833052,10,5,20,8.0
3694856,7,3,15,17.0
408569,1,3,12,18.0
831071,2,7,18,86.0
5601566,10,6,18,7.0
6619640,12,6,9,16.0
3450968,6,5,19,113.0
1577760,3,1,16,34.0
4539142,8,7,6,14.0
6777525,12,5,19,56.0
6862098,12,3,13,17.0
3159209,6,6,16,33.0
4041198,7,2,19,67.0
6301304,11,7,16,14.0
3935271,7,2,16,165.0
742172,2,5,18,74.0
4108312,7,6,10,9.0
4751278,8,5,20,21.0
4199015,7,7,21,19.0
399741,1,2,19,41.0
2870496,5,1,16,7.0
6935145,12,7,17,20.0
6939471,12,6,18,50.0
2786220,5,2,17,236.0
3937331,7,4,17,20.0
5066842,9,3,18,43.0
6535400,12,4,18,4.0
3402950,6,7,11,21.0
2783202,5,1,15,11.0
1256732,3,4,18,2.0
4777095,8,1,18,7.0
3432533,6,4,19,9.0
3159749,6,7,17,123.0
6916997,12,6,18,8.0
3497411,6,1,11,6.0
3657860,7,5,15,15.0
168186,1,3,18,15.0
6536809,12,4,18,40.0
2733523,5,5,11,3.0
1696549,3,6,16,19.0
6750163,12,3,7,17.0
305114,1,4,16,100.0
2957838,5,3,13,6.0
2823870,5,5,8,18.0
1743927,3,4,19,25.0
3242680,6,3,17,75.0
6568526,12,2,19,7.0
3118834,6,7,21,42.0
1590211,3,5,8,11.0
4788169,8,6,17,67.0
253826,1,6,17,75.0
914510,2,2,17,201.0
1957482,4,4,7,15.0
3621277,7,2,14,6.0
104540,1,4,7,4.0
3765542,7,2,10,136.0
304275,1,3,22,120.0
6155623,11,7,12,42.0
6882004,12,5,13,7.0
2703083,5,2,20,102.0
6466310,12,3,18,13.0
161014,1,5,18,57.0
757745,2,1,15,199.0
2895752,5,2,20,80.0
3773526,7,3,12,21.0
6239677,11,5,8,4.0
4278513,8,6,10,4.0
3149494,6,3,15,269.0
3342669,6,6,15,2.0
4236978,8,1,7,76.0
1920894,4,5,17,56.0
1225647,3,2,14,12.0
1199365,3,1,7,94.0
4412397,8,2,15,97.0
6840086,12,3,10,14.0
6844087,12,3,17,12.0
2203024,4,7,14,3.0
1766909,3,6,20,51.0
6843171,12,5,12,14.0
4038517,7,7,8,8.0
4307832,8,1,19,18.0
2774778,5,2,13,189.0
4335867,8,4,7,13.0
3276461,6,3,18,35.0
6607718,12,4,18,26.0
152397,1,5,6,10.0
79955,1,7,15,124.0
2288402,4,3,20,137.0
818595,2,7,7,19.0
1925153,4,4,6,185.0
3764005,7,1,14,45.0
3810485,7,7,16,46.0
3188279,6,7,7,36.0
889439,2,6,9,20.0
1949453,4,7,20,147.0
6902514,12,1,10,37.0
6438452,11,5,18,23.0
6222779,11,7,14,4.0
4676143,8,1,17,14.0
984752,2,1,19,28.0
3511337,6,2,21,58.0
917168,2,5,8,400.0
3083109,6,7,18,43.0
3774603,7,3,17,103.0
3620960,7,2,16,6.0
1945659,4,7,13,18.0
5083427,9,3,18,12.0
6088172,11,7,12,20.0
2796164,5,3,13,5.0
3834067,7,4,18,9.0
1585132,3,1,10,12.0
2689423,5,5,10,68.0
1239968,3,6,8,47.0
4980614,9,4,19,90.0
3788,1,5,18,11.0
6843535,12,3,16,5.0
867582,2,6,8,34.0
863182,2,3,9,86.0
3555619,6,1,8,41.0
3779685,7,7,12,155.0
6565247,12,5,6,14.0
1709448,3,5,19,22.0
6615250,12,7,16,185.0
3444707,6,2,17,219.0
6555907,12,3,14,74.0
4812300,8,6,18,12.0
1293708,3,6,9,46.0
1295829,3,1,15,330.0
2120438,4,2,6,37.0
3106690,6,7,15,66.0
6518207,12,5,16,3.0
478025,1,3,17,20.0
243026,1,5,14,112.0
992754,2,7,9,55.0
6836833,12,2,8,36.0
6616174,12,2,10,20.0
2965877,5,5,17,6.0
5818198,10,2,14,12.0
1154171,2,2,13,13.0
298828,1,3,9,10.0
1408085,3,6,9,12.0
3364131,6,7,15,37.0
5107345,9,2,21,5.0
494917,1,2,12,22.0
2548067,5,5,14,20.0
3946140,7,4,14,8.0
2238449,4,3,18,27.0
993400,2,5,17,11.0
2543865,5,4,11,5.0
1333182,3,2,12,14.0
5194528,9,3,16,28.0
6937795,12,3,6,12.0
6087914,11,6,14,72.0
1204773,3,3,6,30.0
6740400,12,2,9,13.0
750730,2,3,14,90.0
2496248,5,1,7,57.0
2772679,5,3,14,22.0
422577,1,2,13,4.0
1028035,2,2,18,4.0
347085,1,5,11,17.0
4188248,7,3,7,15.0
5528389,10,4,11,15.0
6893790,12,3,7,240.0
6088132,11,7,16,150.0
6714992,12,4,8,28.0
1911131,4,5,15,18.0
6140658,11,4,18,21.0
3429619,6,7,22,181.0
3519995,6,2,18,8.0
3189352,6,1,8,53.0
1432451,3,1,11,6.0
6697254,12,3,9,58.0
2786656,5,2,18,1.0
6649864,12,2,6,51.0
1950067,4,1,16,44.0
6521307,12,6,7,32.0
244523,1,6,16,53.0
986376,2,1,11,24.0
6780666,12,5,13,2.0
758884,2,3,10,44.0
3107777,6,1,6,11.0
6516691,12,5,11,22.0
6924237,12,2,19,23.0
6964472,12,6,18,17.0
3474481,6,2,18,2.0
5157171,9,3,15,4.0
6221174,11,6,20,28.0
1569725,3,3,12,3.0
1085231,2,4,18,5.0
3432892,6,2,13,20.0
509193,1,4,7,28.0
3412275,6,3,15,44.0
6986796,12,3,18,6.0
1136840,2,2,22,29.0
4220808,7,4,13,49.0
916364,2,5,18,65.0
4563213,8,7,8,122.0
2830395,5,5,14,49.0
3678794,7,5,20,9.0
2467490,5,2,20,7.0
6786200,12,5,15,2.0
277212,1,4,14,5.0
6567702,12,3,20,6.0
1106178,2,5,6,15.0
1764128,3,1,12,12.0
222143,1,4,18,13.0
3494648,6,2,19,5.0
3162388,6,4,12,25.0
762563,2,2,13,20.0
1641819,3,4,21,129.0
899524,2,5,6,86.0
5208123,9,6,7,39.0
1696152,3,2,9,10.0
1040997,2,5,7,51.0
6845337,12,6,7,23.0
2953871,5,1,7,12.0
4011550,7,2,21,1.0
344015,1,6,14,100.0
3936674,7,6,17,118.0
6836279,12,5,18,95.0
6981399,12,4,6,21.0
4800380,8,5,20,58.0
227052,1,3,19,15.0
3852531,7,4,20,12.0
1299267,3,7,20,30.0
4389373,8,2,13,89.0
1507311,3,3,16,69.0
6863187,12,1,13,6.0
776011,2,5,8,69.0
2453183,5,4,16,42.0
6388651,11,7,20,8.0
2555550,5,5,11,38.0
6891409,12,6,14,35.0
3939182,7,1,10,165.0
1096457,2,5,19,123.0
1079414,2,6,20,60.0
3493642,6,4,8,96.0
4832849,8,4,16,2.0
2877690,5,3,10,8.0
4477843,8,3,19,35.0
6611566,12,6,21,185.0
4991255,9,4,17,150.0
2543698,5,4,21,29.0
1722249,3,3,20,4.0
6565982,12,5,17,74.0
988973,2,5,7,14.0
3084701,6,7,18,63.0
3565628,6,6,18,118.0
6512139,12,3,15,2.0
1604532,3,1,17,19.0
4991395,9,4,11,38.0
5249462,9,1,14,16.0
489905,1,5,15,4.0
6310931,11,7,18,2.0
1341621,3,1,12,27.0
6981405,12,4,8,19.0
3163665,6,7,19,30.0
4991419,9,4,19,59.0
2381996,4,5,21,52.0
3272114,6,6,20,45.0
4703650,8,4,13,35.0
1786977,3,5,20,10.0
582534,1,4,18,7.0
6571742,12,4,10,20.0
3455661,6,2,21,31.0
5142600,9,1,14,16.0
6838109,12,3,19,31.0
6498281,12,6,15,7.0
484595,1,6,12,52.0
886986,2,5,7,80.0
1515061,3,6,14,10.0
6508062,12,2,21,230.0
3942580,7,2,21,138.0
6986273,12,4,10,65.0
2555344,5,4,21,28.0
6949664,12,4,12,27.0
4818106,8,5,17,28.0
1943714,4,4,10,49.0
6653975,12,5,8,12.0
3768239,7,7,20,62.0
791810,2,1,21,62.0
3615350,7,7,16,153.0
4560199,8,7,20,28.0
3423050,6,2,11,36.0
2440075,5,7,17,44.0
3319969,6,6,16,71.0
3324377,6,7,20,149.0
4688721,8,4,19,27.0
1504912,3,6,16,8.0
2482371,5,6,10,30.0
5012947,9,6,11,13.0
6903763,12,2,15,10.0
4063514,7,7,21,53.0
1102463,2,6,7,64.0
1284393,3,3,18,6.0
5292033,9,5,10,7.0
6385020,11,1,18,3.0
166805,1,1,16,40.0
3448028,6,5,8,22.0
3769888,7,4,18,80.0
2022194,4,5,14,7.0
4109563,7,3,10,25.0
6832455,12,5,9,38.0
4832293,8,4,22,3.0
2719184,5,7,6,17.0
2074668,4,5,16,14.0
4981294,9,6,21,65.0
3149036,6,2,18,24.0
5323333,9,4,18,19.0
1575287,3,1,11,24.0
6679136,12,7,20,61.0
990090,2,5,8,6.0
1062811,2,6,12,60.0
4803477,8,4,19,10.0
2125813,4,1,9,13.0
4541765,8,2,8,15.0
6504083,12,1,16,10.0
4394194,8,4,13,10.0
2503383,5,1,10,2.0
6909559,12,7,14,9.0
3160425,6,1,12,35.0
3380089,6,1,15,169.0
4798115,8,4,20,4.0
3164083,6,7,19,135.0
3109304,6,7,19,6.0
6148300,11,7,10,75.0
1093257,2,5,9,13.0
6004742,11,6,8,246.0
2540552,5,5,14,15.0
2032558,4,6,17,15.0
6786696,12,7,15,32.0
1055333,2,2,20,12.0
4388041,8,7,16,25.0
1773238,3,2,19,14.0
992042,2,7,9,18.0
152041,1,4,11,33.0
6506727,12,2,14,12.0
6824557,12,2,17,21.0
4398265,8,4,17,11.0
3496342,6,6,11,58.0
4082481,7,6,11,24.0
2328370,4,7,17,64.0
3485947,6,4,14,79.0
175901,1,6,8,85.0
6747604,12,1,13,2.0
6905994,12,7,8,10.0
6067257,11,7,10,58.0
3162982,6,5,22,80.0
539739,1,2,18,17.0
6607230,12,3,18,120.0
453890,1,2,17,17.0
5768117,10,4,20,7.0
2304912,4,7,21,51.0
2364420,4,5,21,5.0
295671,1,2,18,14.0
1700901,3,4,12,15.0
3152754,6,2,20,55.0
989010,2,2,19,60.0
1171930,2,2,21,9.0
6933022,12,3,19,11.0
521697,1,5,16,95.0
2694366,5,2,19,69.0
3434433,6,5,13,29.0
4568634,8,5,20,25.0
3224280,6,6,10,18.0
4074197,7,3,18,230.0
525624,1,6,11,9.0
6530180,12,2,15,132.0
2907831,5,2,15,20.0
6844737,12,5,12,12.0
5613945,10,4,18,66.0
3607808,7,4,10,19.0
3634877,7,6,13,16.0
2959846,5,5,13,33.0
3080591,6,6,21,2.0
6852035,12,6,15,11.0
6744392,12,5,14,4.0
4576498,8,5,15,20.0
3160283,6,1,17,41.0
6883302,12,6,19,31.0
3869759,7,5,18,12.0
5009786,9,4,8,159.0
6732009,12,1,8,58.0
453662,1,2,19,35.0
6923791,12,4,13,10.0
3985210,7,1,6,168.0
993360,2,2,6,30.0
538975,1,1,16,21.0
1329999,3,3,13,87.0
798727,2,5,9,37.0
1906183,4,5,18,12.0
6868798,12,1,17,112.0
6518197,12,5,14,15.0
4649790,8,5,8,12.0
3935056,7,2,20,92.0
3577850,6,4,16,8.0
22411,1,4,14,67.0
2858221,5,2,13,156.0
2718790,5,2,21,44.0
1039047,2,3,9,31.0
4294805,8,4,16,52.0
6081850,11,5,19,109.0
3128340,6,4,22,99.0
3777182,7,1,20,79.0
4981517,9,6,22,82.0
1343348,3,4,19,25.0
833174,2,2,15,22.0
2907564,5,5,18,77.0
4765505,8,5,19,60.0
1345870,3,1,13,7.0
668479,2,4,20,23.0
122930,1,1,14,10.0
4669986,8,3,10,419.0
6203905,11,5,11,4.0
4195926,7,4,15,106.0
6314019,11,7,17,69.0
1393430,3,6,15,50.0
2207398,4,6,16,35.0
1415234,3,2,19,15.0
2513553,5,3,13,94.0
158547,1,1,16,15.0
656710,2,1,20,36.0
2294008,4,6,16,11.0
1565939,3,3,10,19.0
3928320,7,7,7,16.0
6088452,11,7,10,131.0
393039,1,4,14,124.0
6136611,11,7,19,35.0
2116600,4,7,12,1.0
4513878,8,6,18,56.0
3900327,7,3,19,70.0
6670624,12,1,10,107.0
1338058,3,3,11,20.0
1696170,3,5,17,6.0
185599,1,5,11,96.0
1616913,3,7,10,15.0
861900,2,2,19,2.0
3559190,6,4,21,21.0
6367555,11,7,14,1.0
3459690,6,3,17,136.0
4045802,7,4,9,42.0
2891412,5,5,17,7.0
493587,1,4,20,7.0
6031162,11,7,14,5.0
4387307,8,6,12,28.0
985767,2,2,22,10.0
6567305,12,3,11,12.0
5197695,9,3,8,11.0
3621169,7,2,14,69.0
2811529,5,5,17,33.0
339664,1,4,7,153.0
4562847,8,1,16,50.0
6769134,12,6,14,2.0
4547737,8,7,11,29.0
6896429,12,1,7,22.0
6203922,11,5,13,14.0
4479106,8,7,7,17.0
4402525,8,4,14,25.0
607998,2,7,21,35.0
2022170,4,4,17,8.0
2516004,5,1,19,3.0
6949898,12,5,19,11.0
5706831,10,7,18,14.0
991562,2,3,9,12.0
1141963,2,5,19,10.0
3288507,6,5,15,9.0
6654539,12,4,12,19.0
1236808,3,5,7,22.0
3057430,6,6,17,93.0
3039412,6,1,15,264.0
1778625,3,6,6,142.0
6203742,11,5,20,2.0
2482402,5,6,13,137.0
1594694,3,1,16,12.0
635970,2,2,20,17.0
3495119,6,1,18,3.0
3681639,7,6,7,16.0
5959669,11,6,14,34.0
5756864,10,2,19,4.0
1298705,3,1,15,6.0
1116432,2,2,18,45.0
6640109,12,5,19,302.0
2788908,5,5,10,74.0
297602,1,2,13,17.0
2712391,5,2,20,40.0
4215594,7,7,21,54.0
6504085,12,1,13,15.0
4390199,8,4,20,40.0
1081017,2,7,20,62.0
151427,1,3,10,26.0
3172781,6,4,19,13.0
912053,2,3,15,15.0
3629086,7,4,21,33.0
1377801,3,4,16,43.0
4368742,8,5,13,55.0
4142802,7,2,19,10.0
3486814,6,2,16,51.0
4392460,8,1,13,40.0
1691293,3,7,20,5.0
6674970,12,2,19,18.0
4829526,8,2,7,374.0
3485533,6,4,20,10.0
4025572,7,4,19,5.0
3505839,6,3,17,20.0
762362,2,1,9,15.0
2122057,4,1,11,63.0
4480573,8,1,22,15.0
1617201,3,5,13,57.0
1390213,3,4,19,71.0
117014,1,1,15,4.0
4107087,7,7,14,129.0
6676475,12,1,7,44.0
523203,1,4,10,38.0
1686445,3,2,17,8.0
3779575,7,4,14,40.0
6603472,12,2,21,30.0
4926618,9,7,17,7.0
3717023,7,3,11,6.0
760595,2,5,7,55.0
717210,2,2,16,9.0
3294709,6,7,19,59.0
1788470,3,6,16,17.0
4045933,7,4,17,12.0
6842433,12,5,10,63.0
6567518,12,3,18,17.0
4630751,8,3,19,4.0
983928,2,7,9,14.0
212137,1,1,10,84.0
388809,1,7,21,39.0
840495,2,7,18,34.0
1136429,2,5,12,10.0
1751132,3,4,11,13.0
4108153,7,1,12,11.0
6571914,12,4,13,7.0
6604757,12,4,11,25.0
1311197,3,3,13,65.0
6718428,12,7,5,15.0
6620386,12,4,7,15.0
5322332,9,2,9,51.0
5665219,10,4,7,38.0
405927,1,1,9,97.0
4754586,8,4,8,24.0
754818,2,2,6,255.0
3274963,6,1,17,20.0
2452418,5,4,16,1.0
400293,1,2,20,16.0
3779845,7,4,20,180.0
1582329,3,5,8,25.0
5951371,11,4,18,80.0
412089,1,7,7,70.0
6013032,11,2,19,5.0
6754026,12,7,6,108.0
6939340,12,2,13,18.0
6582227,12,3,20,43.0
4291351,8,3,10,20.0
1595954,3,6,16,3.0
2997470,6,2,9,5.0
3777931,7,7,21,241.0
2139529,4,4,18,6.0
4941962,9,5,10,48.0
92482,1,4,7,16.0
3430335,6,6,14,4.0
3763768,7,1,10,20.0
629472,2,7,15,27.0
1342696,3,3,19,15.0
4224777,7,7,14,26.0
177764,1,7,13,100.0
3686658,7,7,14,82.0
3185602,6,5,12,91.0
237873,1,6,15,16.0
2551582,5,4,19,14.0
6871327,12,5,13,73.0
1335531,3,5,17,53.0
927063,2,2,16,20.0
6234994,11,6,12,3.0
1332792,3,1,18,23.0
5191174,9,3,15,7.0
3825586,7,2,16,160.0
4732341,8,5,17,21.0
1802441,4,7,15,15.0
3674179,7,3,14,200.0
6082051,11,6,16,35.0
1078487,2,2,14,2.0
4722971,8,4,10,26.0
6805919,12,5,6,216.0
580647,1,1,18,5.0
1003525,2,3,19,1.0
3316581,6,2,9,22.0
585909,1,4,10,3.0
1004638,2,5,7,146.0
3932884,7,4,17,1.0
987152,2,1,15,14.0
3905685,7,7,19,9.0
6710907,12,1,9,60.0
1333493,3,2,11,22.0
1693596,3,4,15,27.0
2823760,5,5,14,8.0
3794675,7,4,22,74.0
2381423,4,5,22,20.0
4257616,8,7,8,12.0
6506567,12,2,19,2.0
6949590,12,4,14,8.0
6566096,12,4,7,19.0
2499247,5,5,15,12.0
3257896,6,2,12,18.0
5521496,10,2,22,79.0
4736193,8,5,18,31.0
4764779,8,1,6,13.0
6519153,12,5,11,75.0
6929293,12,3,17,34.0
4785600,8,1,13,11.0
593744,1,6,9,9.0
6962987,12,3,14,163.0
3488208,6,4,13,69.0
5666475,10,5,14,2.0
6672495,12,7,8,80.0
5249264,9,1,17,5.0
3932769,7,4,18,44.0
4567842,8,4,18,55.0
4069643,7,7,11,43.0
6780174,12,2,9,8.0
6745513,12,6,13,13.0
4387331,8,6,7,74.0
3320443,6,1,11,28.0
6921262,12,2,12,12.0
1054375,2,5,7,7.0
3841757,7,3,17,11.0
1710533,3,4,12,13.0
306005,1,4,16,83.0
6603423,12,1,8,10.0
6512441,12,3,21,12.0
835592,2,5,7,16.0
2885897,5,3,6,16.0
6861129,12,6,11,56.0
4140257,7,2,21,15.0
778932,2,7,20,113.0
6589671,12,1,11,43.0
3772170,7,4,11,15.0
822779,2,2,7,71.0
4814992,8,1,14,40.0
1601686,3,2,17,1.0
3320243,6,2,8,25.0
134096,1,1,16,41.0
1297405,3,7,19,15.0
4395401,8,5,10,69.0
863317,2,3,6,15.0
319196,1,1,11,47.0
820982,2,3,10,22.0
6689687,12,1,10,70.0
107059,1,4,14,4.0
2872671,5,2,15,103.0
6616557,12,3,14,45.0
4105967,7,2,19,51.0
1765655,3,1,18,8.0
4106194,7,6,6,35.0
563649,1,4,13,13.0
1065700,2,1,20,25.0
1063914,2,2,15,17.0
4484341,8,1,8,22.0
4720606,8,6,22,366.0
929124,2,2,19,26.0
3386390,6,6,20,64.0
2111897,4,5,18,70.0
2238039,4,2,19,56.0
1770359,3,6,16,26.0
3149131,6,3,18,30.0
1954888,4,2,17,75.0
1005090,2,4,18,12.0
3793716,7,4,16,151.0
4927332,9,7,10,51.0
6908601,12,1,7,17.0
3933725,7,4,16,455.0
3042825,6,2,19,14.0
3443444,6,3,18,43.0
6517324,12,5,20,227.0
3383947,6,4,16,40.0
4157305,7,4,8,35.0
3417595,6,7,19,23.0
1179159,3,2,18,17.0
6675734,12,1,10,19.0
6527051,12,1,7,17.0
1343548,3,4,18,75.0
6837484,12,5,13,46.0
5975000,11,4,18,108.0
4078487,7,1,6,40.0
1618612,3,7,8,28.0
5838162,10,7,11,49.0
2843494,5,5,19,134.0
4106462,7,3,17,20.0
2029557,4,4,18,24.0
4396676,8,1,19,56.0
3953309,7,7,20,138.0
429178,1,5,17,22.0
3159994,6,7,17,124.0
4392714,8,1,17,157.0
2536310,5,1,15,22.0
4395537,8,6,18,82.0
923740,2,1,12,4.0
2169605,4,5,10,32.0
4109772,7,6,14,8.0
1239978,3,6,10,15.0
2498363,5,5,16,25.0
6825237,12,6,21,22.0
1512623,3,3,20,14.0
139260,1,2,10,344.0
526878,1,1,15,12.0
407899,1,3,11,28.0
327322,1,5,11,16.0
6078545,11,5,22,175.0
829298,2,1,18,24.0
3084219,6,7,14,65.0
726686,2,3,21,124.0
6757356,12,3,13,18.0
2372750,4,5,17,2.0
6381097,11,4,16,21.0
986905,2,1,19,8.0
4294843,8,4,17,48.0
2481168,5,6,13,14.0
6411099,11,7,19,21.0
3625732,7,3,15,76.0
3933194,7,4,18,8.0
3979088,7,7,12,270.0
555268,1,4,9,16.0
1145938,2,5,19,10.0
4122999,7,4,11,17.0
3584734,6,3,8,9.0
4629659,8,5,8,31.0
4984317,9,5,16,105.0
6055977,11,4,13,62.0
1026651,2,5,16,2.0
6612936,12,2,9,104.0
4057087,7,4,11,35.0
3009909,6,6,20,100.0
1017771,2,1,7,36.0
6916653,12,4,20,10.0
6843912,12,1,19,16.0
4315541,8,3,7,41.0
4922181,9,5,14,17.0
3961704,7,7,15,5.0
6963715,12,5,16,17.0
636236,2,2,12,97.0
3933089,7,4,18,45.0
2035148,4,4,10,28.0
3591979,6,2,19,52.0
3402539,6,7,7,48.0
2174795,4,5,10,29.0
1030547,2,1,17,269.0
998542,2,1,8,1.0
1683428,3,2,9,59.0
4765646,8,5,21,5.0
412263,1,6,17,4.0
1667476,3,7,17,12.0
6515938,12,4,6,15.0
3558889,6,2,20,8.0
4440652,8,5,16,83.0
2600397,5,3,8,39.0
3472742,6,6,6,17.0
1108747,2,4,7,14.0
5675222,10,5,13,4.0
6524917,12,7,15,61.0
41292,1,2,6,161.0
3427129,6,4,14,20.0
5902454,10,4,16,29.0
1343657,3,5,14,15.0
6607860,12,5,8,25.0
4716842,8,5,16,9.0
1681226,3,7,22,10.0
3869194,7,4,15,12.0
5465236,10,1,9,44.0
6591775,12,4,9,24.0
5142369,9,1,15,14.0
2550923,5,3,16,59.0
4428808,8,5,21,193.0
607441,2,7,12,5.0
3288515,6,5,15,25.0
6825413,12,3,8,53.0
235279,1,4,15,47.0
6837192,12,3,11,22.0
774433,2,4,9,36.0
796399,2,3,6,302.0
3767952,7,1,21,28.0
2895885,5,3,14,6.0
2823881,5,2,8,43.0
3380129,6,4,18,33.0
3734320,7,4,11,31.0
2019257,4,3,21,20.0
2823969,5,5,14,90.0
1895162,4,6,16,32.0
482205,1,2,16,10.0
1058269,2,2,16,20.0
6843650,12,7,7,63.0
3878171,7,7,16,14.0
5502856,10,3,18,16.0
5360350,9,5,8,12.0
3103025,6,7,19,13.0
4364026,8,5,6,88.0
6088244,11,7,18,161.0
1774270,3,2,20,9.0
155933,1,4,21,56.0
1099097,2,5,6,16.0
3845606,7,2,8,70.0
6769504,12,2,11,2.0
5933678,10,3,19,3.0
3042845,6,2,14,50.0
2895361,5,2,13,20.0
3671526,7,3,20,12.0
6614258,12,5,15,78.0
6851485,12,3,10,37.0
685111,2,3,17,13.0
3793353,7,3,13,20.0
2017442,4,1,8,37.0
5528520,10,5,17,91.0
6533277,12,3,14,12.0
2720271,5,5,19,18.0
1777580,3,5,19,1.0
6866753,12,1,17,25.0
2953466,5,5,14,79.0
6768081,12,3,9,23.0
829342,2,1,19,10.0
2294425,4,1,17,11.0
3322847,6,6,18,111.0
1042373,2,5,18,73.0
3672236,7,3,12,13.0
4076121,7,3,22,88.0
6902537,12,3,10,59.0
2711844,5,4,10,48.0
6980090,12,6,21,219.0
6638509,12,1,15,21.0
920606,2,2,12,21.0
6978816,12,7,12,103.0
6610820,12,4,21,87.0
2382123,4,5,21,74.0
3158982,6,5,21,5.0
3172926,6,5,18,26.0
4009982,7,3,19,50.0
1588940,3,4,19,12.0
2824069,5,4,18,24.0
6929402,12,2,13,12.0
1507859,3,2,14,70.0
6774455,12,7,10,314.0
6558180,12,7,13,7.0
4138707,7,3,11,13.0
764834,2,5,12,15.0
4623584,8,5,12,19.0
3773075,7,2,17,6.0
6084237,11,4,20,14.0
6868692,12,7,16,8.0
6937907,12,1,8,89.0
3013947,6,7,21,16.0
1511703,3,2,13,209.0
6948161,12,7,10,6.0
1010375,2,2,8,14.0
6975821,12,4,18,5.0
4584177,8,7,20,3.0
3645718,7,2,14,24.0
235265,1,4,15,11.0
2545549,5,1,16,36.0
6752295,12,5,10,23.0
1574704,3,5,11,21.0
1770240,3,6,17,48.0
1155773,2,1,17,12.0
2965410,5,5,15,42.0
921763,2,2,10,157.0
6740458,12,2,7,24.0
3685431,7,7,8,6.0
818184,2,7,20,98.0
5235443,9,4,21,29.0
651827,2,6,15,22.0
6912414,12,1,11,18.0
3417829,6,4,10,88.0
160999,1,5,17,10.0
836276,2,2,17,17.0
234466,1,1,10,13.0
4560364,8,5,14,18.0
1580535,3,3,11,32.0
1754206,3,3,6,34.0
4045129,7,1,16,24.0
5840345,10,4,17,25.0
5212417,9,4,12,35.0
492747,1,7,7,271.0
4104638,7,4,22,32.0
862433,2,2,20,34.0
4513836,8,6,18,48.0
4390504,8,4,14,75.0
2247542,4,5,15,84.0
3671617,7,3,15,29.0
5224660,9,4,16,7.0
3015632,6,7,16,48.0
3430675,6,3,15,166.0
763463,2,3,19,44.0
677383,2,7,14,3.0
2551374,5,4,17,50.0
1572744,3,7,16,12.0
4364545,8,6,8,37.0
3160233,6,1,20,48.0
3732556,7,2,17,53.0
3035277,6,6,20,28.0
158474,1,1,12,35.0
2373260,4,5,11,6.0
621650,2,4,15,7.0
4686158,8,5,13,47.0
1638183,3,4,8,83.0
122452,1,5,19,11.0
3580447,6,4,21,13.0
3927378,7,6,18,19.0
607403,2,7,12,7.0
885013,2,5,7,398.0
3556879,6,2,18,3.0
1579116,3,2,10,4.0
4721305,8,6,19,33.0
6943148,12,2,21,17.0
220453,1,5,16,73.0
2839985,5,5,13,78.0
2641156,5,2,16,17.0
4011634,7,3,19,10.0
6204100,11,5,13,7.0
3924073,7,4,9,6.0
3122216,6,4,21,73.0
1815336,4,4,19,79.0
3766641,7,1,10,49.0
3106448,6,2,21,5.0
1192043,3,6,18,27.0
151349,1,3,18,81.0
4630228,8,5,19,25.0
6534139,12,3,15,16.0
3105223,6,2,18,5.0
6981434,12,4,15,4.0
3058538,6,6,13,20.0
6524505,12,7,14,62.0
3768558,7,1,16,15.0
6964528,12,6,19,118.0
4984490,9,5,12,165.0
4086000,7,1,11,8.0
1187228,3,4,17,40.0
1651143,3,6,14,18.0
6732884,12,1,8,26.0
1178631,3,2,19,145.0
3561104,6,1,20,9.0
6222154,11,6,14,4.0
1950639,4,2,20,23.0
4157044,7,4,8,23.0
3104182,6,5,16,52.0
1778652,3,6,10,14.0
3499864,6,2,20,11.0
850799,2,7,12,3.0
785815,2,4,16,81.0
3778114,7,1,17,85.0
677138,2,7,11,10.0
2175869,4,5,13,52.0
454014,1,2,14,15.0
2544014,5,5,20,54.0
222626,1,4,6,16.0
5218070,9,5,15,10.0
2972209,5,3,17,12.0
6558488,12,7,17,217.0
3243392,6,6,21,19.0
3327703,6,4,19,146.0
512477,1,7,11,14.0
4825910,8,6,21,25.0
4734943,8,5,19,11.0
6850341,12,7,12,6.0
6847360,12,1,9,7.0
3162009,6,4,19,41.0
6993809,12,1,6,314.0
2543320,5,3,15,11.0
6359704,11,4,7,28.0
723185,2,2,14,82.0
3387583,6,2,15,3.0
3850000,7,7,14,80.0
4728829,8,4,17,77.0
2886762,5,2,13,38.0
6561743,12,3,9,246.0
4107058,7,2,18,121.0
6616044,12,2,13,65.0
3491717,6,2,13,7.0
4334563,8,6,5,20.0
6949621,12,4,13,129.0
4535942,8,5,11,68.0
1570804,3,2,15,5.0
3153980,6,4,10,30.0
6843930,12,5,19,39.0
1944123,4,4,13,25.0
5137306,9,1,16,20.0
3765030,7,1,13,28.0
4035108,7,4,17,60.0
1677184,3,5,12,94.0
6519348,12,5,15,9.0
739094,2,7,6,456.0
6831180,12,4,17,11.0
4100391,7,4,7,36.0
6446343,11,1,22,19.0
2835209,5,5,19,16.0
4818004,8,5,18,30.0
2776316,5,7,6,93.0
3496398,6,4,12,4.0
6877687,12,4,6,17.0
6418257,11,6,22,15.0
6088277,11,7,17,157.0
6731561,12,1,6,30.0
6891119,12,1,15,72.0
2257314,4,5,17,26.0
3418135,6,7,18,1.0
1485785,3,3,19,13.0
1485587,3,3,20,32.0
4992565,9,7,18,208.0
3743163,7,2,16,126.0
758870,2,3,11,62.0
404365,1,1,19,25.0
4629853,8,6,21,14.0
1118110,2,5,20,203.0
3615349,7,7,18,143.0
6780627,12,6,12,19.0
3149112,6,3,9,21.0
6441034,11,2,19,11.0
6789370,12,1,6,137.0
1749707,3,1,21,13.0
5443185,10,2,7,79.0
4006094,7,7,14,12.0
4670800,8,6,12,69.0
2845080,5,2,18,12.0
476548,1,6,8,88.0
3478456,6,4,17,15.0
1335494,3,5,16,15.0
931114,2,2,13,37.0
1086484,2,2,15,10.0
3939290,7,7,17,112.0
2694606,5,2,20,14.0
2304402,4,6,13,16.0
3901311,7,4,14,19.0
4644460,8,5,19,34.0
6684456,12,3,20,9.0
3014339,6,7,13,85.0
2116619,4,7,17,84.0
2373279,4,5,8,9.0
3316671,6,6,9,25.0
2904715,5,6,18,48.0
3491775,6,7,8,62.0
5049384,9,7,9,7.0
3957958,7,7,21,12.0
3059486,6,6,10,130.0
298440,1,3,14,62.0
2781703,5,2,13,19.0
6081632,11,5,18,51.0
3162232,6,4,21,27.0
2111390,4,4,16,28.0
157177,1,5,19,157.0
3985179,7,1,21,112.0
6832916,12,5,12,8.0
1093557,2,5,15,9.0
4961905,9,4,19,152.0
4954882,9,5,13,4.0
3568975,6,6,17,28.0
125449,1,4,6,12.0
4391791,8,7,18,248.0
6530183,12,2,18,260.0
4506548,8,7,17,22.0
6441056,11,2,19,16.0
5053089,9,4,13,21.0
3748460,7,2,13,132.0
616240,2,2,7,12.0
3962347,7,2,19,5.0
4447363,8,3,6,46.0
6606606,12,2,17,70.0
410779,1,4,19,35.0
6980408,12,5,13,97.0
1680316,3,7,16,4.0
2842234,5,2,16,4.0
1569083,3,1,14,59.0
843296,2,7,12,22.0
3286969,6,4,22,69.0
3289874,6,6,17,41.0
4143115,7,6,15,7.0
3555635,6,1,16,249.0
1664037,3,5,19,26.0
1520066,3,7,20,15.0
3880841,7,2,17,41.0
6839638,12,2,16,4.0
5375190,9,1,17,21.0
921898,2,7,20,261.0
6922827,12,2,13,17.0
6192507,11,4,10,32.0
3021237,6,2,13,80.0
383905,1,6,6,202.0
4441444,8,6,7,63.0
6610389,12,3,8,16.0
635409,2,1,19,6.0
141717,1,5,8,56.0
4140981,7,1,22,12.0
2445004,5,2,12,15.0
4365521,8,7,21,67.0
6759856,12,5,11,4.0
166541,1,7,20,35.0
1508255,3,6,7,123.0
6028913,11,7,20,12.0
1090560,2,1,18,8.0
6748666,12,2,7,89.0
900502,2,5,20,14.0
2237638,4,2,16,35.0
101669,1,6,7,22.0
3364518,6,7,11,56.0
6571769,12,4,15,12.0
4774008,8,1,7,5.0
2093790,4,7,7,7.0
3557540,6,6,19,97.0
6932586,12,6,15,6.0
3149558,6,3,15,15.0
4307784,8,1,14,7.0
1021975,2,2,10,85.0
1282703,3,1,21,57.0
988151,2,4,13,10.0
6744728,12,5,20,14.0
4407617,8,7,13,52.0
2824015,5,5,14,6.0
3441292,6,5,16,72.0
1510660,3,4,20,7.0
423427,1,1,14,11.0
140940,1,4,12,83.0
3559627,6,2,15,17.0
4206731,7,6,11,3.0
1518538,3,6,12,117.0
6304957,11,1,9,8.0
3935578,7,3,17,15.0
2812951,5,5,13,30.0
4563462,8,5,12,41.0
392376,1,6,14,54.0
1305934,3,3,12,18.0
405490,1,1,20,8.0
4345983,8,3,15,12.0
1299974,3,6,11,2.0
6392677,11,4,17,19.0
730134,2,2,11,96.0
6538942,12,5,13,14.0
240644,1,4,15,19.0
4825641,8,6,20,38.0
6661492,12,3,6,11.0
3937608,7,1,12,83.0
3141833,6,1,21,55.0
1760172,3,3,17,7.0
4842505,8,5,19,173.0
803017,2,1,8,30.0
2009159,4,3,20,8.0
6835299,12,5,19,57.0
527362,1,1,19,15.0
929624,2,3,9,9.0
6974072,12,7,20,12.0
989046,2,4,7,53.0
1285045,3,1,9,290.0
2970139,5,4,11,6.0
2364333,4,5,18,2.0
6880418,12,5,8,63.0
6871459,12,2,18,3.0
1129407,2,5,10,17.0
6665389,12,6,14,19.0
6872219,12,5,9,14.0
3828351,7,3,20,114.0
4512032,8,4,17,193.0
6747560,12,1,23,6.0
410384,1,3,7,35.0
3949817,7,7,11,83.0
6513604,12,4,9,57.0
3320742,6,4,20,137.0
5745312,10,3,10,63.0
708718,2,2,6,149.0
2123028,4,5,9,80.0
6836825,12,1,8,13.0
3957117,7,6,9,26.0
6903377,12,7,11,50.0
3009864,6,6,20,48.0
4825836,8,6,21,24.0
2641319,5,1,10,26.0
1250092,3,2,6,169.0
1080659,2,2,11,19.0
318754,1,1,6,185.0
434665,1,1,18,6.0
2714991,5,7,16,93.0
1052578,2,2,18,50.0
4131718,7,4,16,28.0
5052092,9,3,20,38.0
4593395,8,1,7,46.0
6081424,11,5,20,160.0
221697,1,1,18,10.0
6076876,11,1,18,5.0
636636,2,2,11,47.0
770597,2,1,13,433.0
3391019,6,5,11,37.0
6305384,11,1,20,28.0
3316039,6,3,21,64.0
985691,2,7,14,17.0
4016525,7,3,19,11.0
6612046,12,7,14,80.0
3336970,6,2,19,46.0
1288516,3,1,9,16.0
2509727,5,5,13,74.0
4390394,8,4,15,35.0
3483625,6,5,14,16.0
2859262,5,5,14,44.0
6924977,12,6,19,6.0
6987248,12,3,14,23.0
4630581,8,5,15,67.0
3392506,6,2,10,9.0
1414451,3,5,18,19.0
331953,1,4,14,53.0
3769446,7,7,19,170.0
6853213,12,2,22,34.0
4059770,7,3,17,136.0
6675786,12,1,12,123.0
759702,2,4,19,15.0
366250,1,6,14,95.0
3114244,6,3,18,6.0
3635286,7,6,7,33.0
429332,1,1,9,52.0
525995,1,2,20,9.0
1583915,3,6,11,47.0
4878897,9,6,10,54.0
774375,2,4,7,59.0
4572695,8,1,11,66.0
2119421,4,5,15,109.0
3140088,6,6,19,37.0
3773507,7,1,17,18.0
4392383,8,1,17,50.0
5508188,10,3,17,33.0
1940171,4,5,13,35.0
504166,1,4,14,4.0
408538,1,3,10,28.0
985921,2,5,8,17.0
2352671,4,5,21,18.0
6530490,12,2,14,54.0
2794436,5,5,14,85.0
3959467,7,4,20,55.0
3957176,7,4,20,102.0
2115682,4,5,15,68.0
4353450,8,3,11,20.0
6678869,12,5,17,11.0
5137467,9,1,21,26.0
2617397,5,5,9,122.0
3755804,7,5,17,60.0
4479602,8,1,17,128.0
5506000,10,7,18,39.0
4756201,8,5,18,18.0
498648,1,4,12,5.0
174065,1,4,10,28.0
4594165,8,2,7,24.0
4137883,7,7,14,379.0
3123130,6,7,15,190.0
6612898,12,2,15,50.0
3579446,6,2,17,32.0
2550147,5,2,15,125.0
679643,2,1,21,16.0
5803719,10,3,21,89.0
845477,2,2,13,8.0
6537187,12,5,15,7.0
1969177,4,2,9,40.0
910386,2,1,20,90.0
2020681,4,5,17,110.0
6952786,12,6,8,22.0
6077849,11,3,20,22.0
3143769,6,4,16,126.0
6773005,12,6,10,48.0
506969,1,1,16,7.0
3088038,6,1,17,62.0
1050174,2,2,15,209.0
4335863,8,5,20,104.0
4728691,8,5,19,67.0
6760317,12,2,17,3.0
6689047,12,5,11,6.0
6664350,12,5,7,61.0
508593,1,7,14,9.0
1604591,3,1,7,39.0
718411,2,6,14,11.0
4749796,8,5,14,41.0
387308,1,6,14,27.0
6530367,12,2,11,26.0
6614511,12,6,13,105.0
1660069,3,6,7,15.0
2830118,5,5,14,80.0
1333198,3,2,20,27.0
406249,1,3,7,30.0
238745,1,2,17,34.0
2698864,5,6,8,35.0
402858,1,2,7,16.0
1507444,3,1,15,65.0
3512976,6,1,18,15.0
2177460,4,5,16,4.0
46926,1,4,10,3.0
6572709,12,3,16,115.0
968405,2,2,19,10.0
754196,2,1,14,31.0
2469761,5,2,13,117.0
528751,1,2,7,18.0
490796,1,3,18,6.0
3404838,6,6,17,28.0
408359,1,3,9,10.0
3488672,6,2,15,26.0
887442,2,5,7,43.0
3512023,6,7,15,120.0
3860478,7,5,16,37.0
4560315,8,5,21,8.0
3258916,6,3,14,70.0
4920585,9,5,21,4.0
4557483,8,1,13,54.0
1570301,3,1,7,9.0
4387545,8,6,9,83.0
1135172,2,5,6,92.0
3478214,6,1,20,38.0
4125909,7,3,18,6.0
3625005,7,3,15,52.0
6904798,12,5,18,11.0
6852342,12,6,14,18.0
6906359,12,2,20,51.0
2821257,5,4,17,69.0
985028,2,1,17,3.0
1194181,3,6,6,16.0
1004589,2,3,17,191.0
3624457,7,3,17,4.0
3942644,7,1,13,26.0
1590006,3,5,14,4.0
113355,1,7,7,14.0
6897893,12,2,18,11.0
3336109,6,7,21,119.0
4400448,8,1,14,90.0
2622566,5,2,18,8.0
4623857,8,7,15,31.0
1082793,2,5,14,13.0
3844625,7,2,20,10.0
1519887,3,3,20,32.0
4337724,8,5,16,2.0
645201,2,4,14,18.0
6838246,12,1,16,12.0
4271446,8,4,15,29.0
711112,2,5,14,4.0
4178712,7,7,21,34.0
1941177,4,7,10,21.0
2823966,5,2,14,33.0
6914604,12,7,9,22.0
4737435,8,5,13,18.0
528845,1,2,17,10.0
3219034,6,4,19,9.0
3933779,7,4,15,53.0
2835204,5,7,19,9.0
389698,1,7,6,336.0
140826,1,4,13,150.0
918036,2,7,18,188.0
4536120,8,6,8,15.0
4745337,8,4,17,2.0
6539024,12,5,13,11.0
2020805,4,7,10,147.0
3710451,7,4,6,7.0
3084698,6,7,20,20.0
483074,1,2,12,6.0
1005591,2,2,19,14.0
2889841,5,2,14,40.0
3558608,6,5,17,19.0
6692342,12,7,14,12.0
3241097,6,3,7,28.0
2834328,5,6,7,27.0
4178705,7,7,13,10.0
201177,1,1,21,50.0
6834759,12,1,12,3.0
6245926,11,6,16,10.0
4178727,7,7,20,254.0
4215863,7,7,20,44.0
4223970,7,7,19,35.0
705522,2,7,7,5.0
6895714,12,5,15,129.0
3325699,6,3,10,9.0
3868650,7,2,15,33.0
2425216,5,3,14,3.0
6983754,12,1,8,156.0
3777988,7,4,20,140.0
3334428,6,7,17,152.0
1335803,3,6,13,88.0
3502334,6,4,7,75.0
6835797,12,1,19,77.0
4360988,8,7,15,81.0
4233643,8,7,17,11.0
6752832,12,6,21,14.0
5492280,10,3,20,38.0
4399314,8,5,22,37.0
4270306,8,4,19,102.0
6950944,12,7,13,337.0
2613665,5,4,15,27.0
2818614,5,2,18,4.0
1052544,2,2,16,150.0
2823798,5,6,18,35.0
5005304,9,1,16,54.0
1910563,4,4,12,3.0
6687437,12,2,19,196.0
6715186,12,5,8,8.0
332767,1,7,11,3.0
1129515,2,5,9,34.0
4626340,8,6,18,122.0
3959319,7,7,20,50.0
1123803,2,2,19,7.0
3620476,7,1,7,51.0
4670801,8,7,12,136.0
6839677,12,3,18,1.0
2701986,5,2,18,29.0
897797,2,3,9,23.0
3772728,7,6,19,40.0
526947,1,2,16,15.0
4224032,7,7,19,11.0
5994241,11,3,13,25.0
1441590,3,2,20,5.0
719103,2,5,21,78.0
3063286,6,1,18,2.0
888690,2,6,13,9.0
2261197,4,4,17,49.0
5001831,9,6,8,83.0
1152305,2,4,14,10.0
4249108,8,4,21,10.0
1335777,3,6,12,124.0
6469624,12,4,15,18.0
6388524,11,5,9,40.0
6029084,11,7,18,254.0
3936578,7,7,12,296.0
6104944,11,7,7,2.0
6490689,12,4,16,76.0
1697101,3,2,12,59.0
4127526,7,3,20,46.0
3582860,6,1,19,18.0
6611916,12,7,14,120.0
247426,1,1,18,79.0
1525129,3,7,17,22.0
1632293,3,6,14,45.0
4506619,8,7,15,25.0
757168,2,6,11,49.0
3424397,6,1,8,45.0
1779255,3,6,9,24.0
1948124,4,4,16,10.0
985342,2,2,7,70.0
1071703,2,3,9,7.0
994011,2,5,17,6.0
985917,2,1,8,7.0
6630446,12,1,13,5.0
141158,1,4,11,197.0
3966793,7,3,12,51.0
6385688,11,2,12,36.0
818392,2,5,16,17.0
3275109,6,1,15,17.0
296988,1,2,20,57.0
565625,1,4,20,39.0
5101241,9,4,17,10.0
3480129,6,5,22,4.0
73143,1,5,19,18.0
3514657,6,3,15,4.0
4512112,8,4,20,28.0
5455899,10,5,6,21.0
397961,1,7,6,8.0
1681227,3,1,22,40.0
4481250,8,5,13,16.0
454112,1,3,10,55.0
1586712,3,6,11,10.0
2120857,4,5,11,38.0
3524032,6,6,17,1.0
6078571,11,5,7,21.0
1692334,3,3,12,15.0
1504435,3,3,16,130.0
3726023,7,4,18,42.0
4746900,8,2,18,2.0
1043390,2,5,7,178.0
3315157,6,5,17,55.0
1487980,3,5,9,2.0
3311514,6,7,20,27.0
233421,1,4,8,26.0
763861,2,4,10,21.0
6203508,11,5,21,35.0
2445063,5,2,12,16.0
3228926,6,1,11,37.0
2128414,4,5,12,38.0
59674,1,1,13,12.0
1154918,2,2,16,7.0
2798791,5,6,7,452.0
3468968,6,7,17,75.0
790527,2,7,16,141.0
3809659,7,6,8,45.0
4136457,7,4,19,25.0
6921087,12,6,16,30.0
164627,1,4,17,13.0
4038040,7,7,18,8.0
4578345,8,1,7,120.0
4052568,7,4,18,62.0
6780871,12,5,10,24.0
3119483,6,6,18,38.0
2952433,5,2,19,18.0
6733455,12,1,7,13.0
3870207,7,6,18,6.0
607556,2,7,11,186.0
3144576,6,5,21,118.0
6521402,12,6,7,184.0
387833,1,7,14,94.0
2114953,4,5,14,80.0
5525735,10,5,21,5.0
4213731,7,6,17,9.0
4391853,8,7,19,191.0
4987506,9,4,17,45.0
6844448,12,1,10,100.0
3574947,6,4,19,31.0
4785591,8,1,9,76.0
3483338,6,2,18,11.0
120985,1,3,18,46.0
4377235,8,3,14,38.0
323606,1,2,15,6.0
4113966,7,3,19,5.0
4716890,8,5,18,1.0
2540587,5,5,14,36.0
2849984,5,1,12,7.0
6951143,12,1,18,44.0
6760630,12,7,15,69.0
6979235,12,7,12,7.0
1979787,4,1,17,47.0
4170997,7,7,20,19.0
1596576,3,5,12,10.0
5536677,10,2,8,97.0
4216165,7,1,19,7.0
6158666,11,1,6,33.0
6993577,12,1,8,268.0
823721,2,1,14,49.0
2872134,5,1,10,3.0
1596308,3,1,19,6.0
5700509,10,4,15,23.0
6905332,12,6,9,40.0
2225152,4,5,18,91.0
5126568,9,5,18,20.0
982539,2,1,16,2.0
6860521,12,6,12,18.0
1032479,2,1,12,6.0
6837641,12,1,7,10.0
2374849,4,6,7,7.0
6832620,12,2,11,81.0
4366111,8,1,20,207.0
1669161,3,6,11,56.0
4728473,8,4,10,15.0
3242164,6,7,15,11.0
708135,2,5,19,59.0
159262,1,2,11,28.0
3056805,6,6,20,24.0
175969,1,6,8,95.0
1605590,3,5,13,90.0
110248,1,3,6,6.0
4192983,7,3,14,1.0
3772222,7,2,16,41.0
922898,2,2,18,14.0
3234410,6,2,12,16.0
6044953,11,2,17,7.0
1049047,2,3,6,44.0
6829450,12,6,17,52.0
182444,1,3,6,18.0
6036894,11,5,11,2.0
5233740,9,2,13,55.0
3221760,6,1,17,9.0
1954338,4,1,11,50.0
1015292,2,3,14,43.0
4204016,7,3,13,5.0
734661,2,1,11,28.0
6897571,12,3,17,124.0
6525259,12,1,13,262.0
2835138,5,5,12,10.0
6975922,12,4,12,19.0
815755,2,5,17,8.0
5511802,10,1,9,22.0
6948781,12,2,18,63.0
909541,2,2,18,76.0
983122,2,7,17,2.0
3428038,6,6,11,41.0
1129499,2,5,7,33.0
6592428,12,5,19,125.0
5215463,9,6,7,134.0
990788,2,1,16,4.0
2118280,4,2,15,30.0
3000381,6,3,18,1.0
2110050,4,5,15,131.0
5219124,9,5,8,5.0
1098354,2,7,12,100.0
5262386,9,2,19,20.0
3148931,6,2,14,104.0
3927123,7,6,18,28.0
6615152,12,7,16,15.0
2733420,5,5,17,5.0
4354525,8,2,6,393.0
3141838,6,1,22,97.0
3591616,6,1,20,47.0
6932707,12,3,20,45.0
2132371,4,6,14,13.0
616562,2,3,12,8.0
6561770,12,3,13,30.0
81560,1,1,10,3.0
2784716,5,4,6,171.0
6986656,12,4,12,12.0
1587227,3,6,14,19.0
7005411,12,3,17,18.0
862387,2,2,18,19.0
4822589,8,2,23,8.0
1537341,3,4,18,65.0
3162853,6,5,20,85.0
6952033,12,3,8,78.0
3504512,6,4,14,25.0
675169,2,7,8,70.0
6931308,12,4,21,58.0
6938310,12,1,8,20.0
1095324,2,5,21,12.0
3124079,6,7,16,51.0
164600,1,4,10,19.0
6677098,12,1,18,17.0
3246752,6,6,19,29.0
4817366,8,3,18,5.0
6986667,12,4,12,5.0
2879743,5,2,9,17.0
6649335,12,7,20,74.0
4751310,8,1,15,11.0
6919446,12,1,8,27.0
6516740,12,5,17,2.0
2550216,5,2,17,157.0
6072086,11,7,11,30.0
748412,2,5,6,25.0
6613614,12,3,19,68.0
1067885,2,4,10,3.0
6300271,11,7,11,10.0
1671236,3,6,12,36.0
3150454,6,5,8,25.0
4474836,8,1,8,19.0
2112098,4,5,14,83.0
4675311,8,7,17,94.0
5145424,9,5,20,5.0
1523904,3,6,13,150.0
161260,1,5,20,25.0
4750880,8,5,9,21.0
6964500,12,6,20,25.0
3915319,7,3,21,27.0
4149287,7,2,19,58.0
4357802,8,1,12,21.0
386975,1,6,10,9.0
1629591,3,3,8,25.0
3768639,7,4,17,97.0
6199603,11,7,12,33.0
1136940,2,6,14,6.0
406893,1,5,21,22.0
4644303,8,1,12,32.0
1162342,2,1,11,7.0
6605538,12,6,15,36.0
4632241,8,5,19,17.0
493489,1,5,19,16.0
2482105,5,6,19,3.0
526267,1,7,6,65.0
6609564,12,2,21,42.0
704478,2,6,17,17.0
4831824,8,4,19,12.0
2962073,5,6,13,40.0
2117603,4,4,11,68.0
92542,1,4,19,33.0
772808,2,3,8,68.0
421067,1,3,20,13.0
158203,1,7,14,19.0
6581534,12,2,18,40.0
292892,1,3,8,458.0
6838153,12,2,12,33.0
3000215,6,3,15,122.0
2796118,5,5,13,26.0
3958970,7,1,21,22.0
3214816,6,7,17,17.0
318697,1,1,11,44.0
1903085,4,6,9,8.0
6366213,11,1,21,155.0
1954507,4,1,16,272.0
6563722,12,7,17,17.0
1662916,3,1,6,12.0
2709890,5,4,21,7.0
1695770,3,1,10,6.0
3431355,6,6,10,37.0
5817923,10,2,17,12.0
3057377,6,6,19,93.0
1077733,2,3,17,5.0
2109061,4,5,15,144.0
3475080,6,2,17,199.0
221707,1,4,18,16.0
2124040,4,5,15,44.0
2782860,5,2,8,17.0
484907,1,1,18,85.0
6566858,12,4,12,15.0
2926173,5,6,8,43.0
4037189,7,1,19,22.0
6467664,12,3,20,18.0
6855359,12,2,13,16.0
4686161,8,1,13,27.0
6300790,11,1,9,14.0
3014952,6,7,21,22.0
125618,1,5,14,14.0
4725455,8,5,6,17.0
6979850,12,6,7,14.0
3513916,6,1,15,94.0
4675831,8,6,13,66.0
4264171,8,2,14,10.0
6521088,12,6,19,1.0
6941999,12,3,15,19.0
756028,2,4,12,8.0
1508498,3,6,11,219.0
1407062,3,6,8,6.0
22337,1,4,13,28.0
3175628,6,6,10,65.0
406802,1,1,14,34.0
1642147,3,3,21,85.0
800399,2,6,14,55.0
6332612,11,5,13,19.0
1984091,4,2,23,55.0
4405215,8,5,6,98.0
3773468,7,3,17,45.0
4114651,7,6,17,24.0
6607274,12,3,15,40.0
3772263,7,3,22,106.0
1670744,3,4,12,140.0
6614397,12,5,12,98.0
2999524,6,3,15,77.0
1164581,2,3,12,7.0
3413738,6,2,19,1.0
4461853,8,1,10,34.0
6305591,11,1,17,36.0
745255,2,2,9,32.0
1446612,3,5,19,2.0
2453106,5,4,6,10.0
4083375,7,7,18,13.0
5960982,11,7,15,7.0
923662,2,3,14,76.0
2243129,4,1,21,18.0
2554169,5,2,19,50.0
400884,1,5,18,11.0
1665141,3,1,22,57.0
4991559,9,5,17,20.0
1864029,4,5,16,68.0
3333313,6,1,21,48.0
415578,1,5,15,10.0
3953166,7,3,17,92.0
1155370,2,7,12,8.0
3500083,6,6,18,101.0
79620,1,7,12,18.0
4991808,9,5,13,27.0
3024370,6,3,19,9.0
522968,1,2,13,8.0
6864453,12,2,18,23.0
3207889,6,5,20,32.0
3339907,6,3,13,29.0
3870899,7,7,16,23.0
3776149,7,1,18,120.0
4129361,7,2,19,12.0
296875,1,2,14,20.0
1024466,2,5,12,41.0
3572616,6,7,21,9.0
919041,2,4,17,16.0
2709862,5,5,9,76.0
4726321,8,4,15,41.0
151880,1,4,13,10.0
3443658,6,4,17,49.0
3315153,6,1,17,19.0
1430644,3,5,20,116.0
1665883,3,5,6,6.0
503279,1,3,13,8.0
6839421,12,3,7,114.0
4392604,8,1,8,60.0
6597267,12,5,9,28.0
125204,1,2,10,29.0
3774199,7,3,19,12.0
4623527,8,3,20,42.0
72668,1,5,16,58.0
2348844,4,5,17,5.0
4734996,8,3,15,16.0
2229843,4,4,15,164.0
3858845,7,4,14,60.0
4027352,7,6,9,89.0
3747066,7,7,17,42.0
6899115,12,1,7,51.0
3935916,7,7,13,359.0
3060581,6,7,15,26.0
2897436,5,2,15,13.0
2602219,5,5,19,35.0
4260312,8,1,14,79.0
6701401,12,7,14,1.0
983699,2,5,8,33.0
197156,1,5,5,43.0
6609470,12,1,10,20.0
4563529,8,1,20,29.0
5301664,9,7,19,34.0
1157725,2,5,17,22.0
4113951,7,2,19,11.0
217030,1,4,18,28.0
1006345,2,2,18,33.0
6864137,12,2,16,9.0
6513394,12,4,17,55.0
616099,2,2,15,3.0
1704374,3,7,21,54.0
6445429,11,3,17,19.0
4480403,8,7,7,25.0
312382,1,3,9,73.0
748266,2,5,7,70.0
6865792,12,6,14,89.0
756104,2,4,19,35.0
2456161,5,5,14,3.0
3778438,7,7,20,80.0
3764514,7,7,19,221.0
2402536,5,3,10,30.0
4846352,9,3,16,58.0
3354158,6,1,14,73.0
6821851,12,3,14,12.0
110392,1,5,17,6.0
2612991,5,3,10,20.0
4939685,9,5,10,15.0
1185868,3,4,19,12.0
6856101,12,1,9,8.0
5593671,10,1,11,154.0
1691707,3,1,10,3.0
3266471,6,2,21,12.0
6627993,12,1,6,45.0
2212102,4,4,17,45.0
3959095,7,7,13,291.0
3338302,6,2,10,50.0
6814354,12,4,17,7.0
6664947,12,6,6,52.0
1335279,3,5,10,20.0
843144,2,2,17,56.0
3245066,6,5,16,55.0
2914533,5,2,21,6.0
910902,2,2,13,80.0
6930263,12,2,15,6.0
4074793,7,7,14,14.0
1944028,4,4,11,35.0
3449930,6,6,17,46.0
1954203,4,1,14,105.0
1068307,2,3,12,1.0
124575,1,2,18,10.0
3439080,6,3,18,1.0
3164269,6,1,14,40.0
662866,2,3,18,9.0
400181,1,2,12,17.0
900182,2,5,20,8.0
6297628,11,2,12,19.0
984671,2,7,12,9.0
1504474,3,6,16,82.0
4104405,7,3,21,10.0
3927849,7,7,14,7.0
2875183,5,2,20,27.0
11508,1,7,12,26.0
50412,1,5,19,30.0
2209364,4,1,17,117.0
3764759,7,2,18,53.0
484247,1,4,16,7.0
1748666,3,1,11,230.0
5105288,9,7,17,49.0
6573230,12,3,17,107.0
4992488,9,7,17,84.0
6836290,12,6,12,17.0
1514157,3,2,20,41.0
455969,1,7,8,176.0
2406441,5,4,8,15.0
2123441,4,7,20,12.0
3067347,6,2,10,19.0
4750905,8,1,6,24.0
157015,1,5,19,123.0
160491,1,4,11,188.0
1429803,3,6,18,11.0
92392,1,4,19,48.0
1779919,3,7,6,32.0
3687075,7,7,19,5.0
298029,1,2,13,111.0
6524733,12,7,20,143.0
433724,1,6,14,45.0
3421014,6,7,8,44.0
1614764,3,5,10,57.0
6847583,12,6,6,17.0
2509707,5,1,12,9.0
3410672,6,3,20,32.0
1339360,3,5,20,129.0
5674521,10,5,9,21.0
4391129,8,5,20,103.0
562818,1,2,16,112.0
332518,1,7,15,31.0
3938957,7,4,21,128.0
3117195,6,2,18,30.0
1337976,3,3,12,105.0
3783899,7,3,20,12.0
1336093,3,6,19,38.0
3159113,6,6,14,298.0
4353825,8,7,16,95.0
1898259,4,5,21,8.0
4402044,8,3,22,117.0
3150956,6,5,12,66.0
2827522,5,4,22,54.0
3315782,6,6,16,17.0
5777828,10,3,11,29.0
1060767,2,2,18,65.0
6084358,11,4,10,10.0
3859855,7,4,14,59.0
77555,1,7,16,137.0
4185985,7,4,6,10.0
112958,1,2,21,7.0
3033148,6,6,19,44.0
2870888,5,2,12,224.0
3504871,6,6,17,49.0
4080119,7,6,10,25.0
3110229,6,4,17,145.0
4819720,8,6,15,55.0
6595004,12,2,18,111.0
2176656,4,1,13,1.0
252806,1,5,11,47.0
6860550,12,6,9,51.0
6888685,12,6,9,105.0
1575086,3,3,12,21.0
3000527,6,3,18,18.0
3000858,6,3,20,117.0
2239427,4,5,18,45.0
13789,1,1,21,34.0
3157982,6,4,13,10.0
6566313,12,4,14,19.0
3043681,6,2,15,22.0
6860441,12,7,13,26.0
6940356,12,7,8,15.0
3711887,7,7,17,8.0
4224035,7,7,20,11.0
5525608,10,5,17,32.0
3469092,6,1,17,47.0
398274,1,7,7,266.0
3565375,6,2,15,8.0
3770748,7,2,16,18.0
2689441,5,5,9,12.0
986044,2,3,11,60.0
156803,1,5,15,40.0
3394470,6,2,17,42.0
5195767,9,1,9,4.0
3503241,6,2,14,13.0
4683490,8,3,6,49.0
453688,1,2,15,45.0
1955020,4,2,19,47.0
6949559,12,4,14,138.0
2974326,5,5,19,4.0
4947636,9,5,17,148.0
5491275,10,4,9,62.0
175074,1,5,21,79.0
6636436,12,2,6,2.0
1048834,2,1,17,868.0
5675365,10,5,9,9.0
6824409,12,3,17,2.0
1577918,3,2,15,97.0
2797203,5,5,16,64.0
6865698,12,2,19,6.0
1698544,3,5,13,25.0
3960675,7,3,18,11.0
837348,2,7,17,12.0
3520313,6,7,8,43.0
2306311,4,7,15,12.0
6933658,12,2,7,12.0
2279110,4,6,17,44.0
7005606,12,3,14,10.0
516236,1,5,12,10.0
1912749,4,5,16,17.0
3927376,7,6,18,42.0
3671864,7,3,19,7.0
3538078,6,7,19,26.0
4260691,8,1,14,29.0
2343581,4,5,18,4.0
1331245,3,5,16,57.0
307704,1,6,15,26.0
4511980,8,4,21,9.0
6833908,12,1,10,21.0
4342477,8,3,19,24.0
487125,1,7,12,3.0
6530411,12,2,10,41.0
1517481,3,6,10,24.0
5067445,9,3,14,15.0
3230938,6,3,17,12.0
722827,2,3,8,10.0
5691303,10,5,17,7.0
5675347,10,5,20,170.0
406999,1,7,18,1.0
2308600,4,4,21,43.0
3776329,7,4,21,206.0
3283967,6,1,18,28.0
1616490,3,5,8,21.0
3575701,6,2,15,11.0
1067599,2,1,16,10.0
6507793,12,2,19,14.0
1582976,3,5,14,13.0
3550575,6,2,12,132.0
3773727,7,3,15,106.0
1071248,2,1,17,12.0
1317060,3,5,14,16.0
3369168,6,6,10,36.0
1502552,3,7,15,9.0
987018,2,2,20,6.0
6030910,11,7,12,12.0
6543604,12,7,17,4.0
5705506,10,3,16,80.0
6838002,12,1,16,41.0
754981,2,3,10,100.0
982884,2,7,20,22.0
1060141,2,2,16,12.0
3228387,6,1,16,64.0
4086303,7,1,14,76.0
6753362,12,6,18,17.0
1271228,3,1,12,17.0
151414,1,3,15,40.0
73065,1,5,19,32.0
1708257,3,4,13,15.0
3482352,6,2,12,215.0
4386093,8,6,19,30.0
3566366,6,2,16,45.0
6561609,12,3,8,16.0
6935594,12,2,14,21.0
6924468,12,2,15,17.0
3136579,6,1,16,45.0
3380245,6,4,15,14.0
1477526,3,6,8,27.0
1336839,3,1,19,9.0
635452,2,1,13,227.0
6670953,12,1,14,47.0
1580439,3,3,18,10.0
6625130,12,5,11,2.0
6978120,12,1,14,8.0
1659539,3,6,9,23.0
2913674,5,5,14,186.0
2110131,4,4,9,15.0
389179,1,4,20,11.0
216697,1,4,13,132.0
1291875,3,3,15,5.0
2224603,4,1,14,17.0
6810350,12,6,8,5.0
6745492,12,6,6,15.0
3042655,6,1,14,51.0
6838168,12,3,12,40.0
6763841,12,6,10,11.0
3118104,6,6,13,36.0
3438760,6,3,21,52.0
3004004,6,4,17,151.0
2029572,4,5,18,20.0
6503978,12,1,12,4.0
5477713,10,5,12,61.0
3401486,6,7,8,14.0
3073861,6,4,15,60.0
6560317,12,5,19,126.0
6753659,12,6,12,16.0
835288,2,5,19,18.0
151498,1,3,15,19.0
6608217,12,5,19,16.0
1297702,3,1,22,24.0
6529844,12,2,18,30.0
6590030,12,2,16,39.0
5717754,10,3,16,5.0
1332152,3,7,13,29.0
2547773,5,4,17,17.0
638872,2,2,15,13.0
5301299,9,2,16,4.0
5674676,10,5,11,11.0
702932,2,2,17,19.0
328869,1,5,10,18.0
928271,2,7,21,77.0
1159281,2,5,10,7.0
1587066,3,2,14,3.0
6499576,12,6,9,160.0
3834052,7,3,18,8.0
1581027,3,1,9,75.0
305861,1,4,0,305.0
6028007,11,7,13,40.0
3820587,7,6,19,7.0
3929656,7,1,12,3.0
412983,1,4,18,8.0
5525604,10,5,8,67.0
1865229,4,5,19,26.0
4053964,7,4,19,39.0
475054,1,2,16,14.0
4825893,8,6,17,10.0
1192839,3,6,16,37.0
384531,1,7,6,40.0
3266826,6,2,18,54.0
511245,1,4,18,8.0
6951855,12,3,8,11.0
973103,2,1,10,69.0
6440940,11,2,19,19.0
1336059,3,6,17,215.0
930086,2,1,8,112.0
4812740,8,6,12,1.0
4322399,8,5,18,10.0
6607375,12,4,14,22.0
6840025,12,3,8,57.0
400033,1,4,13,56.0
6688404,12,4,18,56.0
2906704,5,1,13,10.0
523299,1,7,6,6.0
3469363,6,1,15,16.0
414551,1,5,12,4.0
4085557,7,7,14,24.0
2503391,5,5,14,3.0
2996059,6,2,21,6.0
4237021,8,1,10,8.0
4397942,8,3,20,50.0
6894395,12,6,10,6.0
6325168,11,4,10,21.0
1578488,3,4,17,110.0
3950720,7,1,6,28.0
1587048,3,1,12,16.0
1329733,3,3,14,26.0
6761421,12,5,12,52.0
749953,2,1,19,17.0
3923066,7,3,7,14.0
3566830,6,7,17,23.0
4742768,8,6,18,31.0
1681080,3,4,12,27.0
1123786,2,2,17,24.0
4387140,8,5,12,20.0
982312,2,2,7,13.0
3780327,7,7,20,30.0
6528070,12,1,10,11.0
4986388,9,2,15,15.0
1339892,3,5,13,51.0
3254131,6,6,17,33.0
899551,2,5,17,30.0
1521074,3,3,10,16.0
6621868,12,6,8,85.0
1571313,3,1,20,47.0
1379922,3,5,7,100.0
6597323,12,5,12,46.0
6506804,12,2,14,8.0
3311711,6,7,18,8.0
2195508,4,5,8,45.0
2548493,5,5,16,20.0
6880479,12,5,8,218.0
5249886,9,2,15,10.0
2223155,4,7,17,6.0
6752757,12,6,9,50.0
6523826,12,7,14,101.0
3579360,6,7,19,16.0
2869688,5,5,10,15.0
4368459,8,4,18,45.0
6086547,11,2,16,30.0
1333742,3,3,12,29.0
6871479,12,7,14,2.0
6853782,12,5,7,26.0
6028777,11,7,13,36.0
4409112,8,1,11,68.0
1649412,3,2,7,16.0
1144157,2,5,14,102.0
3947737,7,7,17,95.0
2859657,5,5,14,54.0
3517605,6,5,15,7.0
825398,2,3,14,21.0
6621913,12,7,7,5.0
6947323,12,5,13,5.0
1271637,3,1,19,16.0
4826391,8,6,21,95.0
6977982,12,1,14,117.0
1301292,3,1,9,15.0
6609959,12,3,16,35.0
130340,1,3,19,25.0
1338667,3,4,12,111.0
3316525,6,1,16,22.0
6939541,12,6,13,14.0
13745,1,1,20,4.0
1900098,4,5,10,271.0
5215099,9,6,13,3.0
5363290,9,5,8,23.0
4040580,7,4,14,6.0
1749703,3,4,21,18.0
608817,2,7,15,10.0
6669943,12,4,15,66.0
4992384,9,7,20,50.0
6273995,11,2,9,6.0
5576587,10,1,22,55.0
136482,1,5,9,63.0
4057140,7,2,13,16.0
6566822,12,4,16,10.0
408629,1,1,16,37.0
2644731,5,4,12,10.0
3167806,6,1,19,32.0
4740122,8,7,10,13.0
6853950,12,6,12,188.0
3773606,7,5,19,46.0
6531011,12,2,17,104.0
482303,1,1,16,30.0
4729391,8,5,17,2.0
1344869,3,7,11,15.0
2303005,4,6,14,12.0
151465,1,3,8,25.0
4764659,8,1,11,6.0
3946218,7,2,21,158.0
6950049,12,5,17,26.0
1684302,3,1,13,6.0
4980189,9,4,16,73.0
6573940,12,2,18,12.0
2724399,5,6,9,36.0
3440326,6,1,15,125.0
2117807,4,4,15,11.0
1298531,3,1,14,23.0
1366322,3,4,13,20.0
4247969,8,4,15,437.0
750011,2,1,11,255.0
3941711,7,7,12,381.0
3882183,7,3,18,14.0
4670401,8,4,17,88.0
721391,2,1,18,2.0
1337063,3,1,13,15.0
3680657,7,5,15,15.0
3416710,6,3,9,31.0
4720610,8,7,20,12.0
6623283,12,3,16,10.0
2840424,5,5,21,28.0
990484,2,1,18,13.0
6767255,12,3,12,9.0
4729914,8,4,20,16.0
6519358,12,5,21,9.0
3578773,6,4,18,42.0
3014244,6,7,13,15.0
6902858,12,3,15,10.0
3401675,6,6,8,64.0
2128946,4,5,13,110.0
914334,2,7,19,207.0
3921520,7,2,21,78.0
97868,1,2,7,88.0
387837,1,4,13,22.0
3043705,6,2,14,46.0
4430631,8,6,14,26.0
1605200,3,1,15,30.0
3923140,7,3,11,18.0
4643684,8,1,7,26.0
3388654,6,4,6,171.0
760018,2,4,16,25.0
253564,1,4,13,15.0
2216669,4,7,10,9.0
1764502,3,1,12,5.0
3058636,6,6,19,103.0
1503978,3,2,12,53.0
1992475,4,5,15,239.0
244979,1,7,12,15.0
6816691,12,1,6,124.0
614345,2,2,13,108.0
5536400,10,2,20,60.0
6000212,11,5,15,21.0
6979454,12,7,21,45.0
6643139,12,1,8,3.0
2252250,4,1,9,189.0
158859,1,1,14,33.0
6986372,12,4,7,18.0
4258746,8,7,12,25.0
3443416,6,5,18,43.0
3864235,7,2,19,21.0
1025207,2,2,16,20.0
2788315,5,3,6,59.0
3329670,6,5,20,49.0
16621,1,2,17,17.0
6940578,12,6,12,25.0
177443,1,7,9,72.0
3401250,6,7,11,5.0
3667616,7,2,20,59.0
3962208,7,2,14,63.0
6926741,12,4,16,6.0
4113237,7,7,14,15.0
3084042,6,7,17,20.0
2837348,5,6,19,15.0
1777854,3,5,13,2.0
615752,2,2,15,160.0
3567529,6,7,17,33.0
6980066,12,6,16,194.0
157222,1,5,19,143.0
4630222,8,6,19,51.0
6086343,11,2,17,60.0
1500894,3,1,7,67.0
4350391,8,2,9,148.0
5209597,9,7,16,73.0
6615698,12,1,15,70.0
6113300,11,5,12,6.0
6820489,12,6,16,3.0
4810235,8,2,17,17.0
985706,2,1,14,45.0
6717775,12,7,6,22.0
875797,2,6,6,5.0
1682566,3,1,21,32.0
3171310,6,4,18,143.0
489176,1,2,15,10.0
5531986,10,5,19,30.0
1894190,4,5,14,259.0
4486286,8,2,9,13.0
62816,1,2,6,12.0
4991568,9,5,13,216.0
2882847,5,2,20,4.0
3976816,7,4,15,126.0
4143947,7,3,14,159.0
3406183,6,7,11,13.0
5710764,10,2,14,1.0
157096,1,5,8,45.0
2725762,5,2,18,23.0
615693,2,2,18,10.0
4467755,8,5,21,39.0
3196504,6,5,12,16.0
4220441,7,4,18,78.0
1604068,3,5,17,14.0
2677730,5,2,16,50.0
2905715,5,2,11,6.0
5913669,10,3,21,26.0
3315954,6,1,22,22.0
6824935,12,4,21,21.0
6017050,11,3,20,9.0
510538,1,4,15,10.0
1287853,3,1,16,2.0
6934273,12,6,10,13.0
151424,1,3,19,30.0
4636853,8,5,9,4.0
3150300,6,4,21,115.0
4563944,8,1,16,179.0
4569641,8,1,12,40.0
3459649,6,1,15,17.0
6242374,11,6,12,4.0
506598,1,2,17,9.0
6441116,11,1,18,34.0
945101,2,7,8,185.0
6614414,12,6,17,90.0
79218,1,7,9,84.0
45413,1,4,19,63.0
4076119,7,1,22,8.0
1609881,3,5,17,27.0
6383261,11,5,6,14.0
3572686,6,4,7,44.0
1349118,3,1,10,100.0
11439,1,7,14,13.0
4347777,8,4,16,1.0
310636,1,1,12,108.0
3050350,6,4,8,7.0
6066707,11,6,13,25.0
2616956,5,5,10,33.0
1372216,3,7,7,390.0
6950280,12,6,6,12.0
4396853,8,1,16,120.0
4108850,7,2,19,45.0
1175450,3,1,20,4.0
1234329,3,4,21,9.0
4070178,7,6,15,21.0
1780603,3,7,7,124.0
6438560,11,5,13,2.0
2495015,5,1,15,15.0
416163,1,5,13,13.0
3950021,7,4,14,204.0
5491758,10,3,14,1.0
1753001,3,5,15,6.0
760199,2,5,19,35.0
2363432,4,3,17,6.0
6840644,12,1,16,20.0
6676982,12,2,16,79.0
1681271,3,3,18,5.0
237254,1,4,20,6.0
6732035,12,1,10,2.0
6862773,12,2,8,79.0
2781643,5,4,10,7.0
1669793,3,1,11,11.0
1034779,2,2,6,56.0
3776233,7,4,7,28.0
984209,2,6,17,19.0
3767179,7,1,21,44.0
5665548,10,5,15,21.0
3830675,7,7,6,31.0
768471,2,7,15,126.0
2708092,5,2,16,93.0
2467487,5,2,11,69.0
6606667,12,2,19,51.0
6515580,12,4,20,4.0
1699769,3,6,15,25.0
3220570,6,5,18,6.0
650244,2,6,8,18.0
923200,2,2,8,30.0
2551577,5,4,17,11.0
6908164,12,6,9,10.0
3513946,6,4,13,27.0
3062770,6,7,11,71.0
4801734,8,4,6,8.0
1137404,2,6,19,23.0
6088216,11,7,11,72.0
2785059,5,2,16,47.0
6514556,12,4,15,22.0
976350,2,2,11,19.0
5572928,10,7,19,1.0
91091,1,4,20,64.0
6616651,12,3,16,110.0
541068,1,6,11,1.0
2116898,4,5,17,127.0
3502126,6,2,14,15.0
2796401,5,1,19,20.0
3734324,7,4,21,6.0
762746,2,2,17,21.0
1938017,4,1,13,206.0
6839589,12,5,10,12.0
3434284,6,4,13,80.0
477819,1,4,7,38.0
6760196,12,3,20,13.0
2712287,5,2,21,70.0
396893,1,7,5,367.0
3494618,6,2,14,19.0
1758482,3,6,19,23.0
1081548,2,5,14,18.0
3076853,6,5,17,22.0
3948051,7,1,9,34.0
3272179,6,6,20,8.0
3947984,7,3,17,38.0
407742,1,4,10,1.0
1562320,3,2,8,4.0
1954908,4,2,16,75.0
994540,2,6,10,15.0
4398584,8,4,16,45.0
4801007,8,6,9,50.0
3081084,6,6,19,52.0
304437,1,3,21,4.0
1047469,2,2,18,48.0
3922042,7,2,19,63.0
1419416,3,2,19,19.0
1070556,2,6,18,7.0
6394025,11,7,10,14.0
6645749,12,1,7,31.0
3898609,7,1,17,104.0
6508051,12,2,13,82.0
6910969,12,5,18,27.0
1911704,4,1,16,2.0
4664083,8,3,7,33.0
1152629,2,7,12,149.0
4258272,8,7,16,86.0
1609888,3,5,17,36.0
2217224,4,1,10,56.0
4400849,8,1,17,18.0
3391631,6,2,15,5.0
4402526,8,4,12,15.0
542421,1,2,15,43.0
4198539,7,7,17,16.0
1797813,4,6,16,10.0
1282137,3,1,16,14.0
922307,2,2,11,41.0
1514240,3,5,14,17.0
6773261,12,5,20,38.0
927465,2,5,9,47.0
2606329,5,4,11,50.0
2116873,4,5,20,292.0
1514719,3,5,21,109.0
2118238,4,1,11,37.0
4311034,8,2,16,3.0
115040,1,6,16,132.0
2500765,5,4,6,116.0
1085663,2,2,18,24.0
4491091,8,5,19,6.0
3393968,6,2,15,48.0
3389915,6,6,13,3.0
4676863,8,4,19,30.0
6936962,12,6,8,104.0
1954331,4,1,9,57.0
3084808,6,7,13,20.0
3115452,6,3,20,5.0
991081,2,4,19,1.0
6613255,12,2,17,70.0
6833992,12,2,14,125.0
1036201,2,2,6,10.0
2268795,4,4,21,3.0
4565988,8,4,20,25.0
1602100,3,6,9,64.0
4463088,8,1,6,6.0
434263,1,5,12,97.0
6922398,12,2,11,6.0
4671417,8,4,17,34.0
6609362,12,1,19,60.0
1268146,3,1,6,30.0
3149268,6,3,16,45.0
3507942,6,7,13,3.0
2727797,5,5,21,42.0
6871967,12,2,16,58.0
4511662,8,4,19,3.0
3932649,7,4,20,36.0
1228962,3,3,12,195.0
6897014,12,2,18,7.0
4103209,7,2,13,24.0
5674338,10,5,20,69.0
1846578,4,7,15,11.0
3769253,7,1,17,16.0
78410,1,7,19,7.0
2238962,4,4,19,30.0
1341804,3,2,8,5.0
3763408,7,3,19,378.0
6911824,12,1,7,38.0
4758122,8,1,10,6.0
6086441,11,2,21,28.0
4357075,8,2,8,57.0
1686699,3,1,10,14.0
2006799,4,6,12,15.0
6319650,11,7,9,15.0
6714327,12,4,8,127.0
4760838,8,5,19,5.0
1779450,3,6,20,10.0
2838000,5,3,14,26.0
3436242,6,3,10,20.0
993011,2,3,11,8.0
4238192,8,1,19,136.0
669080,2,5,10,22.0
6821549,12,4,16,21.0
2496176,5,1,21,1.0
2829799,5,5,13,26.0
4187527,7,4,13,18.0
2299166,4,7,18,10.0
501158,1,4,12,4.0
201160,1,1,15,144.0
3035082,6,6,20,84.0
6221413,11,6,21,3.0
3519435,6,1,17,13.0
2825425,5,5,14,11.0
3951719,7,6,20,30.0
4300757,8,5,6,49.0
639573,2,3,7,6.0
1943975,4,4,18,35.0
6324644,11,1,6,16.0
107375,1,4,7,30.0
6890427,12,7,22,10.0
4645863,8,5,8,9.0
151346,1,3,10,58.0
5528944,10,5,19,85.0
7006017,12,3,16,2.0
398858,1,4,13,7.0
6897501,12,6,9,25.0
6786996,12,1,15,3.0
240984,1,7,6,126.0
1332524,3,1,20,25.0
6687006,12,4,12,36.0
1227898,3,2,14,148.0
607939,2,7,20,70.0
2478885,5,5,6,7.0
2851351,5,5,11,151.0
4748804,8,5,16,8.0
3209594,6,6,15,42.0
2183829,4,4,7,17.0
6565660,12,5,19,19.0
6859341,12,3,13,16.0
245547,1,6,17,35.0
881883,2,3,8,2.0
3326902,6,7,17,72.0
6599985,12,2,20,46.0
1236797,3,5,8,14.0
1068723,2,2,19,56.0
6561298,12,3,9,24.0
6758332,12,4,17,2.0
156401,1,4,10,15.0
994658,2,7,17,6.0
163439,1,2,8,15.0
2494316,5,1,15,36.0
6845848,12,5,19,32.0
1331605,3,6,16,37.0
684505,2,2,20,154.0
3952297,7,4,21,154.0
4343182,8,7,19,10.0
4982352,9,1,9,16.0
836328,2,3,14,22.0
5866228,10,7,17,6.0
3784793,7,4,12,10.0
4982280,9,1,20,55.0
1669855,3,5,15,57.0
4238080,8,1,20,99.0
6758468,12,5,11,9.0
3111703,6,3,18,22.0
4272764,8,4,19,5.0
485622,1,7,17,11.0
6569162,12,1,15,35.0
6731999,12,1,7,70.0
6837131,12,7,20,46.0
6951299,12,1,18,11.0
6938191,12,2,19,92.0
836939,2,2,21,21.0
3778239,7,3,12,25.0
4755001,8,5,13,32.0
4946997,9,1,8,100.0
4800915,8,2,7,165.0
6204210,11,5,19,61.0
3014280,6,7,12,57.0
4071773,7,6,17,13.0
5216590,9,5,17,1.0
68453,1,4,8,10.0
5504098,10,4,14,31.0
927789,2,3,12,29.0
5004574,9,1,5,38.0
1708467,3,6,8,26.0
6640248,12,5,7,78.0
1096623,2,2,8,6.0
2716577,5,7,11,18.0
637427,2,2,17,4.0
4624154,8,5,16,40.0
6668705,12,1,6,44.0
4806680,8,5,21,1.0
2113073,4,6,15,17.0
3779560,7,1,15,79.0
1338393,3,3,17,63.0
6870530,12,5,19,43.0
3637757,7,7,21,5.0
2558254,5,5,6,30.0
3459477,6,5,9,32.0
3056754,6,6,14,37.0
1756741,3,4,7,40.0
682806,2,2,16,112.0
4218387,7,2,20,7.0
2128532,4,5,15,155.0
3088396,6,1,11,64.0
47795,1,4,15,8.0
4335362,8,4,20,17.0
3163452,6,6,17,5.0
6564013,12,7,14,46.0
3316942,6,6,17,10.0
755473,2,3,15,25.0
3764795,7,7,11,21.0
990109,2,2,11,28.0
4758025,8,4,18,36.0
3016369,6,1,14,1.0
755770,2,4,14,39.0
3985209,7,1,23,51.0
6614138,12,5,13,77.0
6609805,12,2,17,117.0
1909169,4,6,14,3.0
6976586,12,3,8,15.0
6309627,11,7,15,45.0
2911842,5,6,16,11.0
4715387,8,4,16,52.0
3477583,6,2,14,62.0
2255276,4,4,6,9.0
918041,2,5,18,47.0
4275790,8,5,12,71.0
1944790,4,6,16,33.0
2689336,5,5,12,8.0
409945,1,1,8,2.0
2022324,4,3,15,282.0
2110254,4,2,15,15.0
6837429,12,4,7,75.0
555282,1,4,8,77.0
6923275,12,6,15,35.0
5908514,10,3,21,84.0
4100255,7,6,9,23.0
668815,2,5,7,100.0
3990181,7,7,19,17.0
3776327,7,1,13,81.0
6841868,12,1,10,24.0
453884,1,2,17,41.0
3148573,6,2,20,50.0
445856,1,2,19,8.0
6770825,12,7,15,3.0
982319,2,2,7,14.0
128079,1,3,8,15.0
3397723,6,2,10,32.0
6911990,12,5,8,24.0
4272826,8,4,19,14.0
486587,1,7,19,6.0
177482,1,7,11,81.0
3000685,6,3,16,57.0
3635291,7,6,8,28.0
1510772,3,3,15,38.0
1065105,2,2,18,8.0
1992442,4,5,7,40.0
6612395,12,1,19,105.0
1003720,2,2,15,51.0
4745167,8,5,16,86.0
2232259,4,4,18,86.0
4062267,7,5,22,1.0
6684436,12,7,8,47.0
5531346,10,4,13,15.0
1946508,4,2,9,12.0
576406,1,4,9,2.0
5919085,10,2,9,50.0
3570893,6,4,17,20.0
3964395,7,2,17,3.0
411393,1,6,6,13.0
396740,1,2,14,17.0
5219044,9,6,22,17.0
1014074,2,7,7,250.0
986926,2,1,12,36.0
6979159,12,7,15,46.0
4724252,8,1,10,7.0
448162,1,2,7,13.0
797452,2,4,7,142.0
1677256,3,1,17,46.0
2888482,5,3,11,2.0
6078255,11,4,11,120.0
759973,2,4,18,50.0
1088426,2,2,9,26.0
201808,1,1,6,23.0
761875,2,1,19,75.0
4121813,7,7,17,45.0
1463947,3,5,21,1.0
6824666,12,1,20,8.0
4372668,8,3,13,69.0
6925800,12,6,13,10.0
2482717,5,6,12,14.0
5533808,10,3,12,54.0
4307670,8,1,15,47.0
1502967,3,6,14,25.0
6623895,12,6,12,17.0
3059687,6,7,14,77.0
212214,1,1,10,75.0
329069,1,6,14,58.0
593814,1,6,0,14.0
613451,2,2,17,5.0
3623884,7,2,17,30.0
1700271,3,3,20,10.0
1425831,3,4,18,18.0
1604660,3,1,21,36.0
6872077,12,6,13,30.0
5674688,10,5,14,6.0
6971336,12,3,13,17.0
1659780,3,4,12,67.0
2871592,5,2,13,20.0
4182409,7,4,12,10.0
6777742,12,7,15,68.0
277318,1,4,15,11.0
5252958,9,7,21,25.0
759166,2,3,21,5.0
982918,2,7,16,12.0
4521613,8,5,16,15.0
6713104,12,3,9,20.0
751723,2,4,11,10.0
2620203,5,6,17,14.0
4110731,7,3,6,19.0
4058667,7,4,19,9.0
4122423,7,4,14,5.0
2541155,5,7,17,101.0
3435316,6,5,19,33.0
3205463,6,3,9,22.0
4075160,7,3,16,36.0
4637127,8,5,15,34.0
4400449,8,1,16,95.0
4223024,7,6,11,20.0
2200278,4,5,8,10.0
216456,1,3,16,30.0
4213927,7,6,12,14.0
1188331,3,4,18,18.0
6528865,12,2,7,28.0
4085286,7,4,19,29.0
2198102,4,1,14,19.0
6932267,12,2,15,43.0
6644285,12,2,6,4.0
3955264,7,7,12,205.0
827716,2,2,15,38.0
3051965,6,4,18,19.0
912332,2,5,12,103.0
4141604,7,3,20,32.0
6398089,11,7,17,26.0
4391908,8,7,15,19.0
1760507,3,3,20,7.0
523514,1,3,20,8.0
1526121,3,2,16,9.0
4020383,7,4,16,21.0
4820037,8,4,8,383.0
6715852,12,5,15,13.0
6827614,12,4,15,21.0
539357,1,2,21,3.0
6613005,12,2,16,220.0
2283431,4,5,20,15.0
3685456,7,7,15,62.0
3724666,7,5,14,31.0
749107,2,7,16,27.0
3681458,7,5,19,3.0
1522351,3,3,17,141.0
6860446,12,5,13,41.0
6908997,12,2,12,40.0
6845851,12,1,19,3.0
108737,1,2,20,115.0
520446,1,1,12,5.0
2840083,5,3,13,42.0
1513585,3,6,22,76.0
252052,1,3,8,44.0
3716625,7,1,11,1.0
4405249,8,5,6,79.0
85598,1,2,17,6.0
1751347,3,2,13,35.0
5404920,10,4,17,1.0
3296404,6,7,10,12.0
3709536,7,5,15,23.0
3110819,6,4,19,9.0
703019,2,2,13,14.0
163677,1,3,10,22.0
3311715,6,7,19,43.0
3933881,7,4,21,87.0
163507,1,2,17,39.0
1501841,3,3,12,83.0
3363735,6,6,10,91.0
3435911,6,5,14,26.0
256074,1,3,8,42.0
157980,1,7,18,15.0
524982,1,6,9,12.0
1913,1,4,16,1.0
4743246,8,2,23,22.0
3142471,6,2,15,194.0
5789181,10,2,19,24.0
6088750,11,1,7,20.0
4198523,7,7,13,78.0
3498712,6,6,11,16.0
6643356,12,5,6,132.0
4732430,8,5,21,23.0
3161806,6,3,13,10.0
3294797,6,7,18,55.0
1226648,3,2,18,22.0
1796340,4,5,7,45.0
4782643,8,3,8,28.0
487254,1,2,10,58.0
518823,1,2,11,24.0
3697960,7,3,15,4.0
1394432,3,7,7,83.0
92215,1,4,17,93.0
3079373,6,5,17,99.0
6523933,12,7,19,20.0
3565108,6,2,15,5.0
78207,1,7,11,25.0
6835600,12,5,14,10.0
3333080,6,4,20,33.0
1136769,2,5,9,158.0
5797500,10,2,21,56.0
3938811,7,3,6,152.0
2309461,4,4,21,189.0
2462825,5,7,19,28.0
6553380,12,3,11,99.0
6847842,12,2,17,28.0
4748162,8,1,15,8.0
6925324,12,6,8,3.0
1511622,3,6,9,36.0
1710146,3,7,21,43.0
6222563,11,7,17,1.0
2824067,5,2,18,42.0
1664800,3,5,20,7.0
6978910,12,7,14,5.0
1583124,3,1,10,8.0
994361,2,1,14,13.0
6081126,11,4,21,84.0
4307744,8,1,14,131.0
3760470,7,4,18,163.0
6717273,12,6,22,51.0
1570041,3,1,8,14.0
1640763,3,5,17,45.0
6783338,12,7,11,4.0
1499999,3,1,8,18.0
3173845,6,5,19,57.0
3000376,6,3,15,39.0
4224628,7,7,11,34.0
6674953,12,5,18,22.0
4985420,9,7,15,162.0
4341004,8,2,7,4.0
512690,1,5,18,23.0
2180692,4,4,7,28.0
6843786,12,3,18,26.0
4652312,8,4,16,29.0
155721,1,3,12,28.0
2389669,5,6,8,27.0
149223,1,2,22,45.0
3151770,6,7,13,20.0
3107407,6,6,11,56.0
1157749,2,2,17,11.0
3337142,6,1,14,58.0
1668111,3,7,21,98.0
3517802,6,1,20,36.0
6042554,11,5,14,2.0
1189403,3,5,15,80.0
6203181,11,5,17,18.0
1080784,2,4,17,11.0
1064513,2,6,12,4.0
3574334,6,2,20,19.0
6834972,12,1,13,4.0
988196,2,5,18,7.0
2549569,5,1,19,15.0
6745607,12,6,14,10.0
6610239,12,3,12,120.0
3789936,7,7,16,76.0
2504750,5,3,13,10.0
5157250,9,3,17,37.0
6604988,12,5,14,20.0
3247211,6,5,18,14.0
6553152,12,3,6,57.0
6925407,12,6,20,33.0
5493866,10,1,14,14.0
2789075,5,5,11,9.0
6427435,11,7,18,5.0
1580215,3,3,10,44.0
639023,2,2,7,94.0
6937862,12,1,11,22.0
403159,1,5,21,13.0
3946510,7,7,7,22.0
3487356,6,3,18,14.0
6082527,11,7,12,10.0
3103186,6,4,15,53.0
2647054,5,5,17,2.0
1652557,3,6,9,8.0
1298523,3,1,18,96.0
176092,1,6,8,71.0
4725094,8,6,15,53.0
2628051,5,4,18,22.0
6773056,12,7,12,17.0
2229205,4,4,12,16.0
4625240,8,5,17,19.0
6119832,11,5,6,112.0
3420773,6,2,14,3.0
4980946,9,5,16,11.0
3481343,6,5,19,26.0
3776652,7,5,17,65.0
503469,1,4,13,10.0
2869793,5,3,13,5.0
415486,1,6,13,7.0
3005224,6,4,6,19.0
1584458,3,1,9,10.0
4726075,8,5,14,13.0
6600482,12,3,16,119.0
2789143,5,3,9,28.0
730431,2,2,5,37.0
6836967,12,6,14,1.0
4875951,9,5,18,61.0
4500431,8,2,21,11.0
2497719,5,1,19,138.0
3040211,6,1,15,60.0
6640393,12,1,8,9.0
157747,1,7,15,25.0
2708299,5,2,7,19.0
1572840,3,1,14,3.0
2762632,5,6,14,142.0
6840361,12,7,6,29.0
3001501,6,3,17,11.0
762559,2,2,18,20.0
6900073,12,6,19,43.0
6564153,12,7,17,11.0
151629,1,3,9,20.0
4121932,7,7,17,153.0
3010404,6,6,20,29.0
5042735,9,4,19,163.0
3763528,7,7,19,73.0
6611752,12,6,11,21.0
1521228,3,6,8,152.0
684421,2,2,16,8.0
6480679,12,1,8,18.0
2298544,4,6,14,16.0
5905380,10,7,17,19.0
1532321,3,5,17,4.0
3503626,6,4,16,45.0
4095543,7,6,10,61.0
341657,1,7,9,74.0
751910,2,4,13,18.0
5925143,10,3,12,24.0
6568542,12,2,19,1.0
6813899,12,6,15,14.0
3514196,6,2,15,6.0
1945756,4,7,18,15.0
1705092,3,6,7,40.0
4396913,8,1,21,58.0
4576710,8,1,17,137.0
6454676,11,4,15,3.0
6733449,12,1,10,22.0
1191765,3,5,18,50.0
4799709,8,3,12,7.0
1511104,3,4,14,14.0
3713227,7,1,15,4.0
2554790,5,3,19,47.0
3159234,6,6,16,23.0
682843,2,2,21,5.0
2775748,5,5,11,2.0
3157317,6,3,20,65.0
3272107,6,6,20,28.0
1330823,3,5,10,75.0
2907053,5,2,8,27.0
6029022,11,7,14,17.0
845752,2,2,14,20.0
339497,1,5,13,2.0
5527818,10,3,8,5.0
6332247,11,7,12,6.0
327392,1,7,15,21.0
1339417,3,5,10,10.0
759657,2,4,19,30.0
6656912,12,1,16,16.0
588698,1,2,6,12.0
668122,2,4,14,38.0
1039073,2,5,8,19.0
3450844,6,2,6,113.0
4994332,9,1,13,56.0
6086774,11,3,10,3.0
1071757,2,2,16,8.0
3283350,6,1,6,2.0
3867416,7,2,13,116.0
6291758,11,3,12,15.0
4727880,8,1,13,36.0
6852155,12,6,12,172.0
2113295,4,7,15,6.0
6775753,12,2,15,6.0
4120463,7,4,19,6.0
1977783,4,7,13,41.0
917090,2,3,18,110.0
2123702,4,5,13,120.0
774237,2,3,19,70.0
3773701,7,7,17,89.0
534785,1,4,7,10.0
6917472,12,3,15,7.0
307334,1,6,18,203.0
4745860,8,2,12,13.0
1301461,3,7,20,15.0
4394331,8,4,8,104.0
502776,1,2,9,29.0
60173,1,1,10,91.0
3495090,6,1,15,11.0
827863,2,2,10,6.0
4142501,7,4,13,15.0
2824701,5,5,17,16.0
753268,2,7,17,49.0
6666890,12,1,18,45.0
3058857,6,6,17,2.0
2174628,4,2,5,35.0
6565529,12,5,13,15.0
3556340,6,7,20,18.0
6895759,12,2,19,30.0
6613466,12,3,8,9.0
2588137,5,2,13,31.0
414374,1,1,10,35.0
115997,1,2,17,4.0
442788,1,2,10,11.0
6722622,12,4,19,7.0
385661,1,6,9,54.0
6753315,12,6,20,8.0
1339054,3,4,8,20.0
6834941,12,1,11,26.0
6564152,12,7,9,8.0
1930255,4,4,14,16.0
4398381,8,4,19,47.0
3412210,6,7,14,56.0
114286,1,4,8,14.0
1601538,3,1,18,13.0
4020981,7,4,17,31.0
3314526,6,5,7,40.0
4347499,8,5,15,7.0
3819936,7,5,17,47.0
800673,2,6,13,42.0
6113879,11,5,17,59.0
3616479,7,7,13,38.0
3945181,7,7,21,62.0
1082816,2,6,10,10.0
6041797,11,6,15,4.0
212604,1,1,14,18.0
887815,2,5,6,31.0
3132591,6,3,16,35.0
4113677,7,4,15,1.0
2308282,4,3,21,91.0
1857096,4,3,17,4.0
3149359,6,3,10,18.0
3320211,6,1,11,82.0
212265,1,1,13,95.0
2200111,4,7,18,7.0
6671943,12,4,12,9.0
244931,1,4,17,26.0
3922499,7,3,21,35.0
6250531,11,2,11,6.0
1588484,3,7,11,20.0
4032513,7,4,15,16.0
4570448,8,7,15,23.0
2126210,4,2,21,29.0
1395570,3,1,7,30.0
2038283,4,6,13,27.0
739483,2,1,8,29.0
3281669,6,7,20,123.0
6830385,12,6,13,25.0
1338442,3,3,12,105.0
5906264,10,6,18,17.0
829150,2,4,16,87.0
6611664,12,6,16,119.0
3488598,6,4,22,13.0
2689425,5,5,18,124.0
6203356,11,5,21,8.0
2228175,4,6,17,94.0
183914,1,4,13,109.0
157530,1,6,8,141.0
303974,1,3,18,365.0
3772655,7,7,13,15.0
3778387,7,4,16,20.0
900187,2,5,19,2.0
3939667,7,4,21,73.0
6976593,12,3,20,5.0
483014,1,4,18,10.0
997565,2,7,15,8.0
4021322,7,2,20,61.0
6939669,12,4,11,161.0
3085000,6,7,17,5.0
5206264,9,7,9,22.0
754178,2,1,17,53.0
2020680,4,4,17,124.0
1746978,3,2,7,15.0
3567888,6,4,14,11.0
6680987,12,4,6,39.0
2117445,4,5,19,267.0
3569681,6,4,17,33.0
1594005,3,6,18,4.0
3173011,6,5,16,31.0
4278040,8,6,13,31.0
3159984,6,7,18,26.0
4634622,8,5,10,50.0
3290145,6,6,11,83.0
3159634,6,7,19,127.0
1569773,3,2,7,9.0
5251490,9,6,9,31.0
3883223,7,3,20,28.0
95381,1,7,15,45.0
3084702,6,7,15,28.0
798762,2,5,12,90.0
6588737,12,7,11,94.0
5685564,10,5,17,2.0
1425713,3,1,18,12.0
6082020,11,6,11,95.0
6926167,12,5,10,6.0
2799752,5,5,9,11.0
1281809,3,1,15,5.0
2957806,5,4,17,30.0
1575303,3,3,11,39.0
33276,1,7,13,26.0
1778235,3,5,19,28.0
6406565,11,2,18,10.0
4410361,8,1,22,157.0
5528202,10,4,17,85.0
1543841,3,6,16,19.0
2807744,5,3,15,97.0
1035579,2,2,6,8.0
63322,1,2,15,20.0
4337423,8,5,13,7.0
6516599,12,5,20,24.0
4529403,8,4,21,72.0
4374358,8,6,17,95.0
3501165,6,4,10,64.0
1256795,3,4,16,8.0
2546114,5,1,15,18.0
6541996,12,6,13,20.0
2047254,4,5,14,90.0
3050380,6,4,7,10.0
4388520,8,1,17,26.0
4313592,8,3,17,54.0
4224372,7,7,17,2.0
3113268,6,2,8,47.0
656724,2,1,20,22.0
6939655,12,4,14,21.0
6559403,12,6,21,6.0
1893813,4,5,12,7.0
4982956,9,2,16,75.0
3118568,6,3,16,21.0
496433,1,2,12,1.0
2127403,4,7,17,30.0
1799417,4,7,14,27.0
920958,2,5,18,16.0
3384899,6,4,17,16.0
3780378,7,3,17,50.0
6523770,12,7,14,44.0
1419234,3,1,16,68.0
485798,1,1,21,20.0
157689,1,6,13,34.0
724508,2,3,18,147.0
4742349,8,3,14,5.0
1779349,3,6,16,5.0
1573419,3,1,19,12.0
899450,2,5,12,29.0
6752244,12,5,12,71.0
2820344,5,5,21,23.0
1659410,3,6,13,18.0
6827802,12,2,15,3.0
6844090,12,6,17,12.0
6987081,12,3,17,6.0
6930006,12,2,18,26.0
754928,2,3,15,24.0
6846276,12,3,17,20.0
1575074,3,5,12,8.0
6535487,12,4,18,3.0
930035,2,3,14,10.0
512061,1,2,13,10.0
3335178,6,5,17,41.0
4125178,7,6,9,17.0
4176854,7,4,11,25.0
4629618,8,2,10,1.0
3447217,6,4,22,12.0
6433001,11,5,14,21.0
2383423,4,6,6,45.0
1335498,3,5,17,20.0
1942232,4,1,14,30.0
411611,1,7,11,17.0
4638722,8,5,18,27.0
705661,2,1,14,149.0
6776822,12,5,11,9.0
6906180,12,7,7,8.0
3718620,7,4,19,32.0
6045073,11,2,19,17.0
3044937,6,2,7,45.0
1694910,3,6,13,14.0
591721,1,5,7,34.0
545751,1,3,18,1.0
3325371,6,5,11,59.0
4318516,8,4,17,44.0
763139,2,3,16,25.0
158611,1,1,16,16.0
4403052,8,5,17,15.0
1071194,2,5,14,6.0
2811946,5,5,13,1.0
757969,2,1,14,5.0
3638352,7,7,15,292.0
6836255,12,1,18,4.0
3315906,6,4,17,15.0
165530,1,5,16,25.0
3773749,7,6,18,67.0
1522646,3,6,11,126.0
4350878,8,2,15,2.0
6007490,11,7,9,23.0
3776037,7,4,16,40.0
6841520,12,2,15,16.0
1846623,4,7,21,10.0
760164,2,5,16,10.0
2423052,5,2,19,57.0
4182123,7,4,17,39.0
2218301,4,4,18,69.0
6747050,12,7,13,33.0
2825768,5,2,13,41.0
5353138,9,5,10,128.0
2222626,4,4,18,18.0
6501476,12,7,17,208.0
3627773,7,4,19,147.0
4574115,8,4,9,9.0
6080948,11,4,18,73.0
2112556,4,7,16,46.0
4951654,9,2,21,31.0
4236675,8,1,8,96.0
3333496,6,5,8,64.0
1591180,3,5,9,4.0
5204438,9,4,15,54.0
4629877,8,3,18,17.0
4991039,9,4,17,29.0
6743759,12,5,16,15.0
1940452,4,5,17,150.0
415107,1,3,21,20.0
5353362,9,5,12,16.0
4116825,7,2,8,89.0
6081417,11,5,16,48.0
6561407,12,3,8,3.0
1651542,3,7,12,58.0
4511873,8,4,19,153.0
1230495,3,3,20,10.0
683404,2,2,16,22.0
305220,1,4,21,9.0
1639308,3,1,21,32.0
1330066,3,3,10,75.0
6600540,12,3,9,93.0
761349,2,7,20,99.0
336161,1,6,13,97.0
5527603,10,3,16,119.0
6827738,12,4,11,6.0
5559078,10,3,19,67.0
759391,2,3,10,63.0
1213981,3,5,16,6.0
6238586,11,7,14,63.0
6729066,12,3,16,39.0
667251,2,4,8,3.0
6609602,12,2,20,20.0
1412454,3,1,11,33.0
4990954,9,4,15,6.0
1944215,4,5,21,75.0
1505126,3,6,17,16.0
6331633,11,2,12,23.0
522125,1,7,14,3.0
759446,2,3,17,90.0
6898154,12,1,16,58.0
490855,1,7,8,80.0
3940596,7,7,17,168.0
231144,1,1,12,7.0
6845446,12,7,17,30.0
3148618,6,2,8,61.0
6248228,11,6,15,5.0
6745880,12,6,12,105.0
492083,1,1,10,6.0
393733,1,6,11,12.0
4765611,8,1,17,32.0
6787013,12,1,15,23.0
4764989,8,5,14,65.0
3222787,6,3,16,24.0
6881173,12,5,14,123.0
1913274,4,5,21,117.0
829721,2,7,20,222.0
159220,1,2,21,30.0
6851917,12,6,9,6.0
6593776,12,7,19,33.0
2733894,5,7,19,4.0
3079966,6,5,14,165.0
3444290,6,5,13,105.0
1415203,3,2,18,55.0
1710766,3,1,21,29.0
6898933,12,5,8,6.0
4391825,8,7,9,49.0
2608505,5,5,11,8.0
6607767,12,4,15,60.0
2867746,5,2,17,5.0
4991095,9,4,16,2.0
1652072,3,7,13,27.0
6088283,11,7,9,15.0
541926,1,1,10,16.0
1588020,3,2,20,128.0
3571671,6,7,18,2.0
5557952,10,5,6,30.0
6931930,12,5,9,14.0
2243267,4,6,15,11.0
2888550,5,2,12,112.0
6763103,12,7,12,14.0
6987414,12,3,21,181.0
4300735,8,5,16,36.0
6387697,11,7,22,16.0
3784608,7,4,16,38.0
6837366,12,1,11,13.0
1095890,2,7,12,23.0
1447148,3,6,15,6.0
6718050,12,7,11,46.0
2518157,5,7,19,98.0
4138139,7,3,21,67.0
2546040,5,1,18,27.0
1954137,4,1,16,30.0
1285104,3,1,19,61.0
6521413,12,6,8,304.0
192021,1,2,7,34.0
6081825,11,5,17,96.0
1338456,3,3,19,30.0
654770,2,7,9,226.0
4520358,8,4,15,3.0
5011166,9,5,13,18.0
3312625,6,7,20,32.0
6941655,12,1,20,58.0
5791612,10,1,18,17.0
4430335,8,6,11,33.0
6523924,12,7,18,25.0
5210596,9,3,19,3.0
3163269,6,6,16,48.0
5193525,9,6,6,26.0
3074378,6,4,19,5.0
398264,1,4,7,25.0
394015,1,2,13,10.0
713822,2,2,21,19.0
4291050,8,3,9,4.0
1521761,3,1,17,85.0
2961353,5,3,18,38.0
4566779,8,3,12,11.0
4454314,8,1,11,37.0
6221438,11,6,9,15.0
3207888,6,5,18,20.0
1940275,4,5,14,5.0
3950426,7,4,11,27.0
3122342,6,5,20,21.0
754283,2,1,10,46.0
1052949,2,5,14,9.0
151583,1,3,16,152.0
577364,1,4,11,13.0
1601911,3,5,20,28.0
2821549,5,5,12,26.0
1614660,3,3,19,34.0
163569,1,2,16,45.0
476402,1,4,12,47.0
1052239,2,3,14,133.0
1955715,4,3,16,55.0
6606122,12,1,15,20.0
3015625,6,7,17,25.0
6617106,12,3,9,9.0
3509530,6,4,14,4.0
2843691,5,5,17,123.0
1281659,3,7,18,55.0
4051743,7,1,9,17.0
5700721,10,7,19,19.0
6832755,12,2,19,2.0
4748158,8,4,15,68.0
2302198,4,1,17,14.0
3230684,6,1,16,100.0
1289408,3,1,17,14.0
1073335,2,2,14,16.0
662828,2,3,18,6.0
6591979,12,5,6,24.0
4560656,8,1,18,81.0
2824226,5,4,17,23.0
6078540,11,5,21,21.0
6840535,12,7,13,109.0
4408347,8,7,15,7.0
4568539,8,5,13,182.0
3322743,6,1,16,210.0
3499924,6,4,10,18.0
3934235,7,4,18,110.0
1812900,4,3,7,32.0
5132083,9,2,9,20.0
2540123,5,6,13,53.0
4797992,8,5,14,26.0
3163427,6,6,13,25.0
1155062,2,6,15,9.0
1135696,2,5,9,115.0
748161,2,5,17,15.0
177768,1,7,16,161.0
4561558,8,5,18,70.0
1638239,3,6,13,105.0
1445270,3,4,15,27.0
3771732,7,3,14,55.0
4272151,8,4,18,92.0
6203219,11,5,15,5.0
845060,2,2,10,46.0
3568635,6,7,19,10.0
3941090,7,2,20,257.0
331600,1,7,17,116.0
3163115,6,5,21,28.0
637354,2,2,13,21.0
4359472,8,5,19,17.0
2824897,5,4,12,62.0
1239082,3,6,19,19.0
4409059,8,1,9,37.0
4115081,7,4,14,32.0
6837188,12,5,11,43.0
4973281,9,1,12,30.0
1521085,3,7,10,41.0
1502468,3,6,16,141.0
517014,1,2,16,10.0
3012850,6,7,16,198.0
6744148,12,5,19,298.0
4717969,8,5,17,15.0
1684333,3,1,14,19.0
1585989,3,5,15,49.0
5132174,9,2,20,8.0
1517678,3,2,17,178.0
2238089,4,2,20,25.0
305461,1,4,14,7.0
610173,2,1,15,14.0
3148649,6,2,17,25.0
3432410,6,4,13,46.0
2128201,4,4,21,27.0
1668143,3,1,12,13.0
3443563,6,3,15,103.0
6903099,12,2,11,3.0
6592111,12,5,18,119.0
1338719,3,4,20,75.0
5525879,10,5,15,50.0
2453093,5,4,8,68.0
3671147,7,3,18,187.0
2210269,4,7,16,3.0
755235,2,3,11,38.0
5448224,10,3,6,126.0
1514248,3,5,19,94.0
2909922,5,1,18,37.0
2123557,4,5,17,19.0
2408268,5,5,6,55.0
307381,1,6,12,14.0
430212,1,6,18,6.0
5674456,10,5,14,9.0
1172310,2,2,15,6.0
3774823,7,5,21,41.0
4238006,8,1,19,101.0
1570570,3,2,6,16.0
994751,2,5,13,8.0
1129312,2,5,13,13.0
3188728,6,7,9,88.0
3052553,6,4,8,10.0
116158,1,3,17,3.0
3333548,6,7,20,57.0
6494843,12,5,14,6.0
1100072,2,5,20,5.0
893298,2,7,19,11.0
175910,1,6,9,36.0
6839545,12,6,11,5.0
2772022,5,3,7,62.0
3107093,6,4,19,36.0
6878850,12,2,14,79.0
4221068,7,4,19,10.0
6984664,12,7,7,34.0
1331474,3,6,9,25.0
6262198,11,5,10,25.0
6559605,12,6,16,12.0
4135416,7,7,18,3.0
4335035,8,7,13,103.0
4746855,8,5,17,2.0
2888137,5,2,8,38.0
4864296,9,2,6,77.0
2893154,5,2,13,46.0
516124,1,1,12,10.0
4765057,8,1,7,31.0
3155990,6,1,12,12.0
6325544,11,5,7,141.0
678732,2,1,9,73.0
1153486,2,6,14,11.0
440031,1,5,18,22.0
2893030,5,2,15,52.0
3308639,6,4,20,3.0
6657015,12,1,7,190.0
2128089,4,7,12,36.0
6840907,12,2,9,89.0
176159,1,6,11,45.0
2317278,4,5,19,208.0
772838,2,3,9,70.0
6904730,12,1,22,15.0
1299826,3,3,16,7.0
3145241,6,5,16,67.0
3325862,6,7,12,77.0
6943224,12,2,20,17.0
3920630,7,1,22,24.0
667233,2,4,8,30.0
3604806,7,3,19,64.0
6833279,12,5,20,7.0
2502025,5,3,14,8.0
307961,1,6,21,93.0
1966246,4,7,7,136.0
913310,2,1,9,101.0
60308,1,1,12,23.0
3447806,6,1,19,17.0
6906271,12,5,18,39.0
3916677,7,3,8,35.0
3071326,6,3,19,59.0
4242184,8,2,21,78.0
6608220,12,5,20,25.0
1250817,3,2,20,63.0
6664044,12,2,14,41.0
2868369,5,2,14,16.0
2271838,4,4,22,128.0
401973,1,2,12,42.0
1008474,2,7,12,66.0
244533,1,2,15,21.0
1485799,3,3,14,12.0
1368054,3,5,13,54.0
913459,2,4,20,122.0
341753,1,7,20,6.0
106454,1,1,20,6.0
648333,2,5,19,2.0
519563,1,4,9,8.0
1055169,2,7,17,8.0
497346,1,3,19,21.0
3346247,6,4,20,4.0
237174,1,2,11,11.0
3140145,6,6,18,23.0
3124013,6,2,16,44.0
4355740,8,3,15,14.0
1621954,3,1,18,8.0
1704672,3,1,19,55.0
3115997,6,2,15,23.0
6568106,12,2,21,64.0
1137813,2,5,6,61.0
3926629,7,6,21,16.0
1571344,3,1,11,15.0
3226208,6,7,17,16.0
1046611,2,4,6,7.0
1335457,3,5,19,25.0
6491677,12,4,9,42.0
509850,1,2,16,3.0
5204834,9,6,14,21.0
498162,1,4,15,1.0
2555129,5,4,17,44.0
875727,2,5,14,5.0
3768658,7,4,18,44.0
401220,1,6,12,24.0
4390693,8,4,10,61.0
726255,2,4,15,7.0
4057146,7,1,13,85.0
3739808,7,4,21,25.0
3939832,7,7,18,294.0
3864548,7,6,6,27.0
662750,2,3,17,10.0
3850327,7,7,7,29.0
6881345,12,5,9,108.0
1570239,3,1,17,43.0
3289073,6,5,18,2.0
479973,1,2,15,12.0
3777391,7,7,18,14.0
3937274,7,5,16,70.0
3776769,7,4,17,200.0
6031357,11,7,12,11.0
6874737,12,7,16,165.0
758511,2,2,21,28.0
3798376,7,6,6,48.0
4747305,8,4,17,84.0
4989209,9,7,17,60.0
1522159,3,5,12,20.0
4991620,9,5,14,79.0
3533344,6,6,10,25.0
6612866,12,2,10,30.0
6804738,12,3,7,23.0
2362608,4,5,15,3.0
6222804,11,7,18,15.0
4530880,8,5,17,59.0
2589810,5,4,11,71.0
2506614,5,5,17,6.0
5550908,10,1,9,68.0
2029483,4,6,17,23.0
6162839,11,7,14,107.0
3327064,6,5,15,44.0
929547,2,3,17,8.0
3741730,7,7,16,68.0
5141229,9,6,12,27.0
4714839,8,5,18,100.0
1185079,3,4,15,8.0
4178825,7,7,11,21.0
2759033,5,1,11,20.0
4147684,7,7,19,11.0
1522792,3,6,16,100.0
4505040,8,6,11,7.0
3120165,6,7,15,111.0
2898511,5,5,9,1.0
754055,2,1,18,40.0
3160224,6,1,18,18.0
3589616,6,7,17,44.0
4236111,8,7,20,8.0
4093663,7,3,18,165.0
175936,1,6,9,112.0
5446077,10,3,19,14.0
2910747,5,6,22,31.0
4720969,8,5,19,24.0
4052523,7,5,21,52.0
4473019,8,2,11,29.0
6965289,12,7,11,10.0
518393,1,4,11,14.0
2110672,4,6,20,11.0
6744231,12,5,10,220.0
721073,2,2,17,25.0
6840235,12,1,9,22.0
4103557,7,2,22,6.0
1565237,3,2,18,3.0
585697,1,4,11,7.0
2237130,4,4,19,106.0
671421,2,5,13,11.0
6781903,12,1,21,10.0
2628792,5,4,18,10.0
3575888,6,2,6,15.0
3320303,6,4,10,19.0
1810194,4,3,20,5.0
6490477,12,3,12,47.0
4380569,8,1,15,87.0
4045577,7,4,17,33.0
3222819,6,5,9,67.0
2788332,5,6,6,8.0
3578693,6,7,15,52.0
492232,1,7,18,10.0
4798759,8,2,10,9.0
982786,2,7,9,61.0
993146,2,1,9,9.0
3043706,6,2,15,45.0
2421825,5,2,13,16.0
3125017,6,4,21,135.0
2556419,5,6,20,30.0
4113261,7,4,14,47.0
4869157,9,3,13,56.0
3671540,7,3,20,7.0
2219708,4,5,12,10.0
4025298,7,4,15,22.0
6081586,11,5,10,43.0
2971787,5,1,20,10.0
1614332,3,6,14,1.0
3056787,6,6,17,94.0
920190,2,5,14,82.0
2192942,4,3,19,55.0
383700,1,4,9,54.0
6605396,12,6,13,55.0
2125296,4,6,15,30.0
862821,2,3,8,234.0
4661575,8,7,12,10.0
1236977,3,5,8,8.0
1749597,3,1,12,15.0
6657684,12,7,7,16.0
3759076,7,2,21,120.0
1636968,3,2,21,52.0
3483591,6,1,21,15.0
2974477,5,4,15,47.0
118002,1,6,15,37.0
1664513,3,5,17,87.0
3870029,7,7,17,7.0
4059840,7,4,13,73.0
3382826,6,2,13,21.0
3438878,6,4,19,86.0
4881411,9,7,8,61.0
6203971,11,5,20,66.0
6927621,12,1,7,46.0
3394271,6,6,19,113.0
3039652,6,1,18,106.0
6589410,12,1,8,72.0
748455,2,5,7,36.0
6760322,12,5,16,48.0
6539418,12,5,10,59.0
1092409,2,2,11,44.0
3022467,6,2,14,11.0
3860756,7,6,17,15.0
40552,1,2,7,136.0
120820,1,4,15,12.0
2708696,5,5,17,25.0
3159772,6,7,18,148.0
6979911,12,6,12,36.0
4733892,8,5,20,19.0
35450,1,1,7,14.0
6899268,12,7,10,24.0
6842754,12,7,18,12.0
329041,1,4,18,18.0
4116095,7,5,16,32.0
6562028,12,2,16,3.0
1587518,3,7,10,3.0
2427432,5,3,7,12.0
3671971,7,3,19,130.0
3779927,7,4,20,190.0
4597440,8,6,11,14.0
987587,2,5,20,45.0
6237206,11,6,17,29.0
2786979,5,6,9,10.0
500664,1,3,18,9.0
4559146,8,4,17,47.0
6909770,12,7,6,18.0
835368,2,5,8,8.0
6870086,12,3,16,9.0
3935221,7,4,18,31.0
2409056,5,5,14,222.0
4892036,9,3,17,4.0
6987373,12,3,21,49.0
4763475,8,3,18,33.0
3621011,7,2,17,7.0
1290367,3,2,19,12.0
985992,2,1,12,9.0
923748,2,2,12,93.0
6821892,12,6,8,302.0
3311954,6,7,19,37.0
6757848,12,3,15,9.0
3958869,7,6,14,79.0
6516845,12,5,21,10.0
3418554,6,1,6,110.0
3661253,7,7,20,11.0
2452860,5,4,18,6.0
4215828,7,7,11,100.0
3080061,6,5,17,76.0
3323077,6,7,10,12.0
3584913,6,3,19,16.0
3276926,6,3,16,1.0
4949825,9,1,6,343.0
2126209,4,1,21,116.0
1615137,3,7,9,25.0
3353601,6,7,18,17.0
5397027,10,2,15,13.0
2973248,5,1,15,10.0
829612,2,7,8,9.0
3944556,7,6,17,55.0
1787755,3,6,21,23.0
5136156,9,6,12,15.0
6573723,12,2,15,17.0
114853,1,3,14,14.0
5685863,10,5,16,23.0
1523212,3,2,12,16.0
3770281,7,5,16,83.0
1714057,3,4,15,385.0
1669368,3,7,17,46.0
5786614,10,4,13,43.0
1597652,3,4,16,12.0
6603176,12,1,21,59.0
3566841,6,6,15,29.0
6897502,12,7,9,6.0
4193052,7,4,20,21.0
3956574,7,4,21,23.0
1769241,3,1,14,30.0
801611,2,7,21,25.0
3888699,7,1,15,6.0
2718851,5,5,14,30.0
3803553,7,3,17,15.0
713685,2,1,19,9.0
158757,1,1,9,12.0
1507269,3,6,11,151.0
1089552,2,2,21,7.0
6742441,12,4,11,9.0
6673633,12,6,12,13.0
123402,1,3,14,6.0
4006781,7,2,15,5.0
6835301,12,7,19,53.0
3542955,6,2,17,23.0
1744682,3,2,21,9.0
6941176,12,3,19,15.0
162303,1,7,19,18.0
340986,1,3,16,52.0
2876720,5,3,11,25.0
469818,1,7,9,182.0
3059916,6,7,19,7.0
3545066,6,6,20,124.0
246592,1,4,13,19.0
1610391,3,1,8,14.0
391696,1,7,6,390.0
4764826,8,4,21,7.0
5831205,10,7,10,11.0
1099238,2,2,8,29.0
6921452,12,4,15,10.0
1570312,3,5,7,126.0
3671811,7,3,16,18.0
4760993,8,5,21,12.0
3002402,6,3,11,21.0
3163524,6,6,21,10.0
1758424,3,3,19,3.0
1728683,3,6,21,26.0
3433345,6,2,21,88.0
1779165,3,6,18,11.0
469333,1,7,7,175.0
6845213,12,1,7,38.0
6758420,12,5,12,22.0
5216204,9,4,17,40.0
6566926,12,4,14,10.0
4387491,8,6,17,295.0
2950613,5,2,14,117.0
1485322,3,3,14,13.0
6664534,12,2,18,174.0
413288,1,1,20,13.0
454033,1,2,16,30.0
4462118,8,3,19,32.0
6605219,12,5,11,16.0
758218,2,1,14,23.0
2822055,5,5,13,30.0
3155900,6,7,21,69.0
986895,2,5,19,21.0
6772627,12,4,11,10.0
2419096,5,1,21,25.0
1337620,3,2,19,15.0
412986,1,4,6,19.0
911646,2,2,17,50.0
3777421,7,5,17,60.0
1746511,3,2,20,79.0
1954458,4,1,9,30.0
3161356,6,3,12,25.0
162143,1,7,15,17.0
3383885,6,2,15,87.0
1510822,3,3,17,59.0
6204240,11,5,20,26.0
6612036,12,7,16,214.0
4417460,8,5,22,67.0
964781,2,2,6,55.0
4219060,7,3,21,7.0
3157916,6,4,16,21.0
3557550,6,1,11,13.0
760754,2,5,13,65.0
2132372,4,6,16,6.0
6810224,12,4,9,51.0
111879,1,2,13,70.0
6464661,11,5,17,9.0
2122941,4,6,11,30.0
2971311,5,5,17,13.0
4146819,7,4,16,11.0
6666801,12,5,9,7.0
7006114,12,3,21,39.0
3149684,6,3,19,135.0
1571898,3,7,11,3.0
6518578,12,5,17,68.0
411,1,4,20,12.0
4351281,8,4,21,31.0
6964287,12,6,18,6.0
2357971,4,6,17,81.0
3431091,6,3,10,33.0
6337927,11,5,6,22.0
3406567,6,7,11,2.0
2466906,5,2,12,58.0
4861908,9,1,16,2.0
1024583,2,2,13,54.0
1945078,4,6,10,10.0
2533961,5,4,18,24.0
827299,2,3,16,8.0
1338250,3,3,15,11.0
2825292,5,5,10,66.0
78409,1,7,12,4.0
4046089,7,5,21,57.0
754263,2,1,19,41.0
4475729,8,7,19,15.0
5301296,9,6,16,5.0
4302089,8,6,16,36.0
1100698,2,5,15,118.0
6898331,12,2,7,18.0
3940324,7,3,18,43.0
3485358,6,2,16,31.0
6875280,12,5,7,133.0
926251,2,5,9,33.0
481141,1,1,15,6.0
6782193,12,2,14,13.0
5463427,10,1,9,45.0
3034478,6,6,13,191.0
6609987,12,3,11,42.0
706270,2,2,8,10.0
5206419,9,4,13,8.0
1779050,3,6,8,19.0
2116584,4,5,13,100.0
92391,1,4,21,20.0
4802439,8,7,19,6.0
5375623,9,1,16,17.0
454104,1,3,11,66.0
3495162,6,3,16,49.0
6228311,11,1,19,88.0
404600,1,3,21,14.0
3476659,6,4,17,42.0
6904644,12,2,14,15.0
1057606,2,1,15,11.0
3506048,6,2,16,5.0
2788372,5,5,16,30.0
1380867,3,6,14,68.0
759349,2,3,11,75.0
1583957,3,3,13,28.0
6777932,12,7,18,36.0
3924084,7,4,12,7.0
4639038,8,4,17,37.0
2543144,5,3,22,15.0
912616,2,2,6,18.0
4010227,7,2,19,48.0
4215835,7,7,20,9.0
3685995,7,7,18,48.0
1538918,3,6,9,117.0
159428,1,2,13,18.0
6849074,12,2,20,6.0
193783,1,3,5,79.0
6835492,12,1,6,44.0
6884072,12,5,19,162.0
423509,1,1,16,23.0
2111217,4,6,12,50.0
3755091,7,4,15,47.0
4629948,8,4,11,20.0
923150,2,5,7,33.0
6772583,12,1,14,4.0
910384,2,4,20,25.0
4119273,7,2,15,13.0
3430005,6,3,10,19.0
2182597,4,4,17,1.0
4306787,8,1,16,124.0
404389,1,4,19,99.0
1583733,3,2,17,13.0
4624970,8,5,12,10.0
1004749,2,1,18,2.0
666205,2,4,15,17.0
4576509,8,4,11,110.0
2312661,4,5,10,367.0
4368173,8,4,23,139.0
3222810,6,5,17,9.0
6115533,11,7,6,1.0
4825992,8,6,21,7.0
2907890,5,6,21,77.0
2888831,5,2,18,23.0
78296,1,7,17,16.0
6980695,12,5,12,16.0
764230,2,4,13,35.0
6530348,12,2,19,20.0
3436063,6,7,14,1.0
6866183,12,2,13,153.0
4031579,7,1,19,72.0
620130,2,4,16,19.0
4248385,8,4,20,13.0
761921,2,1,10,26.0
6746439,12,7,13,31.0
114133,1,4,17,10.0
6585857,12,2,13,18.0
6909385,12,1,12,1.0
2792934,5,5,11,38.0
6948267,12,7,6,19.0
5230697,9,7,19,16.0
6603292,12,1,17,75.0
3726268,7,4,18,8.0
6540393,12,5,7,80.0
1756725,3,2,7,51.0
4048947,7,3,18,50.0
3076756,6,5,16,48.0
4838381,8,2,21,10.0
762,1,4,6,25.0
1153232,2,1,13,16.0
2047484,4,5,22,21.0
4426841,8,4,11,30.0
1579655,3,1,17,23.0
874418,2,5,10,6.0
2961506,5,3,20,7.0
402039,1,1,6,6.0
2917376,5,7,15,4.0
451458,1,7,9,47.0
2781114,5,2,16,5.0
6863149,12,7,17,88.0
2909721,5,2,10,5.0
982283,2,2,19,15.0
3437468,6,5,16,21.0
4019913,7,4,12,13.0
1848962,4,7,19,60.0
6979424,12,7,17,7.0
6761727,12,3,17,48.0
1974166,4,5,12,1.0
1572291,3,4,20,51.0
2109766,4,4,16,35.0
1198462,3,1,8,48.0
3138037,6,3,17,69.0
861882,2,2,17,90.0
6221406,11,6,18,1.0
1294255,3,7,16,23.0
163585,1,2,9,34.0
6718076,12,7,13,28.0
6071635,11,7,8,301.0
4123805,7,4,19,31.0
2241101,4,4,19,32.0
3506720,6,4,12,146.0
5840936,10,3,8,27.0
3774276,7,4,17,225.0
3115759,6,7,14,24.0
1515521,3,3,14,28.0
4664101,8,5,12,1.0
4047966,7,7,14,10.0
307783,1,6,19,127.0
6614983,12,7,7,40.0
1502743,3,2,21,40.0
3953353,7,3,15,13.0
4871684,9,4,20,1.0
1303219,3,1,21,4.0
6684823,12,6,21,41.0
4394940,8,5,17,71.0
3229459,6,5,22,13.0
3630054,7,4,20,234.0
3746450,7,6,18,37.0
2953306,5,1,15,6.0
3529262,6,4,19,39.0
5906016,10,6,8,34.0
6733268,12,1,6,49.0
2586562,5,2,18,68.0
6840477,12,1,11,17.0
1940587,4,5,13,65.0
1760747,3,2,14,2.0
3884268,7,4,21,97.0
6563768,12,7,16,5.0
927680,2,6,9,73.0
503257,1,2,13,25.0
1113727,2,2,8,14.0
6524509,12,7,10,143.0
1524020,3,2,12,268.0
983590,2,2,21,22.0
6607660,12,4,8,3.0
3081692,6,6,14,53.0
4809020,8,4,17,43.0
914134,2,4,21,8.0
4024319,7,6,19,53.0
893731,2,7,20,190.0
5536645,10,2,11,29.0
6386219,11,1,19,105.0
212094,1,1,6,117.0
6838578,12,5,9,10.0
5140321,9,5,12,32.0
3481014,6,6,20,1.0
6717409,12,7,14,40.0
366275,1,6,13,56.0
3223350,6,3,19,17.0
3771522,7,4,15,15.0
3318852,6,7,19,92.0
73131,1,5,20,18.0
3514356,6,2,10,81.0
351235,1,7,19,12.0
2126170,4,4,10,10.0
787000,2,5,11,40.0
5486823,10,3,18,178.0
85618,1,2,21,49.0
671290,2,5,7,109.0
1307723,3,1,18,10.0
2235806,4,4,19,41.0
4506597,8,7,15,7.0
4991437,9,4,16,19.0
6481113,12,1,21,1.0
6901823,12,2,13,36.0
201356,1,1,14,204.0
118905,1,1,17,7.0
4257567,8,7,15,59.0
6860465,12,1,12,40.0
5711963,10,1,16,11.0
1053872,2,5,11,22.0
3726231,7,7,17,68.0
1954497,4,1,9,14.0
6861834,12,2,12,122.0
92635,1,4,8,174.0
2230606,4,2,13,33.0
6078172,11,4,13,30.0
4983738,9,4,21,41.0
4580686,8,2,7,39.0
6982764,12,2,16,53.0
2371609,4,4,18,21.0
6840642,12,6,17,1.0
3118420,6,1,16,47.0
1100047,2,2,15,77.0
6518146,12,5,13,11.0
3141962,6,1,16,46.0
6919294,12,7,17,22.0
6825877,12,1,18,14.0
4580395,8,5,18,129.0
4058089,7,1,21,32.0
5325110,9,2,6,313.0
3851402,7,4,14,45.0
152899,1,5,9,30.0
4573959,8,4,20,74.0
6784965,12,7,17,2.0
6237999,11,7,12,7.0
6829377,12,2,18,12.0
3144273,6,4,19,223.0
4739921,8,1,19,15.0
5375382,9,1,18,94.0
985017,2,5,12,1.0
5008026,9,3,11,3.0
1836482,4,4,20,129.0
4985331,9,7,19,39.0
2372363,4,4,20,28.0
984520,2,1,20,9.0
2117596,4,7,13,9.0
3777002,7,4,16,96.0
1006800,2,4,11,124.0
3410331,6,7,13,156.0
329832,1,6,15,197.0
2215376,4,4,18,127.0
3327510,6,4,12,81.0
4823452,8,5,21,6.0
775310,2,4,18,38.0
718891,2,3,9,97.0
6715864,12,5,14,21.0
6977798,12,2,12,19.0
896476,2,2,7,19.0
764361,2,5,13,10.0
6947352,12,5,20,46.0
140934,1,4,12,211.0
5524887,10,3,18,25.0
1618394,3,6,15,10.0
4069270,7,6,10,36.0
445826,1,3,18,3.0
1149283,2,7,17,14.0
1071028,2,5,15,17.0
927066,2,5,16,23.0
5464133,10,1,10,19.0
5913745,10,2,19,97.0
4258809,8,7,18,18.0
3770864,7,7,20,115.0
2241937,4,6,10,40.0
3960537,7,3,20,3.0
5363614,9,5,17,5.0
2846154,5,6,8,18.0
570632,1,2,14,65.0
6561149,12,4,17,39.0
4050716,7,3,21,50.0
4569460,8,4,9,12.0
4703300,8,1,17,21.0
1387437,3,3,11,70.0
993216,2,5,10,2.0
6603202,12,1,9,26.0
980087,2,6,10,6.0
6941375,12,3,15,10.0
151704,1,3,11,64.0
2237679,4,2,9,68.0
639176,2,3,11,14.0
1057812,2,5,18,75.0
5593167,10,1,8,79.0
6514967,12,4,7,20.0
3162677,6,5,21,31.0
5741797,10,1,7,161.0
6739187,12,1,7,13.0
3849193,7,4,16,13.0
3389702,6,2,13,68.0
6221511,11,6,9,6.0
3038141,6,7,7,37.0
4697429,8,5,17,9.0
2556259,5,6,16,180.0
6905289,12,1,16,15.0
3430624,6,1,10,19.0
4360726,8,5,14,10.0
3220122,6,2,15,23.0
3475817,6,2,16,18.0
2425228,5,3,20,4.0
2545192,5,7,16,25.0
4109992,7,3,20,26.0
5532608,10,7,13,17.0
6918379,12,7,6,10.0
6840078,12,2,10,13.0
155580,1,3,19,105.0
404720,1,3,9,30.0
477963,1,3,8,6.0
918568,2,2,17,41.0
1582596,3,5,12,158.0
6828620,12,2,18,1.0
2708373,5,7,11,36.0
6914606,12,2,9,33.0
413427,1,3,18,29.0
607437,2,7,12,17.0
6910225,12,2,21,6.0
4817918,8,6,14,29.0
296973,1,2,20,10.0
780210,2,7,19,19.0
935929,2,1,20,18.0
3148248,6,1,19,25.0
6907059,12,6,22,15.0
3565434,6,3,19,17.0
994431,2,5,13,95.0
344631,1,4,16,28.0
4215610,7,7,22,60.0
6682124,12,5,19,54.0
6899424,12,1,11,31.0
408622,1,1,16,15.0
758594,2,2,21,75.0
3149364,6,3,21,40.0
3458295,6,7,21,40.0
6979563,12,6,7,189.0
995884,2,1,11,35.0
6981758,12,4,15,57.0
4119677,7,3,8,6.0
2506201,5,1,16,5.0
6980619,12,5,10,122.0
2555738,5,5,17,20.0
3506563,6,4,20,23.0
6884747,12,5,8,59.0
6845017,12,7,8,6.0
5232489,9,4,10,25.0
6225540,11,5,16,47.0
3583670,6,2,15,89.0
3959454,7,7,21,118.0
4590266,8,7,19,4.0
6740318,12,2,13,11.0
4548103,8,1,21,12.0
2224627,4,5,6,19.0
4078208,7,7,16,188.0
606733,2,7,21,111.0
4360560,8,3,15,20.0
6835973,12,6,16,8.0
5058482,9,2,10,310.0
1751131,3,3,11,48.0
1688284,3,5,16,6.0
3230420,6,2,13,15.0
1141980,2,5,13,194.0
3774546,7,4,19,35.0
1749014,3,4,14,15.0
749544,2,1,19,20.0
1289377,3,5,11,112.0
6927796,12,6,16,29.0
413377,1,3,11,22.0
5675267,10,5,15,9.0
1332609,3,1,15,46.0
1572482,3,2,13,18.0
453975,1,2,11,27.0
4731461,8,5,17,120.0
4224181,7,7,15,50.0
1054010,2,2,19,4.0
1507097,3,4,14,62.0
62971,1,2,13,33.0
5550893,10,7,9,1.0
6920587,12,1,12,5.0
1679794,3,1,9,58.0
3485135,6,3,15,45.0
519911,1,5,17,18.0
280947,1,7,7,40.0
3434380,6,3,21,20.0
3684795,7,7,12,45.0
1171812,2,2,16,5.0
3157266,6,3,11,10.0
1339079,3,4,17,76.0
6907146,12,7,11,31.0
1696378,3,6,17,7.0
1971129,4,3,17,30.0
1415156,3,5,20,175.0
704053,2,1,19,1.0
4635463,8,4,16,5.0
435124,1,4,16,8.0
6044713,11,2,20,22.0
6437738,11,6,7,56.0
3476657,6,2,17,12.0
2367129,4,5,21,7.0
4011489,7,2,19,49.0
3905680,7,7,12,213.0
2084095,4,2,16,10.0
4394532,8,4,19,30.0
3115500,6,7,20,18.0
5789251,10,7,13,78.0
1291879,3,7,14,107.0
4129985,7,3,11,8.0
4402331,8,4,21,37.0
4353908,8,4,15,7.0
177499,1,7,13,151.0
6941218,12,6,20,10.0
6611719,12,6,19,135.0
1416748,3,2,11,55.0
774383,2,4,8,62.0
6776363,12,4,16,2.0
5872487,10,1,8,9.0
3259375,6,3,18,43.0
1943576,4,4,11,35.0
3333569,6,7,20,173.0
1045273,2,2,19,27.0
2839855,5,5,12,81.0
487273,1,7,10,10.0
6365243,11,7,20,18.0
216677,1,4,9,47.0
6668778,12,2,19,68.0
2547983,5,5,19,35.0
4214153,7,6,18,3.0
269726,1,5,8,4.0
2540098,5,6,12,218.0
3955906,7,4,21,51.0
4071612,7,7,13,22.0
3385017,6,4,7,158.0
4064658,7,6,10,33.0
212223,1,1,17,78.0
2221535,4,4,19,31.0
886075,2,5,8,35.0
526703,1,2,13,19.0
1674319,3,1,10,8.0
4239866,8,2,6,50.0
4054962,7,4,15,42.0
6061533,11,5,6,150.0
1087438,2,1,21,17.0
4100700,7,3,19,8.0
2881153,5,1,13,4.0
760270,2,5,11,62.0
6088211,11,7,21,154.0
3777632,7,4,16,105.0
4564821,8,1,9,90.0
979764,2,3,6,9.0
1588639,3,6,8,3.0
2911539,5,2,15,50.0
3916693,7,3,19,33.0
929177,2,2,12,42.0
1400220,3,5,12,14.0
3580239,6,1,12,6.0
748114,2,5,19,25.0
1137128,2,2,11,11.0
1567393,3,7,9,144.0
66665,1,3,19,13.0
3900475,7,3,17,4.0
101884,1,7,17,18.0
6815623,12,6,18,6.0
4492843,8,1,17,9.0
2708935,5,5,20,100.0
4129830,7,4,12,18.0
4557653,8,1,17,120.0
2873203,5,2,9,55.0
5534777,10,5,21,83.0
6676060,12,6,9,55.0
6843643,12,7,7,22.0
993015,2,1,11,3.0
453805,1,2,21,100.0
5251163,9,5,13,31.0
407025,1,2,15,34.0
930245,2,5,18,77.0
3630276,7,4,18,21.0
6840849,12,1,18,25.0
3766387,7,1,10,40.0
1025255,2,4,17,28.0
4036948,7,2,20,34.0
201360,1,1,15,205.0
3438542,6,3,17,71.0
113253,1,3,19,3.0
2768979,5,4,9,140.0
1614645,3,7,19,73.0
5934369,10,4,19,37.0
1656776,3,1,8,123.0
1187805,3,4,14,18.0
3770524,7,1,16,41.0
916767,2,7,18,166.0
984998,2,7,12,42.0
3501897,6,4,14,66.0
6516644,12,5,7,38.0
822094,2,2,10,35.0
3485360,6,4,16,38.0
930575,2,2,11,38.0
1236898,3,5,20,11.0
6822640,12,4,12,31.0
927918,2,4,16,24.0
1720061,3,5,8,35.0
4178830,7,7,13,572.0
4841714,8,4,19,65.0
831935,2,7,19,50.0
892273,2,6,17,63.0
4660563,8,1,13,50.0
3461212,6,1,8,35.0
6611986,12,7,15,115.0
3548743,6,6,18,21.0
760284,2,5,15,45.0
755454,2,3,16,75.0
5686250,10,5,14,6.0
6914071,12,1,10,58.0
6299801,11,1,8,4.0
4513892,8,6,20,7.0
2047549,4,5,22,5.0
632960,2,1,19,43.0
6931115,12,2,8,36.0
6744591,12,5,19,12.0
2871854,5,7,9,42.0
1514836,3,6,10,35.0
4220136,7,4,21,30.0
3071426,6,3,16,32.0
2425255,5,3,19,3.0
3288500,6,5,14,20.0
6611842,12,6,15,299.0
3488002,6,4,15,41.0
6518205,12,5,15,452.0
2553984,5,2,12,10.0
634654,2,1,17,36.0
2810891,5,2,18,4.0
1284281,3,2,8,6.0
1320407,3,3,14,36.0
4719510,8,5,20,23.0
1525144,3,6,19,100.0
6820401,12,1,6,16.0
1998963,4,2,13,87.0
992000,2,1,8,10.0
3884219,7,4,23,30.0
593316,1,6,11,26.0
4047544,7,3,11,20.0
508500,1,5,16,14.0
4031694,7,4,13,9.0
305000,1,4,21,5.0
4856301,9,6,13,79.0
3157676,6,3,18,136.0
4205789,7,7,20,14.0
3164061,6,7,18,20.0
847687,2,7,21,49.0
5165836,9,1,7,17.0
3321021,6,1,20,98.0
6523912,12,7,17,68.0
4571330,8,6,17,90.0
3432949,6,3,19,34.0
6359390,11,2,16,9.0
4666948,8,5,13,16.0
324067,1,7,8,6.0
1593437,3,6,6,94.0
3778588,7,1,9,30.0
1329745,3,3,11,60.0
6291868,11,5,19,22.0
758844,2,3,20,56.0
1336691,3,7,20,33.0
4229247,7,4,17,18.0
820153,2,3,20,6.0
6844473,12,5,10,119.0
1507519,3,3,20,44.0
3614738,7,7,15,77.0
3794500,7,4,19,278.0
6078732,11,5,19,20.0
2559713,5,5,15,2.0
2719440,5,2,19,25.0
404561,1,5,20,8.0
5277908,9,7,22,6.0
2233435,4,5,14,24.0
3163187,6,6,16,30.0
1503924,3,2,17,117.0
6589155,12,7,20,38.0
157157,1,5,15,135.0
175959,1,6,11,58.0
4549510,8,2,7,75.0
1591190,3,3,9,4.0
2854955,5,5,12,166.0
2224834,4,4,6,52.0
3775638,7,2,16,37.0
1157063,2,1,18,13.0
163166,1,2,17,35.0
3674479,7,3,15,1.0
4394395,8,4,9,15.0
1614716,3,5,8,15.0
234892,1,1,20,7.0
6391308,11,5,9,20.0
1571217,3,7,11,6.0
6894707,12,7,11,111.0
6564069,12,7,22,190.0
6763662,12,3,20,10.0
4120584,7,2,18,25.0
6488189,12,3,21,119.0
6427572,11,7,13,53.0
4825896,8,6,21,28.0
4390453,8,4,15,66.0
1566736,3,1,16,51.0
3160031,6,1,10,19.0
2555331,5,4,16,17.0
844298,2,7,17,82.0
927493,2,5,9,55.0
2343779,4,5,21,5.0
1054855,2,2,16,39.0
1098233,2,2,9,46.0
4368514,8,4,21,98.0
6439363,11,4,12,29.0
3381301,6,4,17,34.0
668118,2,4,16,328.0
4993844,9,2,20,106.0
1030565,2,1,6,24.0
6517687,12,5,14,199.0
4250047,8,4,15,30.0
6910990,12,2,11,8.0
4132000,7,2,15,36.0
4114641,7,3,17,11.0
455958,1,6,9,19.0
1575163,3,1,13,22.0
1332715,3,1,13,21.0
6523913,12,7,14,59.0
2112700,4,6,17,7.0
3875787,7,4,6,418.0
398793,1,1,6,254.0
985852,2,4,11,5.0
3368261,6,5,10,39.0
4753807,8,5,17,18.0
2361028,4,1,11,59.0
5234942,9,4,8,31.0
609237,2,7,15,63.0
4191414,7,7,13,307.0
6518779,12,5,9,157.0
6426351,11,7,7,23.0
1331522,3,6,20,49.0
3938426,7,4,20,40.0
2551237,5,4,15,30.0
1271629,3,6,14,12.0
2590731,5,4,19,91.0
3381473,6,4,12,20.0
3593251,6,3,22,78.0
4194438,7,7,21,6.0
426651,1,2,21,24.0
681913,2,2,8,3.0
4061579,7,4,11,35.0
4348408,8,5,15,11.0
1674831,3,6,10,10.0
4742736,8,5,17,21.0
921587,2,3,15,51.0
303687,1,3,20,61.0
453607,1,2,18,67.0
4224106,7,7,14,106.0
6745859,12,6,12,27.0
1329735,3,3,15,55.0
6590982,12,3,10,45.0
2855955,5,5,21,31.0
4007877,7,3,18,62.0
4419332,8,7,18,41.0
4578855,8,6,9,8.0
526967,1,4,16,21.0
2123829,4,1,11,30.0
3640218,7,7,17,30.0
3761662,7,7,18,1.0
1511465,3,5,20,37.0
6882919,12,7,11,39.0
1684180,3,1,23,4.0
6820015,12,2,10,6.0
582250,1,3,17,4.0
4368424,8,4,16,15.0
6867410,12,3,18,3.0
2557773,5,4,10,33.0
3086318,6,7,16,52.0
6564641,12,6,10,16.0
304040,1,3,21,21.0
3151928,6,7,21,46.0
2291807,4,7,9,28.0
6640825,12,1,6,2.0
5980236,11,6,15,38.0
6573850,12,2,17,121.0
3596583,6,5,20,41.0
1306829,3,7,16,24.0
717291,2,1,17,10.0
6523849,12,7,14,6.0
1337576,3,2,19,30.0
926920,2,5,7,10.0
3267420,6,2,19,71.0
1943426,4,3,8,5.0
177807,1,7,11,95.0
6680338,12,6,15,53.0
759157,2,3,13,18.0
305742,1,4,11,8.0
4391965,8,7,17,408.0
1675748,3,4,19,20.0
6244493,11,2,17,2.0
6679979,12,1,16,17.0
5205419,9,7,7,73.0
6329160,11,7,13,150.0
272720,1,1,7,142.0
1944165,4,5,16,110.0
3957191,7,3,18,134.0
1115688,2,7,10,15.0
5913309,10,3,16,22.0
928345,2,5,16,170.0
3430405,6,5,21,28.0
6079022,11,6,11,30.0
2870776,5,4,14,1.0
5903815,10,2,10,19.0
2644049,5,4,16,42.0
6065605,11,4,21,31.0
1060161,2,1,16,40.0
3159715,6,7,16,230.0
988055,2,5,15,37.0
500347,1,7,21,35.0
4797148,8,7,19,2.0
4119945,7,4,15,80.0
5480854,10,4,18,25.0
4121146,7,4,14,4.0
900336,2,5,14,3.0
4883326,9,7,9,4.0
1690886,3,4,14,11.0
3714242,7,5,15,5.0
1702189,3,2,19,36.0
4088243,7,3,11,45.0
2453145,5,4,8,55.0
6900216,12,2,16,19.0
1566261,3,5,15,30.0
6836541,12,2,19,4.0
4506583,8,7,15,10.0
1572198,3,1,19,31.0
817071,2,3,13,10.0
3210467,6,6,17,80.0
1543150,3,5,22,32.0
4237981,8,1,19,88.0
1067173,2,6,13,16.0
6645656,12,1,6,40.0
643039,2,4,7,12.0
5491898,10,3,20,27.0
2864350,5,5,14,32.0
3017645,6,1,17,10.0
502159,1,4,14,2.0
3686610,7,7,12,173.0
3308597,6,4,18,2.0
3743159,7,2,15,189.0
1642713,3,5,19,91.0
6717276,12,6,15,17.0
753258,2,7,11,30.0
3019572,6,2,21,103.0
832025,2,7,19,127.0
1810174,4,3,17,6.0
3951036,7,6,18,27.0
3383673,6,7,6,15.0
1189254,3,5,19,141.0
1331511,3,6,9,35.0
4197513,7,4,18,6.0
1628617,3,5,19,150.0
1285341,3,1,20,20.0
1187791,3,4,14,13.0
1680884,3,3,7,14.0
5674871,10,5,20,12.0
814944,2,2,18,84.0
1570979,3,1,8,9.0
4474003,8,1,10,155.0
2069295,4,1,17,4.0
3519570,6,4,16,2.0
3084965,6,7,16,14.0
4674707,8,7,18,57.0
2832489,5,6,15,83.0
426078,1,4,11,14.0
6908364,12,1,19,14.0
5532438,10,7,14,5.0
6964512,12,6,17,29.0
296902,1,2,14,48.0
5493685,10,1,14,20.0
6757467,12,3,15,4.0
6860318,12,7,7,20.0
3740386,7,5,20,39.0
2404780,5,4,6,11.0
3886534,7,6,7,39.0
2790226,5,5,13,14.0
336856,1,1,7,35.0
3259380,6,3,18,27.0
6323273,11,7,13,16.0
6604886,12,5,13,10.0
5910040,10,1,17,29.0
2868105,5,5,15,30.0
908154,2,4,8,12.0
3330379,6,3,18,80.0
4735981,8,5,16,20.0
386422,1,2,12,75.0
2821750,5,2,8,26.0
4807585,8,4,7,24.0
6980954,12,5,15,46.0
3115252,6,4,19,6.0
4820636,8,6,14,14.0
445805,1,5,16,25.0
706205,2,3,19,10.0
1706499,3,1,16,3.0
3441115,6,7,21,19.0
1335310,3,5,16,22.0
6834668,12,3,10,17.0
6610098,12,3,13,50.0
2623637,5,5,10,65.0
3184607,6,5,18,34.0
6822694,12,4,6,653.0
3946197,7,2,21,75.0
2111660,4,5,13,32.0
3149016,6,2,12,26.0
2229312,4,1,13,51.0
3953362,7,1,17,17.0
6957343,12,6,8,25.0
6573950,12,2,19,7.0
3508103,6,4,18,5.0
298819,1,3,6,19.0
6513778,12,4,6,33.0
3484155,6,7,14,21.0
6538871,12,5,14,63.0
4119555,7,3,10,4.0
3455575,6,5,8,94.0
848028,2,5,20,2.0
6933371,12,6,13,16.0
6563670,12,7,15,61.0
3923120,7,3,16,48.0
6848220,12,6,11,11.0
2187429,4,6,7,91.0
1107199,2,1,16,4.0
3113150,6,4,13,281.0
4196511,7,3,21,6.0
5862147,10,6,18,9.0
1793225,4,5,6,27.0
1769344,3,4,18,17.0
3243820,6,3,17,15.0
6534105,12,3,15,11.0
4020354,7,6,9,8.0
3779917,7,1,12,50.0
2176175,4,7,16,19.0
1507147,3,3,21,82.0
4488519,8,3,17,30.0
800390,2,6,16,86.0
6244162,11,4,10,34.0
899567,2,5,21,10.0
4336224,8,4,20,31.0
388483,1,6,9,28.0
3933875,7,4,16,61.0
2821699,5,3,19,35.0
2597073,5,1,19,92.0
2968554,5,3,14,7.0
4957747,9,1,6,440.0
6660906,12,1,12,36.0
3884024,7,4,15,10.0
4397480,8,2,19,124.0
4653005,8,5,6,42.0
526481,1,4,10,20.0
4578994,8,1,9,60.0
4119920,7,3,19,42.0
189504,1,7,8,64.0
3512109,6,4,14,19.0
6983510,12,1,21,8.0
6353777,11,7,13,45.0
6886322,12,5,8,58.0
2852506,5,4,15,16.0
3557881,6,2,12,3.0
3827244,7,3,18,13.0
3149031,6,2,18,42.0
6111262,11,4,9,48.0
4776444,8,7,7,141.0
637976,2,2,9,24.0
6901816,12,2,13,44.0
6564848,12,6,6,6.0
853515,2,2,18,11.0
6513884,12,4,8,54.0
520324,1,1,20,14.0
77468,1,7,21,52.0
3505811,6,5,19,58.0
1589977,3,7,11,4.0
3159026,6,5,18,59.0
445963,1,5,18,20.0
325332,1,1,17,59.0
2828994,5,6,18,48.0
1337356,3,1,20,25.0
4005073,7,2,19,43.0
1083877,2,7,10,101.0
4217692,7,2,22,6.0
4358070,8,4,17,40.0
3105314,6,7,16,10.0
3435200,6,5,15,52.0
2810107,5,5,9,9.0
6095045,11,7,21,9.0
1510170,3,6,15,163.0
1043280,2,1,7,79.0
6823855,12,2,8,60.0
6956034,12,3,8,47.0
2835097,5,2,13,29.0
6732412,12,1,9,59.0
1345322,3,1,13,20.0
3625935,7,3,20,10.0
3163002,6,5,19,70.0
4806120,8,4,18,12.0
1085049,2,3,12,1.0
608793,2,7,10,63.0
4198209,7,1,14,17.0
1572055,3,2,13,30.0
3674423,7,3,16,23.0
5597,1,5,9,117.0
4675784,8,1,10,42.0
2234608,4,2,14,20.0
3575739,6,7,15,8.0
4147429,7,3,20,59.0
710664,2,3,15,155.0
2542102,5,1,18,15.0
6761411,12,3,12,15.0
4567693,8,4,14,109.0
6621640,12,1,21,9.0
4609323,8,1,19,117.0
4987559,9,4,21,95.0
6523952,12,7,10,60.0
6620669,12,3,9,53.0
1764548,3,2,14,5.0
1846591,4,7,16,2.0
5912859,10,4,18,8.0
6508608,12,2,12,249.0
1343851,3,5,19,60.0
2856967,5,5,14,32.0
1687756,3,5,11,12.0
1706958,3,4,11,13.0
677123,2,7,8,208.0
4063400,7,4,13,26.0
1628664,3,4,14,13.0
3457238,6,4,17,79.0
2557853,5,4,16,22.0
4730230,8,5,18,25.0
1626880,3,4,15,77.0
4390267,8,4,21,140.0
148636,1,1,16,23.0
928417,2,2,10,105.0
4981104,9,5,15,30.0
6845455,12,2,17,8.0
4247844,8,4,17,22.0
4010142,7,2,20,82.0
449764,1,5,19,84.0
6917474,12,5,15,33.0
2372859,4,5,21,30.0
4390721,8,5,18,69.0
5822424,10,2,16,81.0
4984112,9,4,18,49.0
6227215,11,5,18,398.0
2806756,5,6,16,39.0
1637148,3,6,18,28.0
5486849,10,3,19,15.0
2494170,5,3,13,4.0
2297046,4,5,19,28.0
340933,1,4,14,125.0
987887,2,2,7,6.0
825863,2,1,18,10.0
6935051,12,3,6,35.0
3775830,7,7,21,226.0
6603373,12,1,20,65.0
13587,1,1,19,15.0
3322294,6,2,15,42.0
1684126,3,6,12,14.0
6733002,12,1,8,8.0
1124290,2,3,13,79.0
6983623,12,1,11,3.0
6901507,12,4,15,10.0
2848188,5,5,15,150.0
2839841,5,5,12,28.0
2967677,5,1,11,63.0
3517340,6,6,21,149.0
4401502,8,2,21,16.0
5423850,10,3,18,11.0
2913878,5,2,18,212.0
3154211,6,4,12,20.0
941149,2,1,9,22.0
6836480,12,1,9,47.0
825890,2,6,20,9.0
3780502,7,7,11,75.0
3407441,6,3,11,5.0
6857306,12,3,15,62.0
6912898,12,6,18,18.0
4506554,8,7,11,147.0
4342371,8,6,14,30.0
1480238,3,7,21,129.0
